# Black Hole
# 1:iter 2:time 3:x 4:y 5:z 6:vx 7:vy 8:vz
0 0 0.004668807470606558575 -8.883320635615536091e-20 -8.880896365713808395e-20 0.8566398586566824624 -1.629925110770746425e-17 -1.629480302061234133e-17
1 0.005450140363451949979 0.009311661092083272154 -2.627778766098137029e-19 -2.627810185190984993e-19 0.8472991738544729534 -3.174409262453476119e-17 -3.174909018807700178e-17
2 0.01092973218266236543 0.01392842366615748562 -5.207111176104700884e-19 -5.207414804633431591e-19 0.8380083104508415648 -4.681856518112453612e-17 -4.682350617095870046e-17
3 0.01643894076269474328 0.0185189571162287514 -8.584507808953843919e-19 -8.588248109028063902e-19 0.82876729089526191 -6.09749583164830449e-17 -6.103700341423540622e-17
4 0.0219779304169708152 0.02308312001374884098 -1.258375402305151688e-18 -1.260678815219762063e-18 0.8195756882486278094 -7.181349662554180832e-17 -7.21599512459308405e-17
5 0.02754686439459204383 0.02762076620631793988 -1.701693259737483682e-18 -1.706441619702268933e-18 0.8104328347466017712 -7.917747057517061348e-17 -7.961414308875782631e-17
6 0.03314590480611225021 0.03213174872447114444 -2.173308166831660138e-18 -2.181943328183824813e-18 0.8013387658257969948 -8.377849084429990817e-17 -8.446894899044397749e-17
7 0.03877521254776947895 0.03661592174968941737 -2.664076598526234e-18 -2.672606539917139341e-18 0.7922938585618938268 -8.67122682869125853e-17 -8.669367731626203144e-17
8 0.04443494722419064069 0.04107314231739904453 -3.187419864175114888e-18 -3.1801414360333048e-18 0.7832987756068015006 -9.197079951003656644e-17 -8.919268334746152233e-17
9 0.05012526706958645578 0.04550327060449467498 -3.771288373901070735e-18 -3.725876404488203929e-18 0.7743542096930752239 -1.020559697403084313e-16 -9.53905040246177317e-17
10 0.05584632886745743985 0.04990617011365149069 -4.438375612590942907e-18 -4.340390691959423237e-18 0.7654608643947623525 -1.159756595153482708e-16 -1.068356515274484651e-16
11 0.06159828786883383978 0.05428170755896622596 -5.189133739559669049e-18 -5.047739380440705441e-18 0.7566194016942056066 -1.298213469644482097e-16 -1.223149723106510004e-16
12 0.06738129770907469451 0.05862975558677703536 -5.975915990502986573e-18 -5.847147067741695789e-18 0.7478309302290617744 -1.353205159757395923e-16 -1.374919942472573156e-16
13 0.07319551032325340156 0.06295019263088882933 -6.744633041162237782e-18 -6.713448522591244772e-18 0.7390965026111043779 -1.315043079759950025e-16 -1.481980570365752567e-16
14 0.0790410758601601815 0.06724290330452668829 -7.461119568586927492e-18 -7.624377867160770118e-18 0.7304172076562075455 -1.21912266740617672e-16 -1.549972776685445217e-16
15 0.0849181425949547819 0.07150777990715340149 -8.11364443237765871e-18 -8.529421862806283626e-18 0.7217943575181664517 -1.104343240632991775e-16 -1.531710551626022673e-16
16 0.09082685684050686992 0.07574472382278406302 -8.722241443149856262e-18 -9.383028854082025394e-18 0.713229462866579289 -1.024486818184965153e-16 -1.43692639791795243e-16
17 0.09676736285746490029 0.07995364381844592694 -9.352327446656122775e-18 -1.016515213310161393e-17 0.7047237079257754333 -1.054989273164466951e-16 -1.309554037173083234e-16
18 0.1027398027630983257 0.08413445569383397327 -1.008705599730441217e-17 -1.090328333339901168e-17 0.6962781835594388236 -1.223627075081361004e-16 -1.229293894798644824e-16
19 0.1087443164389618327 0.08828708200700730035 -1.096168218360119916e-17 -1.164461646668428783e-17 0.687893901780282202 -1.448842189296681289e-16 -1.228038602840029804e-16
20 0.1147810414374336174 0.09241144982951940423 -1.19405098328976439e-17 -1.243624418927101818e-17 0.6795714726149537643 -1.612812861738075686e-16 -1.304363820958666233e-16
21 0.1208501128871838082 0.09650749026088996374 -1.299034564900350623e-17 -1.330966674509770383e-17 0.6713114026273030444 -1.720604974601256337e-16 -1.431476399860982985e-16
22 0.1269516633976323638 0.1005751405148673366 -1.408002323252898083e-17 -1.426736675457383605e-17 0.6631145165021172794 -1.776408931018950532e-16 -1.56125708722589271e-16
23 0.1330858229624597988 0.1046143461246692996 -1.516473778006626432e-17 -1.525902283245398775e-17 0.654981967499638551 -1.758931178936151799e-16 -1.608031161861951559e-16
24 0.1392527188622376677 0.1086250597092620895 -1.620884443341593975e-17 -1.620211504482896984e-17 0.6469146736027550082 -1.684109075883430966e-16 -1.52117616448496366e-16
25 0.1454524755662502666 0.1126072389419077308 -1.718820724828622345e-17 -1.701349163633741579e-17 0.6389131952463189545 -1.571320095852357546e-16 -1.30179778544101306e-16
26 0.1516852146335822549 0.1165608459584440149 -1.808314970740964363e-17 -1.765273093864480269e-17 0.6309779740904477574 -1.42828808585010938e-16 -1.020197298926976393e-16
27 0.1579510546135520777 0.1204858465417827651 -1.88719940039019056e-17 -1.812032086813538344e-17 0.6231093002590550878 -1.252321387383134942e-16 -7.423174279510942035e-17
28 0.164250110945574318 0.1243822082080857788 -1.950509118662455534e-17 -1.847003104991016003e-17 0.6153071425468721323 -9.997768477821108817e-17 -5.522566719827993536e-17
29 0.1705824958585386575 0.1282498999369167947 -1.989590547043334094e-17 -1.884360224770194773e-17 0.6075714148089857991 -6.139258348106048103e-17 -5.868388617488021682e-17
30 0.1769483182697970391 0.1320888949415628955 -1.993991171228559373e-17 -1.936828048410909646e-17 0.5999024522358160638 -6.876657137844248768e-18 -8.198910399062302804e-17
31 0.1833476836838544566 0.1358991720734817332 -1.959616020313009155e-17 -2.009790653557747185e-17 0.5923007877879098437 5.34355593115488087e-17 -1.134190690370252132e-16
32 0.1897806940908627338 0.1396807151436047223 -1.895925079133857274e-17 -2.099326048401855846e-17 0.5847668246214263732 9.848981947274566623e-17 -1.384549311308309355e-16
33 0.196247447865020741 0.1434335112936206136 -1.825249234427363298e-17 -2.192263186880713491e-17 0.5773006930214368282 1.087221700778009368e-16 -1.429671964757439332e-16
34 0.2027480396629878778 0.1471575510309147961 -1.782210492799637803e-17 -2.268993393489222808e-17 0.5699025118112471811 6.586365530207138889e-17 -1.174228541120720901e-16
35 0.2092825603224223452 0.1508528283505085887 -1.79703008735829246e-17 -2.316370682726297727e-17 0.5625724016733538724 -2.256148640991358775e-17 -7.21276188110401689e-17
36 0.2158510967607586428 0.1545193381738108884 -1.880687555972843711e-17 -2.336000289651152165e-17 0.5553100785107160098 -1.267031528706306101e-16 -2.972995870159076114e-17
37 0.2224537318743433079 0.1581562870362117068 -2.013944628898615945e-17 -2.335646450931523328e-17 0.5481166813492789336 -2.008288467662910841e-16 5.33262666244384518e-19
38 0.2290890870571994087 0.1617451503213668818 -2.151289445080236853e-17 -2.323168580336082097e-17 0.5410287144127843284 -2.07050209010092414e-16 1.881065326390320477e-17
39 0.2357224933617990126 0.1652866592771887744 -2.248893305226139234e-17 -2.305024326246252792e-17 0.5340447702241905015 -1.471825476508373958e-16 2.736077792592648639e-17
40 0.2423539766255246031 0.1687815352380253597 -2.279708849678909311e-17 -2.283203769747141746e-17 0.5271635647301778915 -4.648185642312437964e-17 3.291390732423593586e-17
41 0.2489835621937635801 0.1722304895860608809 -2.24076972920286971e-17 -2.251151483726408693e-17 0.5203838012924126843 5.87519737506715748e-17 4.836100671811191221e-17
42 0.2556112749309198406 0.1756342235695879661 -2.147451704477957546e-17 -2.200268407507513675e-17 0.5137041492718699143 1.408390218949104701e-16 7.679462469119583012e-17
43 0.2622371392311237392 0.1789934286963560106 -2.019541206193091197e-17 -2.125492798426581589e-17 0.5071233309954816804 1.931004374892772525e-16 1.128852050509409116e-16
44 0.2688611790286498104 0.1823087851519218372 -1.884199577565212549e-17 -2.026314350953201971e-17 0.5006398237825547826 2.043744315726713227e-16 1.497657375053686366e-16
45 0.2754834178080518559 0.1855809588343072802 -1.762862374372067402e-17 -1.914924330410318763e-17 0.4942516507965089567 1.832760690671033583e-16 1.682511592582752208e-16
46 0.2821038786140242505 0.1888106019474997121 -1.667698379768872304e-17 -1.813634735254151456e-17 0.4879569183228841811 1.437803742221216881e-16 1.530353570915777834e-16
47 0.2887225840609984884 0.1919983542537687382 -1.60712061858642403e-17 -1.745589026037020236e-17 0.4817539156373839559 9.154906293314720331e-17 1.028351129829260553e-16
48 0.2953395563424826564 0.1951448447933665231 -1.590386302546650553e-17 -1.725998292632317369e-17 0.4756411860802194358 2.529653221336745914e-17 2.961445316783119187e-17
49 0.301954817240152551 0.1982506931753383606 -1.622549824130404434e-17 -1.751171871167666758e-17 0.4696174627039765848 -4.863261028923002005e-17 -3.806351960891493737e-17
50 0.3085683881327017652 0.2013165133411484731 -1.699422902873841671e-17 -1.804750115368879969e-17 0.4636820426670353879 -1.162646999826300537e-16 -8.103302989126016277e-17
51 0.3151802900044584077 0.2043429124815897557 -1.803143423125152348e-17 -1.864922829592605344e-17 0.4578340548733187965 -1.569085376930937108e-16 -9.102936019789082544e-17
52 0.3217905434537757237 0.2073304913427884422 -1.903815238068864631e-17 -1.918474049994585089e-17 0.452072670085429007 -1.523339744266700211e-16 -8.103231518964140687e-17
53 0.3283991687012036143 0.210279842883881074 -1.972898504190681189e-17 -1.969963812657343431e-17 0.4463968516213698279 -1.045604502102710566e-16 -7.793193731959077729e-17
54 0.3350061855974478808 0.2131915486496486489 -1.995105952195799475e-17 -2.032322031049821233e-17 0.440805009292820571 -3.361999841933015918e-17 -9.440450804181382128e-17
55 0.3416116136311238005 0.216066176368884838 -1.975954680211398969e-17 -2.111688461729586777e-17 0.4352951844800334591 2.90001255317051234e-17 -1.201819103499426061e-16
56 0.3482154719363103612 0.2189042821177235865 -1.941990289586713676e-17 -2.199112809460819798e-17 0.4298657412536452949 5.144321334073848599e-17 -1.32414840625581718e-16
57 0.3548177792999113178 0.2217064116553972286 -1.930046103845517767e-17 -2.268889273053163042e-17 0.4245152415163609971 1.809512667586964426e-17 -1.057095037749502767e-16
58 0.3614185541688288428 0.224473101242759876 -1.964743182784619951e-17 -2.293717258695553389e-17 0.4192423669804420383 -5.257722285933389839e-17 -3.762237554808041565e-17
59 0.3680178146569553221 0.2272048787531882885 -2.047779111889411457e-17 -2.26020686847841513e-17 0.4140459637369937607 -1.258546538279335549e-16 5.079052653333348206e-17
60 0.3746155785519891257 0.2299022675966737594 -2.155180250026117066e-17 -2.178494515158525889e-17 0.4089254690331856068 -1.628206511394161295e-16 1.238763276115735518e-16
61 0.3812118633220790698 0.232565789133307943 -2.247749828308376064e-17 -2.080683754389647504e-17 0.4038806829720623104 -1.403670440987667371e-16 1.483144638329885843e-16
62 0.3878066861223030126 0.235195961431545586 -2.288630803741155628e-17 -2.008190957709477402e-17 0.3989112146178842577 -6.20030846480324098e-17 1.099478904637182034e-16
63 0.3944000638009854676 0.2377932979015775772 -2.260543932241301649e-17 -1.991749551978159973e-17 0.3940164629171585831 4.26078403413208956e-17 2.494164543710355455e-17
64 0.4009920129058584526 0.2403583043768237615 -2.173415431779869582e-17 -2.034829865589354862e-17 0.3891953810789077206 1.322024340568824861e-16 -6.536692688582275384e-17
65 0.4075825496900710165 0.2428914754600209058 -2.057577673550048978e-17 -2.116551588025950448e-17 0.3844463645728738443 1.758010160747614834e-16 -1.240248607990986477e-16
66 0.4141716901180512167 0.2453932917285046866 -1.948167881923067117e-17 -2.204926094765618003e-17 0.3797673810552225637 1.660804214577988326e-16 -1.341495592596438848e-16
67 0.4207594498712249331 0.2478642223688649893 -1.873194264581208495e-17 -2.275413331571244397e-17 0.375156794354464973 1.138310460184694493e-16 -1.070194580574986618e-16
68 0.4273458443535961271 0.2503047291237150418 -1.845318986322286356e-17 -2.319924599030707313e-17 0.370613564238719384 4.233119293423185945e-17 -6.759448401095771293e-17
69 0.4339308886971918744 0.2527152680941817109 -1.86392288597890166e-17 -2.346760522919532894e-17 0.3661369214176153908 -2.825747532020480511e-17 -4.076110229468681514e-17
70 0.4405145977673765589 0.2550962879078156886 -1.92326549906328435e-17 -2.371660969616409052e-17 0.3617258157228133153 -9.015361821920353579e-17 -3.782889307226323592e-17
71 0.4470969861680389457 0.2574482313044274551 -2.017061681824271782e-17 -2.405520553216931101e-17 0.3573794352533404273 -1.425239522019583659e-16 -5.144987282644730837e-17
72 0.4536780682466552417 0.2597715374420518919 -2.135151607351841348e-17 -2.447251048621600388e-17 0.3530973161269659877 -1.794737038316132411e-16 -6.342223131689219577e-17
73 0.4602578580992324753 0.2620666458274584776 -2.262203093347828165e-17 -2.48758083390324372e-17 0.3488795898302780585 -1.9313105473994949e-16 -6.130533545373490138e-17
74 0.4668363695751347464 0.2643339953415155819 -2.375195671572313428e-17 -2.512350778306236317e-17 0.3447262380717253105 -1.717931275256003171e-16 -3.766005063776159549e-17
75 0.4734136162817963456 0.2665740216799660778 -2.44915745273944376e-17 -2.506774487993316915e-17 0.3406368517152354447 -1.124723752197036763e-16 8.479766259163738038e-18
76 0.4799896115893244053 0.2687871543035578181 -2.465026859191584753e-17 -2.46352358660053599e-17 0.3366105558302445178 -2.413687128194729393e-17 6.578326939284557101e-17
77 0.4865643686349942487 0.270973813087751203 -2.418923018371911496e-17 -2.380982740196908951e-17 0.33264596360574894 7.013557243703036174e-17 1.255654498417641837e-16
78 0.4931379003276408768 0.2731344060826800813 -2.324088807094927525e-17 -2.264507764207971385e-17 0.3287413448644053715 1.442933779176533413e-16 1.772205146435406318e-16
79 0.499710219351948759 0.2752693284807696816 -2.20174853536009517e-17 -2.124334504723166584e-17 0.3248948095971296302 1.861787544452048019e-16 2.133171889136413028e-16
80 0.5062813381726430917 0.2773789658509762113 -2.072162867856668539e-17 -1.971999598531967012e-17 0.3211049573051933947 1.972405344098507198e-16 2.318668328473296755e-16
81 0.5128512690385855777 0.2794636989782748326 -1.948206746897093149e-17 -1.82176798423510772e-17 0.3173711218855638783 1.88705655694643162e-16 2.287063765991752621e-16
82 0.5194200239867762248 0.2815239070565645485 -1.835145063539061333e-17 -1.688932684109074593e-17 0.3136931216281652612 1.72150923796779726e-16 2.022587931678323638e-16
83 0.5259876148462652168 0.283559967238105004 -1.736285743824399651e-17 -1.588051329054803413e-17 0.3100707048238614538 1.505524208972089873e-16 1.536317695756801702e-16
84 0.5325540532419758 0.2855722498285783173 -1.657336699049797076e-17 -1.531544029023224068e-17 0.3065028864978168732 1.202520472234943503e-16 8.606967356311302966e-17
85 0.5391193505984417378 0.2875611192483668033 -1.605091691567155889e-17 -1.526331165070721756e-17 0.3029888262522538733 7.95912156786506822e-17 7.941393812316690769e-18
86 0.5456835181434608328 0.2895269360615759235 -1.580495232358068592e-17 -1.571101479167665325e-17 0.2995279911269653206 3.747718488431954714e-17 -6.821572668151868151e-17
87 0.5522465669116670695 0.2914700599983043872 -1.578688968488060496e-17 -1.654288389621259375e-17 0.2961203072667921155 2.752636628480882185e-18 -1.267718081100225457e-16
88 0.5588085077480238194 0.2933908527489682005 -1.589571524013777802e-17 -1.755902784126512413e-17 0.2927661255990014477 -1.658712850087108355e-17 -1.548800752924029801e-16
89 0.5653693513112395541 0.295289675101732263 -1.602381913648623725e-17 -1.854112882184700928e-17 0.2894653598505010361 -1.952875707449904845e-17 -1.497160665608570625e-16
90 0.5719291080771086166 0.2971668836171876826 -1.612720898954934504e-17 -1.931466060252653795e-17 0.2862174156540920333 -1.576381968488969505e-17 -1.179401570840881458e-16
91 0.5784877883417789413 0.2990228272408788635 -1.62369873897196674e-17 -1.980514971944918384e-17 0.2830211806850295719 -1.674060140260360588e-17 -7.479688887775318437e-17
92 0.5850454022249484964 0.3008578446330338885 -1.643666921098383762e-17 -2.004976878258090337e-17 0.279875133665225817 -3.045528432359611449e-17 -3.730907035744784344e-17
93 0.5916019596729924501 0.3026722637826002593 -1.685891714142113277e-17 -2.014933019807794308e-17 0.2767776925335241889 -6.441114110343298368e-17 -1.518743827920231336e-17
94 0.5981574704620226113 0.3044664029412156858 -1.757101936056747189e-17 -2.017343783418404543e-17 0.2737274158226853382 -1.086436909380836608e-16 -3.67804297745180135e-18
95 0.6047119442008812573 0.3062405719471577581 -1.848606037528015779e-17 -2.012473842013583844e-17 0.2707230623224232691 -1.396274564734011952e-16 7.431115333591133862e-18
96 0.6112653903340706796 0.3079950767269739043 -1.940937763720301074e-17 -1.994191327042188346e-17 0.2677640762392365925 -1.409122372071418453e-16 2.790189453435825874e-17
97 0.6178178181446203343 0.3097302227175684486 -2.011292450638622178e-17 -1.957179095072895492e-17 0.2648504229822948863 -1.073884773391301926e-16 5.64949885814925521e-17
98 0.6243692367568931534 0.3114463160742020342 -2.045084557723993884e-17 -1.899592191524660629e-17 0.2619822515817205599 -5.158770800956207355e-17 8.791332123551363074e-17
99 0.630919655139331903 0.3131436633187714702 -2.040192576292959065e-17 -1.827999900049592571e-17 0.2591596567012783847 7.469327400814767001e-18 1.093107715024030029e-16
100 0.637469082107148588 0.3148225655521403321 -2.00382486072482474e-17 -1.754603394352929739e-17 0.2563818485012342441 5.553642110783283331e-17 1.120823561374557871e-16
101 0.6440175263249566795 0.3164833143565818907 -1.945886706604771176e-17 -1.69401234207109847e-17 0.2536474101294765027 8.84893772070222839e-17 9.254116846089875594e-17
102 0.6505649963093488308 0.3181261946742107716 -1.871111225905537549e-17 -1.659823105807578605e-17 0.2509553628920514479 1.142220020103924385e-16 5.222518099125474969e-17
103 0.6571115004314207475 0.3197514890724821868 -1.779095119952722467e-17 -1.662191672635174044e-17 0.2483053785188572282 1.40578187205625844e-16 -3.618592934909769853e-18
104 0.6636570469192426547 0.3213594812394153788 -1.670320123407256436e-17 -1.703630533591563944e-17 0.2456976619675959872 1.662057992653456322e-16 -6.331766696975731859e-17
105 0.6702016438602800275 0.3229504578385032354 -1.55143242417335143e-17 -1.777677431670085338e-17 0.2431327011548635453 1.816839258691680392e-16 -1.131583101366243558e-16
106 0.6767452992037646942 0.3245247083768645902 -1.440573432523422937e-17 -1.86802626348573538e-17 0.2406109635118432455 1.694386512492836102e-16 -1.380905957825568544e-16
107 0.6832880207630167568 0.3260825195361612416 -1.362198052247350848e-17 -1.955006236897931203e-17 0.2381320495394946557 1.198071398269148361e-16 -1.329603990440571934e-16
108 0.6898298162177201043 0.3276241708019413945 -1.334791010982847947e-17 -2.022140434938238469e-17 0.2356948907187027542 4.190117271749559416e-17 -1.026379170297675161e-16
109 0.6963706931161509628 0.3291499318251641104 -1.364699301484944548e-17 -2.064534764803895611e-17 0.233298013924192027 -4.573157046094145425e-17 -6.482347372076609863e-17
110 0.7029106588773619269 0.3306600617519910856 -1.443626343141131078e-17 -2.090043424636390663e-17 0.2309398421723459771 -1.207008630145408477e-16 -3.900966248726963729e-17
111 0.709449720793321692 0.3321548111292592087 -1.55490749655684292e-17 -2.111773323644749836e-17 0.2286190885252329108 -1.702024182169840838e-16 -3.323546930734280308e-17
112 0.7159878860310120441 0.3336344245559841326 -1.681698243393549306e-17 -2.144348759355303995e-17 0.226334870437370661 -1.939504382672692361e-16 -4.983029274956621494e-17
113 0.72252516163448266 0.3350991426460048217 -1.815820070701842537e-17 -2.194791478910582442e-17 0.224086604666549366 -2.051924196059080135e-16 -7.717210453193573747e-17
114 0.7290615545268657183 0.3365492023895579332 -1.954118284080903055e-17 -2.25794504894224717e-17 0.2218737625154811044 -2.116102118412946975e-16 -9.663133027109669599e-17
115 0.7355970715123495429 0.337984839775361201 -2.094576652893063869e-17 -2.315630775529894305e-17 0.2196962158120709108 -2.149440549007553398e-16 -8.827671919803505573e-17
116 0.7421317192781141658 0.3394062913236963741 -2.230268423534213041e-17 -2.343696163686646311e-17 0.2175540705179179191 -2.076771246500841589e-16 -4.295425645227208172e-17
117 0.7486655043962284761 0.3408137940579685221 -2.348556206921889991e-17 -2.322306697622809265e-17 0.2154474278701334344 -1.810639372755015349e-16 3.274100529085186404e-17
118 0.7551984333255101767 0.3422075846582384728 -2.435417555719295009e-17 -2.246154086958973704e-17 0.2133762591553413634 -1.329765724348229997e-16 1.165824994458634311e-16
119 0.7617305124133494365 0.3435878982283579464 -2.481304123942120337e-17 -2.126649671575416268e-17 0.2113403464734461001 -7.025710270927751188e-17 1.829736742360773764e-16
120 0.768261747897497238 0.3449549634843989132 -2.484938006654425401e-17 -1.989026578941205682e-17 0.2093387346192692455 -5.564565446947291753e-18 2.10742273926773211e-16
121 0.7747921459078190853 0.3463090000033481886 -2.453823138941581446e-17 -1.865478013941618054e-17 0.2073700461533726502 4.76522712893697606e-17 1.89214037196192542e-16
122 0.7813217124680147396 0.3476502190481587928 -2.401297002896850629e-17 -1.783429676290556293e-17 0.2054330289397930387 8.045369820778541075e-17 1.256725259632187565e-16
123 0.7878504534973050921 0.3489788295953052399 -2.342142111333340119e-17 -1.758296309650794961e-17 0.2035273532078318015 9.061826684332595054e-17 3.850133208997247666e-17
124 0.7943783748120866184 0.3502950433224196192 -2.289034377729808832e-17 -1.790785247220963454e-17 0.2016534528236123835 8.136488498921559379e-17 -4.977539972902926904e-17
125 0.8009054821275545244 0.351599076767794394 -2.250356831046368919e-17 -1.868588069163067462e-17 0.1998120924300109402 5.926413590302105464e-17 -1.192143092982055067e-16
126 0.8074317810592948064 0.3528911501497190573 -2.230772841055756957e-17 -1.973579484208095862e-17 0.1980038557904505447 3.001149612823477873e-17 -1.608941511730876191e-16
127 0.8139572771248466676 0.3541714841509109313 -2.231268263585151141e-17 -2.087424461453433279e-17 0.1962288338025513501 -7.593033153226170199e-19 -1.744831200166116925e-16
128 0.8204819757452346263 0.3554402965331111552 -2.249793943812028946e-17 -2.194773128692190714e-17 0.1944865981692713575 -2.839660596509405637e-17 -1.645466059612937718e-16
129 0.8270058822464728676 0.3566977971185016361 -2.281040089618112035e-17 -2.285518094591798275e-17 0.1927759507248865967 -4.790061757613941154e-17 -1.391128344434297282e-16
130 0.8335290018610408413 0.3579441860063719005 -2.318498669329455904e-17 -2.354442549111208748e-17 0.1910954190106902428 -5.743121633341908872e-17 -1.056744619969777009e-16
131 0.8400513397293312146 0.3591796543535921704 -2.357555941929963733e-17 -2.400409682390339051e-17 0.1894436492559269103 -5.98894521909140154e-17 -7.048486101505358208e-17
132 0.8465729009010717343 0.3604043867191888406 -2.39660580278555749e-17 -2.424617356664966795e-17 0.187819646330130402 -5.988517378296862134e-17 -3.712383985639516776e-17
133 0.8530936903367198898 0.3616185634959075967 -2.439736558580232063e-17 -2.431535461045528467e-17 0.1862227873124330524 -6.615123692846462802e-17 -1.061055280721230273e-17
134 0.8596137129088323725 0.362822363634101086 -2.49414452189617888e-17 -2.430357660075291168e-17 0.1846528665628454358 -8.345726230944126005e-17 1.806648117861238563e-18
135 0.8661329734034091121 0.3640159653989470945 -2.564747014285973716e-17 -2.432998040030572194e-17 0.1831097942694722425 -1.083108976307132807e-16 -4.050592455911381029e-18
136 0.8726514765212131097 0.3651995461736228243 -2.648981218873876424e-17 -2.452425983685898806e-17 0.1815934501464547823 -1.292381572829295807e-16 -2.9807744372902909e-17
137 0.879169226879065735 0.366373280718098604 -2.734239923503983321e-17 -2.498240393581052837e-17 0.1801034464455467388 -1.308250371912117425e-16 -7.029982339551569918e-17
138 0.8856862290111189306 0.3675373406255764697 -2.801562325127032378e-17 -2.572296314345220063e-17 0.1786393116032224948 -1.033145064455872872e-16 -1.136479198404593531e-16
139 0.8922024873701041026 0.3686918962837937297 -2.833968134829882707e-17 -2.666287403389989577e-17 0.1772008746469995455 -4.973634473244970168e-17 -1.442572566269761184e-16
140 0.8987180063285585829 0.3698371177490006878 -2.824316774385129687e-17 -2.763107380974148962e-17 0.1757880984721063855 1.48145520477605451e-17 -1.486157941560754251e-16
141 0.9052327901800300003 0.3709731750290124475 -2.780360764318668593e-17 -2.840583990119067803e-17 0.1744009892071578249 6.747874224362404518e-17 -1.189376408480940516e-16
142 0.9117468431402591111 0.3721002376620281549 -2.722042374084561043e-17 -2.878301940914737391e-17 0.173039488121617846 8.95370328016734395e-17 -5.79088926159806875e-17
143 0.9182601693483415373 0.3732184739896248216 -2.672826729748897423e-17 -2.864320196034666249e-17 0.1717034246355918503 7.556984574309730089e-17 2.146874877020860505e-17
144 0.924772772867868853 0.374328049743545721 -2.649406309504442341e-17 -2.798676828483539973e-17 0.1703924108857479136 3.596565493891106911e-17 1.008054800780477094e-16
145 0.9312846576880495775 0.3754291240893659065 -2.655078402028281626e-17 -2.693986237480301349e-17 0.1691054510331957139 -8.711326062468490345e-18 1.607861419870553251e-16
146 0.9377958277248097385 0.3765218488168097233 -2.678298033833035402e-17 -2.571364414453328791e-17 0.1678414242609021223 -3.566512201147238091e-17 1.883458926610013277e-16
147 0.9443062868218751182 0.3776063700670718726 -2.701208420995229142e-17 -2.455225036234027938e-17 0.1665994744394232174 -3.519394810846435626e-17 1.784083010672262374e-16
148 0.9508160387518337364 0.3786828319049920788 -2.712424687066406621e-17 -2.367630595532175126e-17 0.1653792937095594495 -1.723180604798451184e-17 1.345733422760675589e-16
149 0.9573250872171797932 0.3797513816510389995 -2.709680677085005741e-17 -2.323448767489086928e-17 0.1641813931783644154 4.216138586981107581e-18 6.788485148320418968e-17
150 0.9638334358513400701 0.3808121723572216455 -2.700632052987687509e-17 -2.326600870087907746e-17 0.1630066644836709322 1.390459045006452381e-17 -4.843686202654365798e-18
151 0.97034108821968168 0.3818653618453119458 -2.695670332388396316e-17 -2.37036940599113768e-17 0.1618558516879899378 7.625251889783898911e-18 -6.726418878903724295e-17
152 0.9768480478205032735 0.3829111091905809672 -2.700730157390177573e-17 -2.441488946499651823e-17 0.1607291585800511846 -7.776844175391149192e-18 -1.093092318737137973e-16
153 0.9833543180860083721 0.3839495703906875557 -2.712258930630335117e-17 -2.526280421523540909e-17 0.159626123136226955 -1.772134940288709447e-17 -1.303364481183927105e-16
154 0.989859902383262491 0.3849808950185294454 -2.717344147106925155e-17 -2.614540846013919669e-17 0.1585457684384977139 -7.81751479787870039e-18 -1.356829503123283036e-16
155 0.9963648040151338314 0.3860052256327993203 -2.701640540744905459e-17 -2.701629071905617098e-17 0.1574870263982891261 2.414371136848725919e-17 -1.338949118470099288e-16
156 1.002869026221217874 0.3870226979800132638 -2.657315823452384062e-17 -2.787073771433040808e-17 0.1564488594158741364 6.815469219713152456e-17 -1.313817109703374343e-16
157 1.009372572178745875 0.3880334422145408357 -2.589654670254000091e-17 -2.871808771306757154e-17 0.1554304169510030975 1.040480953910779244e-16 -1.303039474360307233e-16
158 1.015875445003478594 0.38903758502626129 -2.514890401053065046e-17 -2.954869405297186227e-17 0.1544311752147909944 1.149829867027882145e-16 -1.277423009108641223e-16
159 1.022377647750584817 0.390035251443461517 -2.452963353264929566e-17 -3.031600930959369593e-17 0.1534508873931537953 9.524987784389576859e-17 -1.180206179229325691e-16
160 1.028879183415504661 0.3910265658368713981 -2.421200777975743337e-17 -3.094457106302180931e-17 0.1524894609080820473 4.885894944226504623e-17 -9.668884418997850272e-17
161 1.035380054934798899 0.3920116520645550717 -2.426625107276802055e-17 -3.13602312967282199e-17 0.1515468253280835009 -8.344852074954612419e-18 -6.394565984487974867e-17
162 1.041880265186983845 0.3929906332000475122 -2.465541124172374908e-17 -3.151138188603659886e-17 0.1506228682619737413 -5.987492377158089302e-17 -2.325554035284202283e-17
163 1.04837981699335181 0.393963631127934033 -2.527193270624086035e-17 -3.139246605118846112e-17 0.1497174149436739932 -9.486556680062857105e-17 1.829785128936939907e-17
164 1.054878713118779565 0.3949307660275567788 -2.598791870176607978e-17 -3.105058894927448525e-17 0.1488302109880046409 -1.101814719125959066e-16 5.261069704926632946e-17
165 1.061376956272521266 0.3958921559953939573 -2.668461433762435064e-17 -3.055993801245669317e-17 0.147960943696132885 -1.072236524190817328e-16 7.551272435292009968e-17
166 1.067874549108990267 0.3968479162695432438 -2.725437455427840014e-17 -2.997799204787205747e-17 0.1471091807864164103 -8.769663375188166973e-17 8.957224570586641143e-17
167 1.074371494228526513 0.3977981584270369186 -2.76095061776299188e-17 -2.932875263928984485e-17 0.1462743661564429587 -5.466675278316867418e-17 9.993987556248605256e-17
168 1.080867794178152597 0.3987429927889202252 -2.768011937053620662e-17 -2.86221853338612791e-17 0.1454563136576440818 -1.087083106849707382e-17 1.087753364449969653e-16
169 1.087363451452316498 0.3996825301255070295 -2.742235954606763442e-17 -2.784707613174651007e-17 0.1446550995342478774 3.968578108868684946e-17 1.193390559540202314e-16
170 1.093858468493622782 0.4006168823774720056 -2.686857829286930766e-17 -2.700216335351723316e-17 0.143870911014116809 8.527085286371077668e-17 1.300990829482915593e-16
171 1.100352847693552238 0.4015461624980473654 -2.612719114033756356e-17 -2.613411098391348013e-17 0.1431039110198064623 1.141694509094218664e-16 1.336751817992145417e-16
172 1.106846591393168877 0.4024704835218504417 -2.534650011620306002e-17 -2.531891312671611692e-17 0.1423541190519468369 1.20233750104666951e-16 1.255481264906167569e-16
173 1.113339701883816479 0.4033899573208024059 -2.467665566971151994e-17 -2.464444144942230493e-17 0.1416213629253582906 1.031723618098086599e-16 1.038850680702098615e-16
174 1.119832181407803162 0.4043046938202847218 -2.422785290055279557e-17 -2.41818401681817561e-17 0.1409053495727602967 6.913325434518136049e-17 7.125876717819299278e-17
175 1.126324032159076394 0.4052147991940633354 -2.403716863987085118e-17 -2.398768935318442091e-17 0.1402055076638479003 2.937570125689807687e-17 2.990973832737011155e-17
176 1.132815256283884908 0.4061203727549405063 -2.407543225159555345e-17 -2.409459081869055861e-17 0.1395207865263122515 -5.895235278287671682e-18 -1.647019876969964468e-17
177 1.139305855881432405 0.4070215075856759013 -2.428582202172660895e-17 -2.45166041603835007e-17 0.1388502322342185236 -3.241764433693112316e-17 -6.502539742269620072e-17
178 1.145795833004519482 0.4079182936277372384 -2.46161904374982416e-17 -2.524816445819600249e-17 0.138193366407081325 -5.090927087258666353e-17 -1.127323302803589315e-16
179 1.15228518966017579 0.4088108213111852351 -2.50587091537909087e-17 -2.624707844779408976e-17 0.1375502698368718801 -6.819796176940492909e-17 -1.539458006302249548e-16
180 1.158773927810282656 0.4096991845822778311 -2.562800708828605303e-17 -2.743327098637376883e-17 0.1369214899284512121 -8.774464674614131985e-17 -1.82825264178910103e-16
181 1.165262049372185027 0.4105834832145750513 -2.634425779458254447e-17 -2.868299478156004113e-17 0.1363079304789089341 -1.104046166233522237e-16 -1.926354491237403483e-16
182 1.171749556219294552 0.4114638220212615272 -2.719502282260346495e-17 -2.985088237278047159e-17 0.1357103741468190794 -1.311513696622361094e-16 -1.800380271347057532e-16
183 1.178236450181682882 0.4123403076797860223 -2.812561896065426734e-17 -3.079230789401044045e-17 0.1351291142815041202 -1.434714084201747755e-16 -1.451409907379040869e-16
184 1.184722733046666088 0.4132130447505524828 -2.903284672917198592e-17 -3.141958905382672781e-17 0.1345638304265021901 -1.398818128509376776e-16 -9.671796746885783525e-17
185 1.191208406559379984 0.414082132500662059 -2.979187580109878258e-17 -3.170536662710749e-17 0.1340137121719429114 -1.170426157341521661e-16 -4.406702711666969493e-17
186 1.197693472423345673 0.4149476635247956735 -3.028260160592603698e-17 -3.167633570335639321e-17 0.13347773607367866 -7.567720582499328806e-17 4.476999518651446289e-18
187 1.204177932301027765 0.4158097242600957144 -3.045096213436383921e-17 -3.139385454622307868e-17 0.1329549576674563249 -2.596611354016459224e-17 4.356684946965099375e-17
188 1.21066178781438305 0.4166683968542707062 -3.032308427536782119e-17 -3.091101838798942673e-17 0.132444720235386032 1.972433657941575263e-17 7.447436931212020037e-17
189 1.21714504054540118 0.4175237614179225232 -2.999645710112226753e-17 -3.025299311317622808e-17 0.1319467142122712489 5.038481162949215233e-17 1.015055761832680418e-16
190 1.223627692036636905 0.4183758971954779082 -2.960338878033368904e-17 -2.942835719955108728e-17 0.1314608105196506116 6.063949126593738464e-17 1.272183476438105521e-16
191 1.2301097437917341 0.4192248831942502751 -2.926255328117758132e-17 -2.845344819084376123e-17 0.1309869770477923578 5.258627559181233835e-17 1.504151825022879593e-16
192 1.236591197275942688 0.4200707982427127063 -2.903704083584752779e-17 -2.735742987003616708e-17 0.1305251906286917785 3.479670324975223397e-17 1.69116272982699408e-16
193 1.24307205391662623 0.4209137207039412298 -2.89081864181013202e-17 -2.619008550550399726e-17 0.130075383828922253 1.988413954702490949e-17 1.801384744876096803e-16
194 1.249552315103763522 0.4217537281281502626 -2.879720265928744639e-17 -2.500025385171218142e-17 0.1296374355306161574 1.712800323369458909e-17 1.836254298061337075e-16
195 1.256031982190441099 0.4225908970155928812 -2.859914886729253974e-17 -2.381522500185404917e-17 0.1292111879420939635 3.056822359735989761e-17 1.82900950731187778e-16
196 1.262511056493339501 0.4234253026137773102 -2.821821310685090571e-17 -2.263889271950534048e-17 0.1287964518792644453 5.880015000566565973e-17 1.815752728975122831e-16
197 1.26898953929321201 0.4242570190534748487 -2.76053862133585315e-17 -2.145949555968959525e-17 0.1283930590522351922 9.460281866446862828e-17 1.82064946607678351e-16
198 1.275467431835356047 0.425086119333318968 -2.679181950099498928e-17 -2.02815601099822381e-17 0.1280008387008209347 1.256026852881809659e-16 1.818558371809007554e-16
199 1.281944735330077467 0.4259126752983550257 -2.586157995749227182e-17 -1.914759522636733669e-17 0.1276196166606000659 1.43628282858222765e-16 1.750833214871359966e-16
200 1.288421450953148417 0.4267367575091556842 -2.492198185481407303e-17 -1.813644207592771686e-17 0.127249198464447183 1.450863807973135674e-16 1.561354270628304873e-16
201 1.294897579846258084 0.4275584347179133271 -2.403674966181923841e-17 -1.733080072113338188e-17 0.1268893086410516902 1.367039267472852098e-16 1.244129366531418909e-16
202 1.301373123117456787 0.4283777724494797767 -2.322359325940243394e-17 -1.679556932133001119e-17 0.1265394524465653925 1.255848009324792305e-16 8.266174698660826489e-17
203 1.307848081841594068 0.4291948349368890359 -2.246905741920960701e-17 -1.652076502852131773e-17 0.1261994338838843266 1.165418769614101213e-16 4.244491298490674237e-17
204 1.314322457060749683 0.430009687237094318 -2.175547603307321269e-17 -1.641954178184756004e-17 0.1258693836761116125 1.102261713602621628e-16 1.563584918311042451e-17
205 1.320796249784658594 0.4308223961450057815 -2.109005625826720696e-17 -1.63470207367397193e-17 0.1255495737724405259 1.02795931351780172e-16 1.12032564355912327e-17
206 1.327269460991129968 0.4316330303055719297 -2.051904323832693018e-17 -1.617398819994159745e-17 0.1252402935124040662 8.821962075565750433e-17 2.673295396367007906e-17
207 1.33374209162646018 0.4324416594800981617 -2.009806804479470806e-17 -1.582696570066886061e-17 0.1249417189547247509 6.504509851259234689e-17 5.361862883626975164e-17
208 1.340214142605839154 0.4332483532809332516 -1.986689782001735505e-17 -1.532362846617103419e-17 0.1246538306768513182 3.572142742028704124e-17 7.777785615495689935e-17
209 1.346685614813751819 0.4340531798889608051 -1.981102465455227419e-17 -1.476317674669571776e-17 0.1243764110308613058 8.634535344838195293e-18 8.661116907559921063e-17
210 1.353156509104372907 0.4348562052852870674 -1.985173468392041768e-17 -1.427972196759962259e-17 0.1241091235258222625 -6.291813542517175601e-18 7.471886838509204144e-17
211 1.359626826301957081 0.4356574933895888124 -1.987661238683772008e-17 -1.398028790504687969e-17 0.1238516529143677131 -3.845239446934670565e-18 4.628223405155729301e-17
212 1.366096567201222634 0.4364571038387289881 -1.977004310750367862e-17 -1.391579976697232318e-17 0.1236033404370775746 1.647342018582114123e-17 9.968540672716035419e-18
213 1.372565732567730068 0.4372550899525169954 -1.944114502219165423e-17 -1.407483766316132227e-17 0.1233632126021500519 5.084540159500384761e-17 -2.458617444635667914e-17
214 1.37903432313825558 0.4380515006759220786 -1.885637384342887937e-17 -1.440979308569418866e-17 0.1231305958341727819 9.040966118569727111e-17 -5.178642067753749827e-17
215 1.385502339621158763 0.4388463842159958661 -1.804550358999241605e-17 -1.486095127774501538e-17 0.1229053786455887171 1.253772540337228763e-16 -6.975835531569905171e-17
216 1.391969782696745428 0.4396397918880460831 -1.709290265152304268e-17 -1.537820517368405037e-17 0.1226880442442949554 1.473047844169148164e-16 -7.998519689948715078e-17
217 1.39843665301762532 0.4404317803416494259 -1.611314811580612967e-17 -1.591946141021279647e-17 0.1224794202425967121 1.51517066907600052e-16 -8.370418754353939751e-17
218 1.404902951209065387 0.4412224122167470175 -1.521479268014016708e-17 -1.643681682775412381e-17 0.1222804360035307791 1.389411403958547779e-16 -8.001504621595431256e-17
219 1.411368677869336619 0.4420117545093085187 -1.448241710452496536e-17 -1.687385130835536332e-17 0.1220917684122399399 1.132804234758837149e-16 -6.759844632241411557e-17
220 1.417833833570057545 0.4427998750801943606 -1.395487829266500878e-17 -1.716276586318614039e-17 0.121913554537628116 8.160443222299856859e-17 -4.469189314204402694e-17
221 1.424298418856532633 0.4435868389349831298 -1.364396342543847045e-17 -1.725148862898710389e-17 0.1217453559620459563 4.809933893920479086e-17 -1.37256427199887767e-17
222 1.430762434248085579 0.444372705690084191 -1.354614786476075592e-17 -1.712912629007961971e-17 0.1215863420658528649 1.513365483744657638e-17 1.893143983736787473e-17
223 1.437225880238387932 0.4451575289301166194 -1.364956940939500982e-17 -1.685097661140955669e-17 0.1214355824909660875 -1.600240012548235436e-17 4.303805815890392017e-17
224 1.443688757295784164 0.4459413572871999687 -1.394084950596659751e-17 -1.652245021976050221e-17 0.1212923135527224916 -4.507369054175721495e-17 5.08373111870017108e-17
225 1.450151065863611199 0.4467242364458020032 -1.439100491025215973e-17 -1.626858000360819777e-17 0.121156081550664721 -6.966472957267283309e-17 3.928820977474493003e-17
226 1.4566128063605146 0.4475062111121769215 -1.495599428956168073e-17 -1.618740844734871489e-17 0.1210267374252536748 -8.744378072340971421e-17 1.25629755646143816e-17
227 1.46307397918075921 0.4482873260614043676 -1.557533550690173583e-17 -1.630690432034690283e-17 0.1209042941194450049 -9.586426783360726964e-17 -1.849607946861276353e-17
228 1.469534584694536683 0.4490676262597462776 -1.617789818824618465e-17 -1.658313378200758372e-17 0.1207887835113745228 -9.327540019034883212e-17 -4.275972339222256821e-17
229 1.4759946232482688 0.4498471566771140018 -1.672009481944129615e-17 -1.692206269392670948e-17 0.1206802084486168075 -8.393822872712309551e-17 -5.247006509095234006e-17
230 1.482454095164905894 0.4506259618613459028 -1.717798536881449524e-17 -1.72231443029256311e-17 0.120578505858008167 -7.089290031418764429e-17 -4.661495748801530655e-17
231 1.488913000744221948 0.4514040856566378657 -1.754887801264385242e-17 -1.740522421647980536e-17 0.1204835690376439422 -5.742848339652987314e-17 -2.819299187071069137e-17
232 1.495371340263105475 0.4521815711995894049 -1.784150090694293511e-17 -1.741686625176942892e-17 0.1203952906274040335 -4.531327781302054188e-17 -1.80279393603612022e-18
233 1.501829113975847063 0.4529584610964208502 -1.806502941140320817e-17 -1.723290208856674116e-17 0.1203135906662699262 -3.461689629066195881e-17 2.848973724475325008e-17
234 1.508286322114422262 0.4537347975980445258 -1.821020527356020889e-17 -1.684452438729746506e-17 0.1202384162722962557 -2.248472886462904194e-17 6.015164766621940261e-17
235 1.514742964888771137 0.4545106224928419647 -1.822578733007869509e-17 -1.627348841390186493e-17 0.1201696979294859663 -2.413548517846445437e-18 8.844936646140604835e-17
236 1.521199042487074493 0.4552859771893180696 -1.806053212086663024e-17 -1.558073084348880783e-17 0.1201073788939916592 2.559908402857186071e-17 1.07312558200062477e-16
237 1.527654555076025655 0.456060902512820554 -1.7676863745230392e-17 -1.484712741815395218e-17 0.120051370903022675 5.943787494140304069e-17 1.136497856497285431e-16
238 1.534109502801099589 0.4568354384923608569 -1.708964725117703671e-17 -1.417308422486815583e-17 0.1200015526277493638 9.09794933694977186e-17 1.044318558067069743e-16
239 1.540563885786817799 0.4576096241771634432 -1.638563312870682994e-17 -1.364593278572961325e-17 0.1199577742654435314 1.090848989341634192e-16 8.16805510373269233e-17
240 1.547017704137010341 0.458383497258844641 -1.568530706956640352e-17 -1.331122947698578191e-17 0.119919827407600349 1.085229375839177411e-16 5.186582136972024833e-17
241 1.553470957935073837 0.459157092654108423 -1.513622414715529216e-17 -1.316231882964035186e-17 0.1198872839215238684 8.509365569984278467e-17 2.307730005444487749e-17
242 1.559923647244226608 0.459930442819443952 -1.485814012635821913e-17 -1.314850304543257864e-17 0.1198597642935166213 4.309960310420190183e-17 2.141276633664905547e-18
243 1.566375772107760689 0.4607035809073326549 -1.490933614871462095e-17 -1.320049241359869027e-17 0.1198373780879345846 -7.935447992837219857e-18 -8.058417593277542073e-18
244 1.572827332549289858 0.4614765422772240111 -1.526078504438645224e-17 -1.324840038518789278e-17 0.119820469126156029 -5.447978798628432045e-17 -7.426445685775770347e-18
245 1.579278328572995216 0.4622493651332400533 -1.580656933475406656e-17 -1.32353015741549689e-17 0.1198094802074412407 -8.461205776369059479e-17 2.030687535925543994e-18
246 1.585728760163867435 0.4630220901565443303 -1.638360167275407141e-17 -1.314574357727387496e-17 0.1198047972832724656 -8.946422102958467765e-17 1.388524680559057711e-17
247 1.592178627287945902 0.4637947592848726819 -1.684200105552389596e-17 -1.300502715934526257e-17 0.1198066171955098069 -7.107735686681018995e-17 2.18188580309529259e-17
248 1.598627929892554533 0.4645674141274694358 -1.706745097136384101e-17 -1.286580045902238174e-17 0.1198148910564542369 -3.496031554564091092e-17 2.158975911581991299e-17
249 1.605076667906535581 0.4653400946088048218 -1.700642870182065004e-17 -1.277175682804792815e-17 0.1198293596215797979 9.463497084045202775e-18 1.458453830318179122e-17
250 1.611524841240479011 0.4661128383312753143 -1.668089678168686932e-17 -1.274047159745562679e-17 0.1198496647091540496 5.048878476220890431e-17 4.852222396383183337e-18
251 1.61797244978695054 0.4668856811256950623 -1.616953180229001915e-17 -1.275288905243612991e-17 0.1198755333951983387 7.931774755155510355e-17 -1.926069635308352538e-18
252 1.624419493420715677 0.4676586552425622267 -1.557681078441753825e-17 -1.278155654561733659e-17 0.1199064120798599559 9.194492941815312815e-17 -4.447000456644018271e-18
253 1.630865971998961772 0.4684317865496518962 -1.500546500685512668e-17 -1.280056831002367901e-17 0.1199413122088862638 8.86368999126497896e-17 -2.949429093599493081e-18
254 1.63731188536151695 0.4692050962397380509 -1.453602093912675406e-17 -1.280095019908111004e-17 0.1199795098324654141 7.283455756714114482e-17 -5.925033981641102872e-20
255 1.643757233331065937 0.4699786046523542482 -1.423040167545838343e-17 -1.277837064828147357e-17 0.1200208737444351248 4.742119214262438696e-17 3.503539679113778857e-18
256 1.650202015713364334 0.4707523356711023066 -1.410575578501256102e-17 -1.273943891715365634e-17 0.1200659550547851645 1.934228758754937779e-17 6.041344299936581583e-18
257 1.656646232297449117 0.4715263198546993939 -1.414773761236896811e-17 -1.268334327534281315e-17 0.1201157909763251874 -6.515224091674026191e-18 8.705568575212391565e-18
258 1.663089882855847579 0.472300595239576515 -1.430369208196304832e-17 -1.260036152254110478e-17 0.1201715436513610402 -2.42049401498454866e-17 1.287919714851757144e-17
259 1.669532967144782498 0.4730752052180006717 -1.450524441651416891e-17 -1.247742909093340098e-17 0.1202340462733962334 -3.128471539732786631e-17 1.908142688852358636e-17
260 1.6759754849043762 0.4738501944495325247 -1.467283158312390086e-17 -1.231664546366244257e-17 0.1203034976529034766 -2.601497089842155146e-17 2.495884063806198549e-17
261 1.682417435858851507 0.4746256045961066428 -1.474271153713699906e-17 -1.214261241357670991e-17 0.1203794345567176932 -1.08485933387796543e-17 2.701795979335765487e-17
262 1.688858819716729576 0.4754014714932625618 -1.469111950050795485e-17 -1.20115574894842623e-17 0.1204609543931722676 8.010170293647037778e-18 2.034756385659904052e-17
263 1.695299636171026858 0.4761778245596475223 -1.455072166599305329e-17 -1.199294783416669436e-17 0.1205470625627903525 2.180006400922192948e-17 2.889586427841008728e-18
264 1.701739884899448496 0.4769546882227802542 -1.43943051529675432e-17 -1.216442388925949542e-17 0.1206369855168668431 2.428948284228511064e-17 -2.662803701141205554e-17
265 1.708179565564580171 0.4777320843885332069 -1.430634465811422903e-17 -1.258163056255897231e-17 0.1207303329451512447 1.366034500488565827e-17 -6.479257654377352011e-17
266 1.714618677814077063 0.478510034786752747 -1.435338411956846509e-17 -1.324661477640258612e-17 0.120827078707182331 -7.30591657833520927e-18 -1.032817775130750238e-16
267 1.721057221280851035 0.4792885620679785963 -1.4553374649004167e-17 -1.408901138766165196e-17 0.1209273670034799464 -3.106420125985996136e-17 -1.30848085389908402e-16
268 1.727495195583255594 0.48006768900776009 -1.486312543182390861e-17 -1.496748420349762674e-17 0.1210312184810478364 -4.811733846688212717e-17 -1.364638159385487965e-16
269 1.733932600325268414 0.4808474384414395675 -1.518595951144075694e-17 -1.571009849305336103e-17 0.1211386436612583856 -5.015416599647359037e-17 -1.153694814188620211e-16
270 1.740369435096672079 0.4816278329225163746 -1.540496823965338027e-17 -1.61678959345557146e-17 0.1212495999882916148 -3.402730456663844804e-17 -7.112781805072670707e-17
271 1.746805699473232387 0.4824088944402552537 -1.543075848115957858e-17 -1.626699249983319559e-17 0.1213640010112735229 -4.007375635789072365e-18 -1.539796210081684364e-17
272 1.753241393016875094 0.4831906445294777974 -1.524041279816084933e-17 -1.603058159620084843e-17 0.1214817773090512282 2.957918674085206122e-17 3.673759318282766647e-17
273 1.759676515275859998 0.4839731046447021123 -1.488998443015219007e-17 -1.556247567276607474e-17 0.12160291758041189 5.446042695809281307e-17 7.274881481980963961e-17
274 1.766111065784953693 0.4847562965016144476 -1.4492037477862935e-17 -1.501598168595028318e-17 0.1217274635925008619 6.185083861509142986e-17 8.493873665375497236e-17
275 1.772545044065599873 0.4855402420143298814 -1.415454183339487635e-17 -1.454090394616170438e-17 0.1218554473745840083 5.245987390268825998e-17 7.384545173187177661e-17
276 1.778978449626087865 0.4863249631600328193 -1.393831422614609768e-17 -1.4236200148010457e-17 0.1219868799247863511 3.361312653076525681e-17 4.736697340353364248e-17
277 1.785411281961719387 0.4871104817822923261 -1.38255182016029321e-17 -1.413906353026675698e-17 0.1221217416668220479 1.753599033805511662e-17 1.510147894949081277e-17
278 1.791843540554972858 0.4878968190689261797 -1.376490505813718336e-17 -1.423381642531018509e-17 0.1222599318352387832 9.424147772726279934e-18 -1.473220548753550668e-17
279 1.798275224875667044 0.4886839952656836239 -1.369828319491491981e-17 -1.446714882490775975e-17 0.1224013051075822783 1.035931096582268068e-17 -3.628182654947303337e-17
280 1.804706334381121602 0.4894720293384555165 -1.360201313082881741e-17 -1.476178908353246149e-17 0.1225456635800853539 1.49707725769160915e-17 -4.581894014248308699e-17
281 1.811136868516316722 0.4902609378506426197 -1.348336317176703552e-17 -1.50338538892915925e-17 0.1226926346838681653 1.845267969294106433e-17 -4.231206446334592738e-17
282 1.817566826714050565 0.4910507339670961424 -1.338160093196804005e-17 -1.521860435642946783e-17 0.1228416907930774266 1.582768683635984277e-17 -2.873533977343106263e-17
283 1.823996208395094687 0.4918414311704050745 -1.333056049961014766e-17 -1.528295610782099486e-17 0.1229928821601593975 7.939334875761515321e-18 -1.000990940979118723e-17
284 1.830425012968348808 0.4926330456852630602 -1.33436616031106427e-17 -1.52377906314707911e-17 0.123146636198887674 -2.038058671610974735e-18 7.026117359465166064e-18
285 1.836853239830993134 0.4934255975675636008 -1.340476055560109959e-17 -1.513401110569662747e-17 0.1233035499154482156 -9.505646136781327656e-18 1.614579969118545268e-17
286 1.843280888368638681 0.4942191105970662468 -1.34794928729757005e-17 -1.505340410263105176e-17 0.1234642038305779066 -1.162774361859191092e-17 1.254179715599360986e-17
287 1.849707957955476489 0.4950136110169386927 -1.353649221199396184e-17 -1.506958732031820981e-17 0.1236289825398186881 -8.86943557487507522e-18 -2.518204757154117732e-18
288 1.856134447954425948 0.4958091256238114086 -1.356043058446937108e-17 -1.521690579068120499e-17 0.1237979735525291669 -3.725289236675925896e-18 -2.292569858584035817e-17
289 1.862560357717279791 0.4966056799281871048 -1.355542249091341332e-17 -1.54715836577378145e-17 0.1239709781076246825 7.794299185580878329e-19 -3.963654970908369702e-17
290 1.868985686584848871 0.4974032970362284312 -1.353477512115970244e-17 -1.575558098726973364e-17 0.1241476233253893252 3.213724802290578738e-18 -4.420365754030284504e-17
291 1.875410433887105155 0.4982019977641568564 -1.351290085870610584e-17 -1.596086950119658008e-17 0.1243275539994688622 3.404996954806694828e-18 -3.195567239172274759e-17
292 1.881834598943322945 0.4990018003293241744 -1.350074300863457866e-17 -1.601067600852146041e-17 0.1245103667024948374 1.892690067083179291e-18 -7.753696676246892044e-18
293 1.888258181062218766 0.4998027164496141039 -1.350176572919017849e-17 -1.586739716154814922e-17 0.124695050574880964 -1.592278993688477817e-19 2.230715878609204342e-17
294 1.894681179542089922 0.5006047517119970314 -1.353589055928803826e-17 -1.557815971689986639e-17 0.1248806517752715922 -5.313396086451051095e-18 4.503562661094906269e-17
295 1.901103593670951275 0.5014079093434339329 -1.362454336739886335e-17 -1.525731291688086443e-17 0.125066803315413505 -1.380491559984219025e-17 4.99619029462071211e-17
296 1.907525422726670916 0.5022121954910301334 -1.377399656124663396e-17 -1.502780052843158859e-17 0.1252539603669242108 -2.327480645398030408e-17 3.574267155099241973e-17
297 1.9139466659771045 0.5030176238353427642 -1.397267659233468629e-17 -1.497737601280757386e-17 0.1254432967769206486 -3.09438800849458808e-17 7.853482588391157918e-18
298 1.920367322680227806 0.5038242168358348927 -1.417843969200301273e-17 -1.513738330673013403e-17 0.1256361808151953419 -3.204998057167901953e-17 -2.492298507269419668e-17
299 1.926787392084268191 0.5046320036348952431 -1.432572536084177456e-17 -1.547971704385969444e-17 0.1258336547499927793 -2.294354651974574706e-17 -5.332732020050725147e-17
300 1.933206873427834926 0.5054410157080853061 -1.43494867445233845e-17 -1.594715330607735406e-17 0.1260360835846466854 -3.701788686506473459e-18 -7.282194885306399902e-17
301 1.939625765940047541 0.5062512821185973788 -1.421671517217601659e-17 -1.649184640722184088e-17 0.1262430930821681618 2.068639863266956654e-17 -8.486559602728951953e-17
302 1.946044068840663943 0.507062826197993588 -1.393971647473971422e-17 -1.709136972518157498e-17 0.1264537916670545048 4.31615933957868638e-17 -9.341697964851158406e-17
303 1.952461781340206093 0.5078756646516354722 -1.358057725379536458e-17 -1.774233837148844375e-17 0.126667148033679372 5.596578343486995765e-17 -1.014424717698708504e-16
304 1.958878902640085684 0.5086898089464463313 -1.322679890871384352e-17 -1.843956708526311345e-17 0.1268823467765619883 5.513546793704232472e-17 -1.086613466526630334e-16
305 1.965295431932727155 0.5095052679481492097 -1.297945313788157177e-17 -1.913933719303989334e-17 0.1270989832345744697 3.855177993560161636e-17 -1.090674932898541533e-16
306 1.971711368401690478 0.5103220504067857988 -1.292824901104483484e-17 -1.976001413356565957e-17 0.1273170400305397298 7.981510617997092108e-18 -9.67488344630476816e-17
307 1.978126711221792622 0.5111401644521119669 -1.311114123964027779e-17 -2.020876914223123102e-17 0.1275364211175470108 -2.851120869826189007e-17 -6.995675980719751214e-17
308 1.984541459559227894 0.5119596179859683405 -1.351300163857847308e-17 -2.039549913442303949e-17 0.1277570915855532063 -6.2652137882843222e-17 -2.9112182361275058e-17
309 1.990955612571686295 0.5127804194778863289 -1.40832464011544886e-17 -2.029673460876927264e-17 0.1279791405621002187 -8.891240493969203741e-17 1.539933739844513815e-17
310 1.997369169408471867 0.5136025776859027836 -1.473485479023644849e-17 -1.995716523597873622e-17 0.128202613673196214 -1.016080576185346765e-16 5.295049139039033393e-17
311 2.003782129210619267 0.5144261015151673222 -1.538939967296974835e-17 -1.949212408953902102e-17 0.1284275345117962541 -1.020754743573405602e-16 7.25225983286121671e-17
312 2.010194491111009896 0.5152510002250415555 -1.599158027099671909e-17 -1.903750706886981138e-17 0.1286539589795649419 -9.391809810038596493e-17 7.090358952980396664e-17
313 2.016606254234484918 0.5160772837627682907 -1.652168964196806328e-17 -1.870467937061861048e-17 0.1288819950441192075 -8.268536186784021508e-17 5.191377511232176293e-17
314 2.023017417697960507 0.5169049626386571505 -1.698580562521937413e-17 -1.854120407700391382e-17 0.1291117312435772768 -7.239863169280597005e-17 2.550092649335703293e-17
315 2.02942798061053864 0.5177340479293324194 -1.740169023496704072e-17 -1.853334315586964154e-17 0.1293432566561416863 -6.488098440887753436e-17 1.226360123933289317e-18
316 2.035837942073619455 0.5185645509287805099 -1.78004681772166413e-17 -1.861863448420498917e-17 0.1295766059496088751 -6.22180682292675975e-17 -1.330730996754064615e-17
317 2.042247301181011387 0.5193964822796270919 -1.820198748504161474e-17 -1.872770712739351484e-17 0.1298116782527486412 -6.265167810613196176e-17 -1.701931637671428674e-17
318 2.048656057019039967 0.5202298514287075903 -1.860222961068157125e-17 -1.88099598051591452e-17 0.1300482876978239777 -6.245827933688445719e-17 -1.28356322210666972e-17
319 2.055064208666656622 0.5210646660142618236 -1.898937033640532425e-17 -1.885409883459511302e-17 0.1302861527092188942 -6.041949504046816592e-17 -6.888600689353847809e-18
320 2.061471755195545263 0.5219009296412668863 -1.930671191402762378e-17 -1.886956673654274841e-17 0.1305246443773735165 -4.953090775171612002e-17 -2.414241557067064927e-18
321 2.067878695670228861 0.5227386428247534633 -1.949050425136020831e-17 -1.887942214261095536e-17 0.1307632808017746007 -2.868916174365104216e-17 -1.538384803434712497e-18
322 2.074285029148175585 0.5235778082217227292 -1.948925409751592605e-17 -1.890174531322327726e-17 0.1310023966548320984 1.951619434972525603e-19 -3.484877786560940711e-18
323 2.080690754679902277 0.524418432990864769 -1.928681904020195378e-17 -1.893154632152195293e-17 0.1312426951467149105 3.160521018335080802e-17 -4.652687846921004761e-18
324 2.087095871309077921 0.5252605297116045291 -1.889809802159121601e-17 -1.893849510673826299e-17 0.1314850232546514175 6.069491890041280696e-17 -1.084983664293910978e-18
325 2.093500378072626678 0.526104115629948077 -1.835836349072014326e-17 -1.888078685442841326e-17 0.1317301105141989448 8.428221459597488504e-17 9.011428817214559749e-18
326 2.099904274000829574 0.5269492105704002283 -1.771930706324840124e-17 -1.871694178040516312e-17 0.1319783606449642932 9.980135440430541083e-17 2.55876626805652465e-17
327 2.106307558117424428 0.5277958343520500195 -1.704353263346358997e-17 -1.841420770698979572e-17 0.132229773954400609 1.055457005005065023e-16 4.728246354951810195e-17
328 2.112710229439707099 0.5286440046660132452 -1.640344741698053796e-17 -1.797152439335456121e-17 0.1324840192089252744 9.998117208281631937e-17 6.914703764280363452e-17
329 2.119112286978629189 0.5294937362047701379 -1.587491493188215875e-17 -1.742353178797094536e-17 0.1327406290392855459 8.256458815485302769e-17 8.560454664765080027e-17
330 2.125513729738897073 0.5303450413430591537 -1.554666383562624544e-17 -1.683599754674809376e-17 0.1329992422738796587 5.12826072744585939e-17 9.179036443929481835e-17
331 2.131914556719069154 0.5311979267116587744 -1.548233234258642091e-17 -1.628321545388643079e-17 0.1332589622740915081 1.005146567129614423e-17 8.636936541588981335e-17
332 2.138314766911651787 0.5320523904177735242 -1.570099965941867486e-17 -1.583405000695303323e-17 0.1335184577136167283 -3.41689444348353105e-17 7.018657118333187462e-17
333 2.14471435930319565 0.5329084255882081678 -1.616698595710515927e-17 -1.553756604391616786e-17 0.1337769504609481463 -7.282203817564545768e-17 4.633305009595659538e-17
334 2.151113332874390327 0.5337660269290347426 -1.679942344614051884e-17 -1.541433988331373968e-17 0.1340346872934988776 -9.884378328261820923e-17 1.925904160411750719e-17
335 2.157511686600158463 0.5346251959172291235 -1.746560335027986198e-17 -1.544610798321224081e-17 0.1342927265631785605 -1.041274963805287071e-16 -4.965524607757627607e-18
336 2.163909419449749016 0.5354859430137467458 -1.802801209847789813e-17 -1.557694883580782072e-17 0.1345524729809347286 -8.791605362633439506e-17 -2.045311608356750477e-17
337 2.170306530386830079 0.5363482867415455546 -1.835642094233179896e-17 -1.574105774550366577e-17 0.1348151876661513593 -5.134205594375156159e-17 -2.56560959918013091e-17
338 2.176703018369580356 0.5372122500572604764 -1.836258045759012199e-17 -1.586723177831626938e-17 0.1350815649385958828 -9.63046630827299292e-19 -1.97274415440166382e-17
339 2.183098882350780201 0.5380778556267938884 -1.800380345374579746e-17 -1.590519213496139126e-17 0.1353515606527820325 5.610064110705283006e-17 -5.935721413649229413e-18
340 2.189494121277902217 0.5389451219130748649 -1.729775394704679793e-17 -1.58017416980188801e-17 0.1356245188459566375 1.104131754482256128e-16 1.617774835327318283e-17
341 2.195888734093200512 0.5398140613876950544 -1.633569762725529003e-17 -1.551698015887773154e-17 0.1358995036058276429 1.504626963318220248e-16 4.453584276652542212e-17
342 2.202282719733799521 0.5406846810817741433 -1.527148169818184877e-17 -1.50371002799606785e-17 0.1361756648163744976 1.664565052172907357e-16 7.505913545024259716e-17
343 2.208676077131782822 0.5415569844163269364 -1.426101903420309814e-17 -1.437669760883692234e-17 0.1364524383480531233 1.580643898721911692e-16 1.033052966748082587e-16
344 2.215068805214280179 0.542430970232514742 -1.34342312684006593e-17 -1.356298717625004709e-17 0.1367291081383929241 1.293452957062707978e-16 1.272994362949684447e-16
345 2.221460902903553691 0.5433066351239644876 -1.285421380676239666e-17 -1.263830160503375886e-17 0.1370053227530039219 9.074873311703435549e-17 1.446750307869415313e-16
346 2.227852369117084841 0.5441839764376458222 -1.253691344489789808e-17 -1.165755585734064072e-17 0.1372812001768305423 4.964929134651817461e-17 1.534613168353989778e-16
347 2.234243202767659309 0.5450629930265090684 -1.244815210439518524e-17 -1.070956592132200856e-17 0.1375569762201509227 1.389022887564589279e-17 1.48350589440514629e-16
348 2.240633402763452242 0.5459436853870647255 -1.252808305105359811e-17 -9.899970404495925357e-18 0.1378329083174756053 -1.250960645956617699e-17 1.26705884645710728e-16
349 2.247022968008111743 0.5468260556703099518 -1.269256142718262498e-17 -9.315125054196527559e-18 0.138109255714900514 -2.574427826924264366e-17 9.154043100941835409e-17
350 2.253411897400843245 0.547710107621255049 -1.285610201895694182e-17 -9.027733624987184936e-18 0.138386268294770215 -2.560004780960093926e-17 4.498720622205882035e-17
351 2.259800189836491668 0.5485958456243954506 -1.294505072879076692e-17 -9.058651418175084423e-18 0.1386640466053802034 -1.392509749175828366e-17 -4.840242035841196665e-18
352 2.266187844205624025 0.5494832753982756834 -1.29039436125688279e-17 -9.355869863553789572e-18 0.1389427999812025416 6.436044851250893058e-18 -4.653479545362688385e-17
353 2.27257485939461068 0.5503724025815360799 -1.269999841989554634e-17 -9.810019895898028087e-18 0.139222516438867433 3.193442228980732223e-17 -7.111233525883715456e-17
354 2.278961234285706627 0.551263231738855719 -1.23452161256265162e-17 -1.025990977290738194e-17 0.1395030283217897071 5.555858161894760131e-17 -7.045234177444218794e-17
355 2.285346967757131864 0.5521557655097166784 -1.187455084798644734e-17 -1.055899683040657857e-17 0.1397840345896714798 7.371316761082942561e-17 -4.684147194841023141e-17
356 2.29173205868315133 0.5530500030349168039 -1.138260284692157975e-17 -1.060791948233690755e-17 0.1400649876243591496 7.705412570956538261e-17 -7.662785830463951957e-18
357 2.298116505934154397 0.5539459376476817409 -1.097216346723445831e-17 -1.038000116364603601e-17 0.1403449779067842129 6.429387240269380852e-17 3.570259586523575022e-17
358 2.304500308376732587 0.5548435630067700686 -1.073700007211661235e-17 -9.91671147098570702e-18 0.140624056375005968 3.684123916238097946e-17 7.258003040911991293e-17
359 2.310883464873758619 0.5557428776215425081 -1.070786305333329364e-17 -9.316401916181189742e-18 0.1409029829652894417 4.565135263952150467e-18 9.405541240528406607e-17
360 2.317265974284464125 0.5566438868759849834 -1.086266238473069754e-17 -8.681679982845430307e-18 0.1411828350730645332 -2.425614206107584788e-17 9.945718269769678389e-17
361 2.323647835464516032 0.5575466029198130613 -1.114857571617673515e-17 -8.1017937850225267e-18 0.1414646734660911509 -4.480549154870125055e-17 9.087399319351553411e-17
362 2.330029047266093389 0.5584510425398796496 -1.150687548508536626e-17 -7.622585079813137082e-18 0.141749225738827006 -5.615489823572505009e-17 7.5104475106622401e-17
363 2.336409608537962868 0.5593572239252565526 -1.187112275394777661e-17 -7.25538079538011613e-18 0.1420367127363839077 -5.70928574866999876e-17 5.755634611926026744e-17
364 2.342789518125554693 0.5602651635937085928 -1.216077554704076152e-17 -6.966096773094483764e-18 0.1423268735962033571 -4.540541392977934894e-17 4.534760612832774504e-17
365 2.349168774871037702 0.5611748746651967767 -1.229074623154139107e-17 -6.72370347285042569e-18 0.1426191766807347605 -2.037604311640257014e-17 3.800100273285955443e-17
366 2.355547377613392612 0.5620863673822938944 -1.217704446430309478e-17 -6.495294136578061046e-18 0.1429131717319775396 1.782732860368565239e-17 3.581235712320300812e-17
367 2.361925325188487523 0.5629996451529990509 -1.175154725140983144e-17 -6.287802634590596713e-18 0.1432077877958584933 6.672068074612072046e-17 3.253599281533123546e-17
368 2.368302616429149854 0.5639147012197622821 -1.100895245381337248e-17 -6.110473562063291011e-18 0.1435014311052923708 1.16455614095187905e-16 2.78091983743194878e-17
369 2.374679250165240063 0.5648315238020132911 -1.00545417055069761e-17 -5.968336798335456918e-18 0.1437933137820563145 1.49688595007372427e-16 2.229255328386558876e-17
370 2.381055225223723149 0.5657501012247080352 -9.041083431339332484e-18 -5.862912927956991665e-18 0.1440834520576500244 1.589659870259954028e-16 1.653626008883042319e-17
371 2.387430540428741921 0.566670426857812104 -8.169473173033070067e-18 -5.780198688111768598e-18 0.144372637030253298 1.367305950502339194e-16 1.297548660698666688e-17
372 2.39380519460168717 0.5675925025688980385 -7.604354211754099455e-18 -5.711379987252349081e-18 0.1446622017933049953 8.866013086656303511e-17 1.079679756356826822e-17
373 2.400179186561269162 0.5685163391693768276 -7.400743586307612818e-18 -5.645770470083249999e-18 0.1449535500085130657 3.194729778255671346e-17 1.029438801523583706e-17
374 2.406552515123588254 0.5694419538462479613 -7.494777850211962926e-18 -5.601704346593883009e-18 0.1452476829120548096 -1.475587983610647475e-17 6.914866943750765436e-18
375 2.412925179102204609 0.5703693658662740695 -7.725622514254934311e-18 -5.637457853399012993e-18 0.1455449279870072443 -3.622798635214128275e-17 -5.611035290537784445e-18
376 2.419297177308208369 0.5712985923774933639 -7.917105864445831546e-18 -5.817456347106394897e-18 0.145844953890041068 -3.005389971349267413e-17 -2.825131622706778903e-17
377 2.425668508550287594 0.5722296456748982019 -7.906436906619729156e-18 -6.202933429065425716e-18 0.1461469999360802963 1.674701312025398735e-18 -6.050815697603603039e-17
378 2.432039171634798436 0.5731625300996642247 -7.618996393148063382e-18 -6.802253010475077724e-18 0.1464498183445788193 4.512414385453321574e-17 -9.408479925024062827e-17
379 2.438409165365832632 0.5740972392148188108 -7.048222678557135721e-18 -7.545880489740141632e-18 0.1467517173834094191 8.961293037103733042e-17 -1.167514127190141313e-16
380 2.444778488545285455 0.5750337622398388193 -6.261679405427963081e-18 -8.301828543841138123e-18 0.1470520149612773442 1.235023273084027553e-16 -1.186982931457844611e-16
381 2.451147139972922773 0.5759720879348674272 -5.36358411774507193e-18 -8.866427726259407467e-18 0.1473506386570822002 1.410330282077191589e-16 -8.866223162743793277e-17
382 2.457515118446448543 0.5769122070311004657 -4.455300686288980687e-18 -9.056002762319254035e-18 0.1476478977139938364 1.426480322762151692e-16 -2.977320176288709206e-17
383 2.463882422761570989 0.5778541135979819998 -3.641597989872889657e-18 -8.769139741812422734e-18 0.1479443162472633966 1.278074633754747397e-16 4.505728584738144929e-17
384 2.470249051712069654 0.5787978054267707284 -3.02058857222358217e-18 -8.017289794278956443e-18 0.1482404788451012756 9.755169074401403353e-17 1.181048652133426966e-16
385 2.476615004089859795 0.5797432827835308222 -2.674148680532817756e-18 -6.956356817540760914e-18 0.1485367744344087415 5.442654303587618123e-17 1.666751309579657317e-16
386 2.482980278685058551 0.5806905484393547479 -2.657589978419599724e-18 -5.821982178816998425e-18 0.1488335968551281474 2.601689588987863014e-18 1.78232005588387065e-16
387 2.489344874286050224 0.581639606022133604 -2.976121605488406368e-18 -4.837664238878032098e-18 0.1491310811184336504 -5.005277527639278919e-17 1.546717514416380655e-16
388 2.495708789679549788 0.582590458067369088 -3.573387597785555886e-18 -4.148168391016101055e-18 0.1494290559723798761 -9.386201969125713933e-17 1.083561992206290357e-16
389 2.50207202365066772 0.5835431046632653107 -4.347813318820783285e-18 -3.794089802318685522e-18 0.1497271371405874407 -1.217162236637735817e-16 5.565040974986872589e-17
390 2.508434574982973952 0.5844975415520663464 -5.167427171267661981e-18 -3.702598293152968284e-18 0.1500246417366635499 -1.288322737925708293e-16 1.438123467940912063e-17
391 2.514796442458560932 0.5854537567008828436 -5.924297802252983174e-18 -3.770256600745584451e-18 0.1503203475009259327 -1.189826958961820004e-16 -1.063612129679623423e-17
392 2.521157624858106683 0.5864117379449380607 -6.529044770775348929e-18 -3.887568932196304083e-18 0.1506142333188162097 -9.507858486905798134e-17 -1.844389644362773193e-17
393 2.527518120960937864 0.5873714790191286728 -6.929191865027586361e-18 -3.98522941066773752e-18 0.150907226450484433 -6.291810342362180786e-17 -1.535588330673399748e-17
394 2.533877929545091945 0.5883329823454519492 -7.100945066424553492e-18 -4.026900810827096625e-18 0.15120069288985033 -2.700895810373912311e-17 -6.553013812109117118e-18
395 2.540237049387378043 0.5892962590865566952 -7.074337086614173914e-18 -3.9871493516801682e-18 0.1514960076435088732 4.184677715885539367e-18 6.251772830990780605e-18
396 2.546595479263440431 0.5902613265628184891 -6.886120901616053997e-18 -3.835642731958717352e-18 0.1517941400506359895 2.960426565825901567e-17 2.383026847166974251e-17
397 2.552953217947818487 0.591228204181098782 -6.59138322187878229e-18 -3.544791488393719952e-18 0.1520954194438999818 4.636393497792718819e-17 4.575257617864569064e-17
398 2.559310264214007535 0.592196909515243286 -6.255036357453403859e-18 -3.092821137542920087e-18 0.1523995586743292774 5.291507323554552375e-17 7.110529856261313667e-17
399 2.565666616834520131 0.5931674561465195561 -5.927229434191519012e-18 -2.474692504915327412e-18 0.1527059306839040065 5.157718309269491954e-17 9.725643785259693909e-17
400 2.572022274580945567 0.5941398538434912169 -5.625285884223173915e-18 -1.731455095919459846e-18 0.1530139364464872809 4.75130405071587764e-17 1.169538780469347677e-16
401 2.578377236224009827 0.595114103920271198 -5.31896982752976563e-18 -9.441169841103989036e-19 0.1533222461810795079 4.820637634311369993e-17 1.239070446938176571e-16
402 2.584731500533635096 0.5960901976862010843 -4.95253429579194985e-18 -1.954763253387109903e-19 0.1536292855145389158 5.767399700006066197e-17 1.178300011010255739e-16
403 2.59108506627899926 0.5970681179910046765 -4.47328423665474868e-18 4.509925788374180837e-19 0.1539337226005745018 7.543840259493486496e-17 1.017601991456063135e-16
404 2.597437932228594093 0.5980478448873146613 -3.868719294234351736e-18 9.659395946435524117e-19 0.1542351164348005343 9.517462941744227573e-17 8.10663800695319898e-17
405 2.603790097150284755 0.5990293628945699833 -3.177552473536170675e-18 1.359322424949986327e-18 0.1545341694708267932 1.088201029556851494e-16 6.193578570756991926e-17
406 2.610141559811367085 0.6000126666933498498 -2.461354435971755767e-18 1.666749383988762759e-18 0.154832481107032266 1.127736100050453544e-16 4.840790698279154553e-17
407 2.616492318978625775 0.6009977630793842396 -1.792468310264293911e-18 1.937746727432733299e-18 0.1551319591632776551 1.053354946878322332e-16 4.267638112625986615e-17
408 2.622842373418392103 0.6019846687999897972 -1.24568039132607231e-18 2.19712606506853393e-18 0.1554341715520407285 8.61171694725546061e-17 4.085133120760288768e-17
409 2.629191721896600775 0.6029734055783361191 -8.463883015678349051e-19 2.446143737374194399e-18 0.1557399031366368536 6.289410158907645122e-17 3.92237742274093362e-17
410 2.635540363178847656 0.6039639926128528291 -5.729812030236056704e-19 2.677015704446691333e-18 0.1560487575522231662 4.307025687510588568e-17 3.636962968415696027e-17
411 2.641888296030445282 0.60495643474520433 -3.949619886245778219e-19 2.864735062961580873e-18 0.1563584741332505468 2.804678663115443536e-17 2.957503667555248038e-17
412 2.648235519216479705 0.6059507247144680919 -2.881234271787416128e-19 2.994565352058512005e-18 0.1566671463873300918 1.68342164391338882e-17 2.045695072486623868e-17
413 2.654582031501867334 0.6069468484107629624 -2.547859413460896228e-19 3.061770678857594788e-18 0.1569736948565561285 5.253472382841930688e-18 1.059052053568619921e-17
414 2.660927831651409114 0.6079447891192135689 -3.068720922773590725e-19 3.082283648556225817e-18 0.1572777084533840963 -8.208894968666041585e-18 3.232890331514188038e-18
415 2.667272918429847373 0.6089445316296737687 -4.62674578697622753e-19 3.0648694583587041e-18 0.1575794236758424061 -2.455758933974648541e-17 -2.744824818786462354e-18
416 2.673617290601919549 0.6099460652804774563 -7.243878390101429116e-19 3.010708193889955757e-18 0.1578795569345696204 -4.12559014356481118e-17 -8.537862337905578074e-18
417 2.6799609469324146 0.6109493842977355982 -1.084265850895695969e-18 2.918308184621554655e-18 0.1581788784521682978 -5.673678991475647658e-17 -1.456738044793359896e-17
418 2.686303886186225842 0.6119544882202131442 -1.500113774470652908e-18 2.78881059968638431e-18 0.1584782257888297241 -6.556818618683366861e-17 -2.041833391106029995e-17
419 2.692646107128406907 0.6129613801644219206 -1.898694125637149755e-18 2.636380018397469894e-18 0.1587781633026039974 -6.285267893016511861e-17 -2.403698616063610354e-17
420 2.698987608524224147 0.6139700631525869534 -2.176000256119835077e-18 2.468883214158821704e-18 0.159078676493061566 -4.37337525646662194e-17 -2.641580184035185828e-17
421 2.705328389139211254 0.6149805374727799201 -2.26023092589127693e-18 2.306740219505474122e-18 0.1593793344735306983 -1.328547180483318094e-17 -2.557436845348014445e-17
422 2.711668447739222554 0.6159927978718637842 -2.072564859266712414e-18 2.144059321773186998e-18 0.1596792633603354716 2.960342941743381577e-17 -2.56621378611670642e-17
423 2.718007783090485852 0.6170068288706314075 -1.621290267349609264e-18 1.946169118459646628e-18 0.1599768497700129466 7.119455685662856066e-17 -3.121980626324219174e-17
424 2.724346393959654833 0.6180226141427328512 -9.838648593985675174e-19 1.686523984398271548e-18 0.1602719593975320544 1.005738337697454599e-16 -4.09671566688124396e-17
425 2.7306842791138628 0.6190401442585080627 -2.790123202693088397e-19 1.36661561260386669e-18 0.1605656798445680988 1.112253341506619478e-16 -5.048136110055457645e-17
426 2.737021437320773742 0.6200594203602934895 3.423863049044922971e-19 1.018680588113068068e-18 0.160859679236374703 9.806762205872350418e-17 -5.491026066112212945e-17
427 2.743357867348634738 0.6210804543989008053 7.587644504512839447e-19 6.808835960377101461e-19 0.1611556637881611798 6.57193530237250796e-17 -5.331643845860335739e-17
428 2.749693567966327468 0.6221032660615964938 9.020411479665468834e-19 4.119274692228051358e-19 0.161454855570598188 2.261679187641624839e-17 -4.245578555027571594e-17
429 2.75602853794342062 0.6231278778398144924 7.726465074779277577e-19 2.479747666593449603e-19 0.1617576985491170904 -2.042781441223770347e-17 -2.588357112554248628e-17
430 2.76236277605022007 0.6241543102884226091 4.503915506924598792e-19 2.005789889393817648e-19 0.1620638883803725283 -5.088098239423660103e-17 -7.483341003614151693e-18
431 2.768696281057819508 0.6251825796022013604 5.34382392197804695e-20 2.495000571567537628e-19 0.1623727378874326721 -6.268240735536277243e-17 7.725065486629291169e-18
432 2.775029051738151509 0.6262127005418868242 -2.749623587537149217e-19 3.681293283554714591e-19 0.1626840216779634196 -5.186335695310620851e-17 1.873477781475445432e-17
433 2.781361086864038601 0.6272446765871801944 -4.170907513213244601e-19 5.112868121712513778e-19 0.162995958968699256 -2.244853816994413411e-17 2.261107848822655635e-17
434 2.787692385209242119 0.6282784932803936462 -3.1359204497388751e-19 6.423647300413430242e-19 0.1633057166836015539 1.634905929343989896e-17 2.070557910284299007e-17
435 2.794022945548512826 0.6293141219241787931 3.013984822802009878e-20 7.619459057340776909e-19 0.1636110445983698369 5.430357150319364687e-17 1.889171488911562478e-17
436 2.800352766657639769 0.6303515294183037465 5.69976032917547618e-19 9.093052921100100566e-19 0.1639112456505555371 8.529456552108386361e-17 2.328290543105659906e-17
437 2.806681847313500455 0.6313906898406209667 1.231884295748552951e-18 1.12584019370880365e-18 0.1642074524612952002 1.045943121661572225e-16 3.421670398224774408e-17
438 2.813010186294108816 0.6324315931158989157 1.931577714621432932e-18 1.456570663525033716e-18 0.1645021681802004143 1.105780788664217342e-16 5.22679490594323998e-17
439 2.819337782378664503 0.6334742477766399649 2.582769629541610358e-18 1.923665770991386255e-18 0.1647983334935176902 1.029251068489167792e-16 7.382741207785679581e-17
440 2.825664634347602178 0.6345186771548796401 3.094345807334069105e-18 2.498758443882809088e-18 0.1650982884884192592 8.086746039960827369e-17 9.090783732705223245e-17
441 2.831990740982638144 0.635564902994836034 3.407834078924639594e-18 3.152174358196971192e-18 0.1654017836190586899 4.95605416005584088e-17 1.033009829666878858e-16
442 2.838316101066819197 0.6366129328025588174 3.496746204851977575e-18 3.837479470804448746e-18 0.1657065690463234986 1.405811478401345361e-17 1.083552758931949705e-16
443 2.844640713384571029 0.6376627634613660778 3.3754215749263921e-18 4.51951422120465419e-18 0.1660109655811488061 -1.91852074367916298e-17 1.078509629376495694e-16
444 2.85096457672174397 0.6387143826431298521 3.077043304527201635e-18 5.184564036174994814e-18 0.1663135164322172566 -4.718850724443959182e-17 1.051775920869010602e-16
445 2.857287689865662283 0.6397677723867056798 2.667093061593253562e-18 5.831922242925998523e-18 0.1666133301094506747 -6.48413140254651445e-17 1.023918328977962644e-16
446 2.863610051605169016 0.6408229143193862054 2.22009854811724672e-18 6.45157521721579027e-18 0.1669103406636335829 -7.070897687623871477e-17 9.802139961322199874e-17
447 2.869931660730674849 0.6418797940523367496 1.805522022412296546e-18 7.013503057711233966e-18 0.1672051774956163361 -6.558867523411793116e-17 8.890060181915605834e-17
448 2.876252516034202955 0.6429384028585404254 1.487602599418785009e-18 7.458990053541315075e-18 0.167498735795709508 -5.030290804710335593e-17 7.0487330331743399e-17
449 2.88257261630943562 0.643998740511164125 1.312739573668406693e-18 7.732251146900714138e-18 0.1677923603338878356 -2.76710722788918711e-17 4.32420028928877591e-17
450 2.888891960351761323 0.6450608103721044984 1.320448736587875487e-18 7.777066026323839711e-18 0.1680866192192739528 1.220077115263103674e-18 7.09254809874998047e-18
451 2.895210546958318698 0.6461246152312483115 1.510041192679842199e-18 7.590338913358258731e-18 0.1683814222611885458 3.000911974819483899e-17 -2.955558680299330597e-17
452 2.901528374928043608 0.6471901532599534379 1.87277043867043178e-18 7.233462228804894065e-18 0.168676038655633298 5.742050557556392304e-17 -5.649403758228205754e-17
453 2.907845443061713109 0.648257411558741059 2.344261688400026777e-18 6.843458895976982121e-18 0.1689687157137370055 7.464666334998258724e-17 -6.174546719090250025e-17
454 2.914161750161991637 0.6493263706748751973 2.875790071165210334e-18 6.574582959975358825e-18 0.1692584152098821071 8.416192008471086224e-17 -4.257367202245432323e-17
455 2.920477295033474974 0.650397016774538872 3.408908393674393724e-18 6.551968516989451033e-18 0.169546025981487547 8.442387544095509396e-17 -3.58119171148159182e-18
456 2.926792076482735094 0.6514693472641486238 3.911718604711553804e-18 6.822433139216977772e-18 0.1698333275829657096 7.963396742939828e-17 4.283558775157733483e-17
457 2.933106093318364138 0.6525433726206175677 4.363383850959001112e-18 7.331423234543701102e-18 0.1701223903363890122 7.154241830575705694e-17 8.062250220908472301e-17
458 2.939419344351018815 0.6536191139982735487 4.733987707673190318e-18 7.931226761925936246e-18 0.1704149064651359347 5.870967026961587609e-17 9.501862077577051362e-17
459 2.945731828393464369 0.6546965979441864425 4.996788554464444187e-18 8.440673831716272497e-18 0.17071173173689691 4.163698942135728475e-17 8.071451258469689921e-17
460 2.952043544260617214 0.6557758506704177703 5.12519936828564315e-18 8.717089004943833271e-18 0.1710128147492687989 2.034731456504193235e-17 4.379932120080699456e-17
461 2.958354490769588896 0.6568568984481485407 5.122085025600279231e-18 8.700624308334041277e-18 0.1713181665370902829 -4.935429217982928374e-19 -2.609229391970072146e-18
462 2.964664666739729171 0.6579397662549537618 5.00850557034951888e-18 8.428918383724498051e-18 0.1716275837454613873 -1.800161325815449666e-17 -4.306364178250032841e-17
463 2.970974070992668192 0.6590244602997343826 4.852709413455038039e-18 8.03582403253138561e-18 0.1719380928978099243 -2.469571417501613768e-17 -6.231055973642176972e-17
464 2.977282702352359589 0.660110959392703589 4.726489650766533031e-18 7.703366868378377022e-18 0.1722453509238001945 -2.000992679928140008e-17 -5.270524501789618801e-17
465 2.983590559645122653 0.661199221295803552 4.688280404801933247e-18 7.620310638637211627e-18 0.1725460194881653364 -6.058149495131664961e-18 -1.316872509706579222e-17
466 2.989897641699684971 0.662289197336991875 4.734291186850282024e-18 7.92492551529553453e-18 0.1728390760149560168 7.295996201248860809e-18 4.830322120166533644e-17
467 2.996203947347222396 0.6633808491904527038 4.83039265658947741e-18 8.68613404335129244e-18 0.1731261586053054746 1.524082814454518849e-17 1.207208213333736908e-16
468 3.002509475421403451 0.6644741613699866045 4.927151268567190881e-18 9.88322033979116005e-18 0.1734108877435504847 1.534694034693895699e-17 1.898705614527867185e-16
469 3.008814224758427525 0.6655691447790657023 4.972522768712992842e-18 1.142170515697194379e-17 0.1736974488434634145 7.197290625758680403e-18 2.44050170635407403e-16
470 3.015118194197068835 0.6666658183705125307 4.977783543724824493e-18 1.313914670470533049e-17 0.1739871196996304603 8.346212572593070125e-19 2.724718735575543508e-16
471 3.021421382578715065 0.667764193048919652 4.972493028118345183e-18 1.485525264919193271e-17 0.1742786245454973904 -8.394437719292794484e-19 2.722937713870103919e-16
472 3.02772378874740955 0.66886427455837838 5.021962459921621786e-18 1.639183764893944289e-17 0.1745711452335010905 7.850268629819871413e-18 2.438395708391923143e-16
473 3.034025411549890805 0.6699660600571836211 5.157515346434585212e-18 1.762972077768429978e-17 0.174863319583746013 2.15134685839662711e-17 1.964632438743935525e-16
474 3.040326249835632932 0.6710695377146337348 5.387160573053378699e-18 1.853653981217716007e-17 0.1751537207368271953 3.64513188102784295e-17 1.439383270282308404e-16
475 3.046626302456885149 0.6721746905386908333 5.698750731688516e-18 1.915807427210130222e-17 0.1754415287543887314 4.946451982549035377e-17 9.866776200445857536e-17
476 3.052925568268711753 0.6732815015374998824 6.059876434145770996e-18 1.95860478936335686e-17 0.1757267427709651164 5.733539284663011843e-17 6.794873793690161959e-17
477 3.059224046129031649 0.6743899581247850827 6.442183671440880121e-18 1.991423438212891279e-17 0.1760100614421309106 6.070595916695745284e-17 5.21122114001906055e-17
478 3.065521734898657424 0.6755000574395026991 6.845017280390453292e-18 2.020148740319140944e-17 0.1762930285749504111 6.397333643212364962e-17 4.561817522002087261e-17
479 3.071818633441333546 0.6766118020722141635 7.297400640619195606e-18 2.044205839008720529e-17 0.1765765099761470447 7.185128002431066207e-17 3.820948086250223291e-17
480 3.07811474062377588 0.6777251954662617539 7.837176916432339558e-18 2.058148866562374258e-17 0.1768606413709932212 8.574254063974965284e-17 2.2148261422926093e-17
481 3.084410055315709442 0.6788402366636396845 8.46234633964149963e-18 2.054494977738023492e-17 0.177144723837465573 9.931961714638114258e-17 -5.804871858049179774e-18
482 3.090704576389907476 0.6799569119573798393 9.173557211887972556e-18 2.029182776387043506e-17 0.1774267317607499117 1.130031454647466421e-16 -4.021814742880493748e-17
483 3.096998302722227425 0.681075202009681413 9.919089134381474358e-18 1.98445434803715404e-17 0.1777057696307373924 1.184713427418196752e-16 -7.107726450692491958e-17
484 3.1032912331916509 0.6821950945978275671 1.065492260824969592e-17 1.927617237298175343e-17 0.1779829671705214222 1.169449877682049892e-16 -9.033042741597719483e-17
485 3.109583366680319205 0.683316590616815156 1.135721676109864955e-17 1.870264996126074001e-17 0.1782604087822811101 1.116287892713867908e-16 -9.116067986713251474e-17
486 3.11587470207357109 0.6844397057223871039 1.202556047033772544e-17 1.823489728319512527e-17 0.1785404411150945392 1.062459048694518511e-16 -7.435815711166253722e-17
487 3.122165238259980491 0.6855644672735243805 1.26739963613340269e-17 1.794471645556713388e-17 0.1788249259002673563 1.030942958898665378e-16 -4.61356142071060404e-17
488 3.128454974131391175 0.6866909084106177508 1.331076521143289897e-17 1.785523021180337019e-17 0.1791147841926439277 1.012522637981374808e-16 -1.422915828634837369e-17
489 3.134743908582954486 0.6878190694187665821 1.392101411583958111e-17 1.793595717011871869e-17 0.1794111543252919216 9.704772596688303195e-17 1.283798737229169759e-17
490 3.141032040513164869 0.6889489896265773572 1.446812280476000785e-17 1.812319585321251101e-17 0.1797138867207109247 8.701767457992920779e-17 2.978032541647300459e-17
491 3.147319368823896735 0.6900806923627248457 1.48827222429915337e-17 1.832691634284744719e-17 0.1800204387636687164 6.595051014516788344e-17 3.240590550666565344e-17
492 3.153605892420437762 0.6912141673527610886 1.509972876017014355e-17 1.845167051560713072e-17 0.1803254660339962123 3.452374484362857271e-17 1.984724368894573588e-17
493 3.159891610211526647 0.6923493703846221869 1.510573715145009269e-17 1.844668146367402884e-17 0.1806235681475809873 9.560026192247391311e-19 -7.938142662929582056e-19
494 3.16617652110938641 0.6934862383229246641 1.493707064925567896e-17 1.828865569311128198e-17 0.1809117311902440073 -2.684018774542628703e-17 -2.514690999894508454e-17
495 3.172460624029760368 0.6946247109378774764 1.467926182007058527e-17 1.801863096220616328e-17 0.1811904138058129388 -4.103084064501334658e-17 -4.297502819822420708e-17
496 3.178743917891944992 0.6957647510871658447 1.444399141928343311e-17 1.772571128936085185e-17 0.1814632872681281039 -3.744862876134253545e-17 -4.662481998830817044e-17
497 3.185026401618826331 0.6969063551120763256 1.430041029860247052e-17 1.749669339493445368e-17 0.1817356797291942994 -2.285714835779459002e-17 -3.645810789515595848e-17
498 3.191308074136911976 0.698049524855853365 1.426172972539532117e-17 1.740449253830250484e-17 0.1820084670243224123 -6.158483349808261859e-18 -1.467965423793091827e-17
499 3.19758893437636571 0.6991942621357389864 1.427727677453593966e-17 1.748379318239124924e-17 0.1822816451985729835 2.475626281357804189e-18 1.262739680431031767e-17
500 3.20386898127104125 0.7003405738202574948 1.427059342884615561e-17 1.773004377857577317e-17 0.182556018877354953 -1.064357101463985751e-18 3.92166712533387375e-17
501 3.210148213758514668 0.7014884639715219805 1.416051805558001933e-17 1.811074326801796935e-17 0.1828311415624133407 -1.753234499833203518e-17 6.063622217707074118e-17
502 3.216426630780117257 0.702637929091618485 1.391790197526984646e-17 1.861812523183856531e-17 0.1831058092882143218 -3.864790062337635684e-17 8.082418811961083276e-17
503 3.222704231280968834 0.7037889590943543494 1.355341882970813476e-17 1.927153025302960541e-17 0.1833789722774107067 -5.80684643203695633e-17 1.04098712441994358e-16
504 3.228981014210009715 0.704941540549446799 1.313396112193830092e-17 2.010944979305415181e-17 0.1836500971255959347 -6.683557889262716069e-17 1.335124769091487254e-16
505 3.235256978520032245 0.70609566407145119 1.27659597282805813e-17 2.116728665517820404e-17 0.1839198276378940233 -5.864428858921823499e-17 1.685756937116821231e-16
506 3.241532123167713664 0.7072513286096943075 1.250557075737704118e-17 2.242285137425047734e-17 0.1841894916809705407 -4.150072153547698014e-17 2.001115546299024823e-16
507 3.247806447113646744 0.7084085379524364123 1.240129822428946552e-17 2.377354977877581451e-17 0.1844598605756186116 -1.66211040688834726e-17 2.153021326185225827e-16
508 3.254079949322370879 0.7095672961041482596 1.24536607992653609e-17 2.503682421354034197e-17 0.1847309690841995311 8.347720535774451366e-18 2.013931122802357136e-16
509 3.260352628762404059 0.7107276009919496484 1.266564608924888372e-17 2.60098387144716069e-17 0.1850018485256051115 3.379945298817037682e-17 1.55139811274596118e-16
510 3.266624484406272622 0.7118894364062706703 1.301551583592231631e-17 2.653700009001652023e-17 0.1852702445385378538 5.579142512255250495e-17 8.406295397317712178e-17
511 3.272895515230541896 0.7130527858054405144 1.345707608429272129e-17 2.656426391088743904e-17 0.1855361031890343793 7.042197972877986546e-17 4.348154635265918913e-18
512 3.279165720215846402 0.7142176434991167611 1.393223397492558395e-17 2.618059975561116038e-17 0.1858011543286489931 7.579027468096211288e-17 -6.11965249591024165e-17
513 3.285435098346919602 0.7153840198940255579 1.437824648026434172e-17 2.557026504390867934e-17 0.1860679655533982457 7.115082218913105112e-17 -9.736457168440778719e-17
514 3.2917036486126241 0.7165519416270730302 1.473683824169670766e-17 2.497029350708588418e-17 0.1863391270527231247 5.721246030695085414e-17 -9.572402778765139418e-17
515 3.297971370005979175 0.7177214497898611878 1.500129919728605369e-17 2.459956988447298334e-17 0.186616947076442552 4.219970216825423917e-17 -5.915590233778525708e-17
516 3.304238261524192311 0.7188926016032194388 1.518626194451949333e-17 2.456990005754856835e-17 0.1869040023395843186 2.951818658122915095e-17 -4.735004751428613452e-18
517 3.310504322168685398 0.7200654502584795669 1.53510214904414484e-17 2.487320168463618236e-17 0.1871996533743208457 2.629745086748521125e-17 4.841030358352005307e-17
518 3.31676955094512449 0.7212400256353010963 1.556791301533063963e-17 2.541149548791991626e-17 0.1875001823218023222 3.462289544228830665e-17 8.592908403334835055e-17
519 3.32303394686344733 0.7224163234844305226 1.587443530094802785e-17 2.603492080041409317e-17 0.1878001423389357161 4.893737492727968749e-17 9.953207217946321702e-17
520 3.329297508937892225 0.7235942988986574509 1.627673385190852989e-17 2.661707541737218382e-17 0.1880930411571530292 6.423695858961391837e-17 9.295544797018423984e-17
521 3.335560236187023797 0.7247738800182962349 1.676326649297980604e-17 2.710085277077425899e-17 0.1883745717523322982 7.769739306559959857e-17 7.725738421322057785e-17
522 3.341822127633761408 0.7259549925416183269 1.730833664706346252e-17 2.750775562839466531e-17 0.1886443395345581142 8.705724237678976973e-17 6.498950719329086711e-17
523 3.348083182305405359 0.7271375846826032552 1.791494833815641106e-17 2.792943324667722984e-17 0.1889059364135831642 9.689946818849665071e-17 6.735830772557899925e-17
524 3.354343399233664424 0.7283216301710504492 1.859288188205882528e-17 2.846465586661531123e-17 0.1891634355105132059 1.083068509306785263e-16 8.55073141515846061e-17
525 3.360602777454681167 0.7295070978472908418 1.935342169884318108e-17 2.915158974902435295e-17 0.1894160539142734911 1.215203533822533453e-16 1.097594712312853886e-16
526 3.366861316009058136 0.7306939731400535765 2.019940414684563642e-17 2.992979871959350378e-17 0.189666440519099172 1.351906814748555412e-16 1.24360264577006733e-16
527 3.373119013941883626 0.7318822592728443377 2.111194819603105729e-17 3.067788869954449772e-17 0.1899174384474808241 1.458470510673725195e-16 1.195632338036681044e-16
528 3.379375870302756546 0.7330719665671174834 2.204259539278450149e-17 3.125190652151196879e-17 0.1901701825026862469 1.487604119972621006e-16 9.175456390728715846e-17
529 3.385631884145811732 0.7342631036780231657 2.288390173489196004e-17 3.152568799125581102e-17 0.1904244069778284476 1.344977499363497e-16 4.376882689671954309e-17
530 3.391887054529744372 0.7354556744736279184 2.350360643034337193e-17 3.143423307355536868e-17 0.1906793470432496251 9.908416936236063733e-17 -1.462266563568752918e-17
531 3.398141380517835319 0.7366496773463789838 2.377880346316581865e-17 3.099291451589948616e-17 0.1909341273512061843 4.400701749613679411e-17 -7.057166746656962934e-17
532 3.404394861177973297 0.7378451131368242155 2.36716354220596151e-17 3.029087388812247371e-17 0.191189139340269959 -1.713966212793984807e-17 -1.122791742387110386e-16
533 3.410647495582679767 0.7390419863440704784 2.32296319004994901e-17 2.946664054170183089e-17 0.1914449682775634654 -7.070034624497957268e-17 -1.318396350619818418e-16
534 3.416899282809132021 0.7402403026998348734 2.260223515015827244e-17 2.866640412121839877e-17 0.1917018116530667948 -1.003683986178565138e-16 -1.280185911003287448e-16
535 3.423150221939185833 0.7414400656617637919 2.198795393885591946e-17 2.804818901112844762e-17 0.1919593060024680498 -9.828357663448334906e-17 -9.891299136482020139e-17
536 3.429400312059398548 0.7426412691588791803 2.157887717453568682e-17 2.773541310758873848e-17 0.1922159267934439586 -6.546024014440891565e-17 -5.005022905937098612e-17
537 3.435649552261050399 0.7438438963177916863 2.151276144278168558e-17 2.778852377981378848e-17 0.1924699448039813021 -1.058124386021278186e-17 8.499897974116900487e-18
538 3.441897941640167602 0.745047936753886697 2.179347984675595543e-17 2.820219391745252781e-17 0.1927223975470788719 4.493264696738442665e-17 6.621330839845630669e-17
539 3.448145479297542781 0.746253396086130838 2.231715473659072693e-17 2.890467834004681776e-17 0.1929758462754080361 8.383244655040669006e-17 1.12457154148083053e-16
540 3.454392164338756288 0.7474602995347338075 2.291052948558568256e-17 2.978373643867796337e-17 0.1932334296489412739 9.500332271657619893e-17 1.40743165044227701e-16
541 3.460637995874198403 0.7486686959117956341 2.340872083709987626e-17 3.075230875761000945e-17 0.1934989270618609758 7.977472774611005717e-17 1.550962151598512111e-16
542 3.4668829730190871 0.74987866205528797 2.370126010189517852e-17 3.174905668850390975e-17 0.1937768300859525339 4.685034512130343627e-17 1.596298007858883087e-16
543 3.47312709489349114 0.7510902680364290873 2.377419991118359378e-17 3.27694419144170214e-17 0.1940660599373770501 1.168295767891058117e-17 1.634377375925217114e-16
544 3.479370360622346947 0.7523035511907285589 2.368659364111480763e-17 3.383970061650416852e-17 0.194361377163105864 -1.403404904976577725e-17 1.714496360732635256e-16
545 3.485612769335479477 0.7535185085576070474 2.35626128305447361e-17 3.498519095414063194e-17 0.1946563281391555655 -1.98637828809503981e-17 1.835265574923577866e-16
546 3.491854320167620873 0.7547350953940786811 2.351207862007462493e-17 3.620607249400128503e-17 0.1949442175273583822 -8.097533051590008223e-18 1.956323949484683994e-16
547 3.498095012258428671 0.7559532327813736075 2.361033816155000336e-17 3.74407435765962563e-17 0.1952195653411586129 1.574714410501918961e-17 1.978692671265413479e-16
548 3.504334844752503564 0.757172834136866868 2.389705667172496975e-17 3.859591037566208754e-17 0.1954811379702217633 4.595604981388363501e-17 1.851533859073774379e-16
549 3.510573816799408053 0.7583938331052663129 2.435358413026351783e-17 3.960440011471542111e-17 0.1957321722065871183 7.318360903190307228e-17 1.616658919308641437e-16
550 3.516811927553682882 0.7596161780330533686 2.494360155736994819e-17 4.03985364972953329e-17 0.1959750207224458807 9.459578460649840003e-17 1.27321585335414562e-16
551 3.523049176174863906 0.7608397978205201362 2.560314729793512154e-17 4.095399963843724543e-17 0.1962065618808671308 1.057576899989247713e-16 8.906811927308679256e-17
552 3.529285561827499418 0.7620646520446391348 2.622441273020139703e-17 4.128980912947754986e-17 0.196431710587136682 9.963326997259083727e-17 5.385427217176473682e-17
553 3.535521083681165244 0.7632907327551289312 2.669667526719818539e-17 4.143383803495645947e-17 0.1966556725403862116 7.574795528071859036e-17 2.310133503437587308e-17
554 3.541755740910480732 0.7645180523925070304 2.693533289539550895e-17 4.143336579818738616e-17 0.196881718186623339 3.828450426997971721e-17 -7.575433787094853488e-20
555 3.547989532695123405 0.765746631408893208 2.687048055415533805e-17 4.131787217409365395e-17 0.1971111336904731726 -1.040479963749736623e-17 -1.852960116973162811e-17
556 3.554222458219844949 0.7669764905179791148 2.652114138101436897e-17 4.109505969838999731e-17 0.1973439623581170199 -5.605518235807134811e-17 -3.575262929984034939e-17
557 3.560454516674484537 0.7682076462222284796 2.601351727859979385e-17 4.075659439253855221e-17 0.1975795297130276129 -8.146502597510014659e-17 -5.431791910924591826e-17
558 3.566685707253982152 0.7694401151008940509 2.54804199306265781e-17 4.033931274389538631e-17 0.1978178491536506101 -8.556497660189294795e-17 -6.697593720602358563e-17
559 3.57291602915839368 0.7706739130238576818 2.507728478756280064e-17 3.990975118503494979e-17 0.198058807886374949 -6.471437855927672508e-17 -6.895655169961035594e-17
560 3.579145481592902023 0.7719090523896600109 2.492872934089247075e-17 3.954587971130949134e-17 0.1983018496206103987 -2.385060395739692856e-17 -5.84196312268466741e-17
561 3.585374063767830854 0.7731455396083057874 2.509340249330953393e-17 3.931419919533827857e-17 0.1985460135627542255 2.644200235973947208e-17 -3.720155143748720048e-17
562 3.591601774898656174 0.7743833672617304043 2.554164359288856811e-17 3.926838604473798794e-17 0.1987890793907459708 7.198533275928464088e-17 -7.357368375658743994e-18
563 3.59782861420601785 0.7756225196240212894 2.622001699606647769e-17 3.942805381803349647e-17 0.1990297121823156046 1.089587263805313665e-16 2.564545888856357759e-17
564 3.604054580915730721 0.7768629941451544729 2.7039909722324476e-17 3.977383435815502491e-17 0.1992700274149719619 1.317076999610747871e-16 5.554624180965536913e-17
565 3.610279674258795257 0.7781048100893929176 2.790058186053055404e-17 4.027149787688659351e-17 0.199513529620273633 1.382779283323093218e-16 7.995597547772840211e-17
566 3.616503893471406883 0.7793480197335812543 2.871801133232021344e-17 4.086387446277879494e-17 0.1997655247005979129 1.313489065188201841e-16 9.518621421116805159e-17
567 3.622727237794966637 0.7805927181326339781 2.940450022975516337e-17 4.149489596269975194e-17 0.2000328909374518571 1.103242029192624318e-16 1.014101528281367291e-16
568 3.628949706476089609 0.7818389976991021451 2.987975537534693269e-17 4.212735528851646688e-17 0.200315210041393188 7.638802470480588803e-17 1.016555402995488007e-16
569 3.635171298766613379 0.7830869125188699709 3.0081373990890824e-17 4.272712777540280452e-17 0.200606327130223111 3.241084191376621677e-17 9.64153592874339193e-17
570 3.64139201392360734 0.7843364634437031135 2.99855806287924632e-17 4.326701544201322334e-17 0.2008976870973546158 -1.540126496837928252e-17 8.680093092556377561e-17
571 3.647611851209378031 0.7855876060751426637 2.963833916401522768e-17 4.374078666673944835e-17 0.2011820138057489604 -5.583594979923379092e-17 7.6181761118608773e-17
572 3.653830809891478015 0.7868402635510531873 2.915590402882172824e-17 4.415455083933952343e-17 0.2014540833516581808 -7.758587627187856172e-17 6.654211843051163478e-17
573 3.660048889242711212 0.7880943442379318986 2.872199422313525895e-17 4.455805520896177408e-17 0.2017115145714709623 -6.979184434318372045e-17 6.490130849179072941e-17
574 3.666266088541139556 0.7893497700917665449 2.852702478671388765e-17 4.499744469425713782e-17 0.2019564872662548416 -3.13641322453819553e-17 7.068323208490100367e-17
575 3.672482407070088328 0.7906064686187864732 2.87057839982314435e-17 4.553772903528056261e-17 0.2021898890298848006 2.876052160696962031e-17 8.692620275059459189e-17
576 3.678697844118150595 0.7918643168153387535 2.928996950722348762e-17 4.624065670852711388e-17 0.2024035871720567259 9.400279216364651191e-17 1.131098990940066572e-16
577 3.684912398979192094 0.7931232263700878082 3.020402576541690724e-17 4.713667366298074874e-17 0.2026031564245077132 1.471040412402554243e-16 1.442008780514513383e-16
578 3.691126070952353899 0.7943831579449686098 3.129476104270927438e-17 4.822301444641301122e-17 0.2027964733144433929 1.755629210066270466e-16 1.748555906447256154e-16
579 3.697338859342057305 0.7956441127716030737 3.239968941724168402e-17 4.946620127467328812e-17 0.2029900660245592958 1.778727349792412926e-16 2.001297516921875054e-16
580 3.703550763458004713 0.7969061185084757026 3.337447126367661367e-17 5.077155200703557062e-17 0.2031881893994773591 1.569439445872961978e-16 2.10166914531813207e-16
581 3.709761782615183634 0.7981692163064715295 3.417656938332978851e-17 5.202721631540819873e-17 0.203393017911107199 1.291595611012387725e-16 2.021960243841804062e-16
582 3.715971916133866682 0.7994334504558614496 3.484291326045448831e-17 5.312748921231064153e-17 0.20360505992094724 1.073147605571342895e-16 1.771990807330458092e-16
583 3.722181163339612908 0.8006988634745293432 3.544813168370930917e-17 5.400077209723227252e-17 0.203824032930037119 9.748442446183766106e-17 1.406624057660499694e-16
584 3.728389523563268249 0.8021407700123502904 3.615776480737738674e-17 5.464683258676871054e-17 0.2041182792089649145 1.004566442230823227e-16 9.145721441028527474e-17
585 3.735453597116155322 0.8035841859073765692 3.688899311173101099e-17 5.493969034632694025e-17 0.2043804002368742601 1.035382345610135243e-16 4.146717956843310801e-17
586 3.742515995924227568 0.805029128909798386 3.752162581885925249e-17 5.491692357719949455e-17 0.2046452167263277389 8.959886808090407874e-17 -3.224425042673502779e-18
587 3.749576718014566712 0.8064755896315891626 3.788104554432223533e-17 5.458111458643621334e-17 0.2049088856840478035 5.091620832006187213e-17 -4.757145843186032059e-17
588 3.756635761437510546 0.8079235587173480004 3.788125589393059039e-17 5.398293097765046257e-17 0.20517141042933984 2.980569561454667708e-20 -8.476021754702378264e-17
589 3.763693124267589063 0.8093730646136170215 3.754015045850872388e-17 5.321371363764519408e-17 0.2054381473023185189 -4.834479726380620642e-17 -1.090210019912665225e-16
590 3.770748804603996973 0.8108242294062490974 3.703522786355403274e-17 5.243021226973472592e-17 0.2057223734611536015 -7.157965461651295575e-17 -1.110719897801950366e-16
591 3.777802800570585706 0.8122772279700700704 3.662525934748112343e-17 5.17940259474226456e-17 0.2060315863003340242 -5.813251699132588305e-17 -9.020963986629399922e-17
592 3.784855110315475724 0.8137321834190571757 3.652297594240819414e-17 5.139852860800855058e-17 0.2063584619810506504 -1.450700512632824447e-17 -5.609396681933468696e-17
593 3.791905732010459218 0.8151891153309571703 3.685226398449189575e-17 5.127021038737314718e-17 0.2066883245558995552 4.67146015257598225e-17 -1.820392416179452704e-17
594 3.798954663850370395 0.8166479449356132125 3.756930650636637249e-17 5.133770721379740492e-17 0.2070072202455097987 1.017479894686265421e-16 9.577767251832698941e-18
595 3.806001904052552121 0.8181085449957480327 3.85111506736922222e-17 5.1496931859541096e-17 0.20730826162722224 1.336793571226033738e-16 2.25993312052092021e-17
596 3.813047450856476672 0.819570783276746373 3.945135247134340305e-17 5.170497951024628038e-17 0.2075907259435536834 1.334783641244742935e-16 2.953606358277825285e-17
597 3.820091302523510812 0.821034560118552581 4.022989755475251436e-17 5.198581785141915172e-17 0.2078592249986252194 1.105549514393320286e-16 3.987960341964442093e-17
598 3.82713345733677901 0.8224996657412442236 4.076543245187213609e-17 5.239987566222933757e-17 0.2080981072379794183 7.606536806932734191e-17 5.881121837373291255e-17
599 3.83417391360107418 0.8239658556930121724 4.113337748171765977e-17 5.297253416281147328e-17 0.2083024248997766836 5.22741557833092973e-17 8.135791284539109771e-17
600 3.841212669642793287 0.8254329831578756105 4.14370562634773078e-17 5.363235248427937402e-17 0.208486026969010918 4.315424814826966656e-17 9.376342796296111007e-17
601 3.848249723809888501 0.8269010057819270454 4.174106159885412604e-17 5.426436546229563481e-17 0.2086637460713923753 4.32111134161873575e-17 8.983389860481213284e-17
602 3.855285074471853424 0.8283699641953184978 4.201397289281917681e-17 5.477223268821708358e-17 0.2088473755735293924 3.88008312484406267e-17 7.220540507244551741e-17
603 3.862318720019743967 0.8298399527171429479 4.218554482261063146e-17 5.513346342680156145e-17 0.2090445542708810889 2.439895077829130682e-17 5.137000569406416433e-17
604 3.869350658866233417 0.8313110885810957029 4.216293690844864411e-17 5.546832815428216289e-17 0.2092585509577353509 -3.215814034335688941e-18 4.763211159244743913e-17
605 3.876380889445675049 0.83278348674682523 4.18943631333283543e-17 5.592337510202855854e-17 0.2094890538468993091 -3.821199139443542256e-17 6.474291856515648906e-17
606 3.883409410214142543 0.834257239404100237 4.138001897539082627e-17 5.661249315972192639e-17 0.209732834062041823 -7.319739672392235049e-17 9.806983724840392119e-17
607 3.890436219649421545 0.8357324039427158624 4.068081987737678876e-17 5.750561743718156089e-17 0.2099849471530213507 -9.952875208327958231e-17 1.271333802393628218e-16
608 3.897461316250944385 0.8372090032083757682 3.990694027220128749e-17 5.846603903133421556e-17 0.2102404802923236449 -1.10186171471391467e-16 1.367463075010657291e-16
609 3.904484698539677723 0.8386870321816427554 3.916814808855204177e-17 5.931198845518218979e-17 0.2104954670532761252 -1.052160739507137049e-16 1.204770151986482734e-16
610 3.911506365058001755 0.8401665152989465923 3.860164906689431268e-17 5.990921172305047786e-17 0.2107541025765676812 -8.069844902154445498e-17 8.507515387320082407e-17
611 3.91852631436962362 0.8416475923739337173 3.832216852516643021e-17 6.018602709467811285e-17 0.2110328287026644045 -3.982207967718504656e-17 3.944233010524990136e-17
612 3.925544545059569401 0.8431304592827125743 3.842948426159001906e-17 6.012674583657521592e-17 0.2113396497951163799 1.529474426800988354e-17 -8.448823190206930948e-18
613 3.932561055734288491 0.8446152490790249656 3.894707538698862815e-17 5.979351955223948209e-17 0.2116656303476564249 7.378569821259575332e-17 -4.750339185890365161e-17
614 3.93957584502187208 0.8461019759891285075 3.984923014719966359e-17 5.930142971130167014e-17 0.2119938402695315249 1.286391272229372739e-16 -7.016757040522183116e-17
615 3.946588911572359137 0.8475905438942422654 4.102659097759913897e-17 5.877713376822249113e-17 0.2123085426430693368 1.679223105700665401e-16 -7.477825311590859819e-17
616 3.953600254058074803 0.8490808046199992409 4.234026316521410446e-17 5.831964368865130463e-17 0.2126023006857179209 1.874099777352115267e-16 -6.5266058332389356e-17
617 3.96060987117393104 0.8505726299350951924 4.362698654139818641e-17 5.801827622228482047e-17 0.212877944201280922 1.836106575656215124e-16 -4.300402067189903756e-17
618 3.967617761637610929 0.8520659374001082753 4.47587461424935396e-17 5.795014527850634021e-17 0.2131419951986474604 1.615377309190500445e-16 -9.72443092393171979e-18
619 3.974623924189581547 0.8535604669338090478 4.566486862955157457e-17 5.818279299514917427e-17 0.2133690832139527038 1.293641376657032311e-16 3.321435200345860943e-17
620 3.981628357592907008 0.8550558807349240009 4.63586712740590268e-17 5.875260716150203337e-17 0.2135480817308721968 9.907640528922705619e-17 8.137060262316827371e-17
621 3.988631060632869652 0.8565519484890583568 4.691728203576671797e-17 5.96791132756705124e-17 0.2136943076603918246 7.979046379743871868e-17 1.323396497673445671e-16
622 3.995632032116452237 0.8580485731376820135 4.738271388276946616e-17 6.088832465252087975e-17 0.2138267747318010059 6.649749540981033451e-17 1.727632702820243545e-16
623 4.002631270871752633 0.8595457805995545542 4.77805578485742838e-17 6.222720379789597388e-17 0.213963046610754104 5.685511805614574744e-17 1.913366505866737654e-16
624 4.009628775747424712 0.8610436917735628803 4.809072220622694934e-17 6.346235407812641741e-17 0.2141167023723867802 4.43359864098776306e-17 1.765567341550491612e-16
625 4.016624545612230257 0.8625424834904000804 4.82388598515728295e-17 6.434372280967302723e-17 0.2142957514949794251 2.118057344290766746e-17 1.260172261089918341e-16
626 4.023618579354762304 0.8640423408134165761 4.815138773983918072e-17 6.47846475597379499e-17 0.2145013897619904575 -1.250978292691763782e-17 6.305864579116687438e-17
627 4.030610875883380295 0.865543419795994029 4.778382115688470065e-17 6.487027110873498727e-17 0.2147294866023466697 -5.258043351887625749e-17 1.224845656398107025e-17
628 4.037601434126353084 0.8670458240835607899 4.716487638224566724e-17 6.485914149009997517e-17 0.2149725594281051977 -8.856214232741696747e-17 -1.592489200961642856e-18
629 4.044590253032187555 0.8685496066605001841 4.642958227177609201e-17 6.503632338772344541e-17 0.2152233682195045794 -1.052362738563686147e-16 2.535850952047862601e-17
630 4.051577331570079821 0.8700547779642565649 4.575444782419373318e-17 6.560238653028554385e-17 0.2154758273227201648 -9.665023063077284522e-17 8.103590844182554966e-17
631 4.058562668730438361 0.8715614192395296778 4.533178758250229682e-17 6.659693603467494012e-17 0.2157400764945751614 -6.052187363392020562e-17 1.424122580975493843e-16
632 4.065546263525404491 0.8730697255140984492 4.524807849600287039e-17 6.786474152302984161e-17 0.2160324209653388117 -1.198952554807739432e-17 1.815858579788443032e-16
633 4.072528114989314219 0.8745798749164663821 4.552001966756637932e-17 6.912836571479152514e-17 0.2163504601458673959 3.895945494407079278e-17 1.810322044364678472e-16
634 4.079508222179055288 0.8760919392237348502 4.609346723822090147e-17 7.015559195027468037e-17 0.2166789725586762694 8.217509654080172162e-17 1.472016264254552957e-16
635 4.08648658417428301 0.8776058619043983766 4.688623999706499513e-17 7.075078108326180905e-17 0.2169995742448293796 1.136328514919060838e-16 8.531201104454594253e-17
636 4.093463200077480657 0.8791214988172286748 4.783905139601453226e-17 7.087563695919574234e-17 0.2172996979091120218 1.366063516950478421e-16 1.790082036993672111e-17
637 4.100438069013857323 0.8806386943910099463 4.891261562590335042e-17 7.064824929324755268e-17 0.2175776884224908392 1.539574907473071634e-16 -3.260916627214283612e-17
638 4.107411190131107226 0.8821573565283181706 5.007352130518425943e-17 7.024950655344905147e-17 0.2178426334688208232 1.66524695763941711e-16 -5.71971647809971654e-17
639 4.114382562599047333 0.8836773560432477082 5.125742141667579725e-17 6.989261235781924622e-17 0.2180892011975475442 1.698657315853435053e-16 -5.120710189210262969e-17
640 4.12135218560918748 0.8851982752049477599 5.239671062940030219e-17 6.976374185940094402e-17 0.2182759664214187767 1.635060299082374249e-16 -1.849495574375061024e-17
641 4.128320058374271184 0.8867197267368992497 5.34308926895619993e-17 6.997610156664172138e-17 0.2184072552523301791 1.484587976991935613e-16 3.048463905068045491e-17
642 4.135286180127844879 0.888241463531233566 5.429423944861336676e-17 7.057876631219113662e-17 0.2185031517848673444 1.239662395220601476e-16 8.653542903244322278e-17
643 4.142250550123900865 0.8897634017852533717 5.490367613992389591e-17 7.156530490340603282e-17 0.2185870832684223275 8.752982483913400149e-17 1.416907634825795072e-16
644 4.149213167636624178 0.891285611446055559 5.517047816938546082e-17 7.283432988442593782e-17 0.2186811278070986964 3.832886507442683817e-17 1.823085355525630107e-16
645 4.156174031960247817 0.892808284117160067 5.50628285339573853e-17 7.421857910134291735e-17 0.2188027740489288109 -1.546887870518701847e-17 1.989118044765288463e-16
646 4.16313314240902077 0.8943316750653728109 5.465157003403148303e-17 7.551716966404615135e-17 0.2189611927730820418 -5.911132121895186145e-17 1.866500118482182547e-16
647 4.170090498317249761 0.8958560388968485055 5.409248459166848444e-17 7.653498643865480133e-17 0.2191563162368690421 -8.037917423645214949e-17 1.463305349559342847e-16
648 4.177046099039376514 0.8973815789080360483 5.365367047919824592e-17 7.72192427984642059e-17 0.2193807930409448492 -6.310381064101879103e-17 9.839971535157581423e-17
649 4.183999943950051481 0.8989084270305652824 5.356346387995738352e-17 7.755659111862536737e-17 0.2196243796121503111 -1.297546763353136644e-17 4.852474482259798286e-17
650 4.190952032444168474 0.9004366542924553407 5.392799875461647426e-17 7.763144534753982323e-17 0.2198783271706294395 5.244855947423816678e-17 1.076987896093607889e-17
651 4.197902363936840686 0.9019663458067204154 5.474902677885610288e-17 7.758497894487097712e-17 0.2201446700360725484 1.181577735125506366e-16 -6.687185480145544569e-18
652 4.20485093786331543 0.903497699215222827 5.587095666819097668e-17 7.753332653798728602e-17 0.2204396156692219055 1.615027545174264289e-16 -7.435407567327322987e-18
653 4.211797753678855116 0.9050308964536032397 5.706687047138010401e-17 7.754124402203614074e-17 0.220760923732899017 1.721963941024598734e-16 1.140017114895709099e-18
654 4.21874281085860936 0.9065660073313587253 5.812646115248602271e-17 7.759754748337315803e-17 0.2210924648707583151 1.526062506848517776e-16 8.109037091808483598e-18
655 4.22568610889752172 0.9081029655780917809 5.889724544361074932e-17 7.770057422346529828e-17 0.2214146425963129938 1.110394044216801879e-16 1.484206150938169018e-17
656 4.232627647310296837 0.9096416116900726268 5.934279814207206717e-17 7.785122461318576446e-17 0.2217140145948735541 6.42027277879149427e-17 2.170824236003638608e-17
657 4.239567425631447506 0.9111817737625431679 5.955609126208458649e-17 7.806115699277622476e-17 0.221988775530058996 3.074265974139531916e-17 3.025826484263579753e-17
658 4.246505443415423464 0.9127233484774058825 5.971612388086378537e-17 7.83764580803338207e-17 0.2222487942075493106 2.307189928236559367e-17 4.545695115935052391e-17
659 4.253441700236790801 0.9142663063971920856 5.999837273391877791e-17 7.881453508090647638e-17 0.2225047128665046392 4.07021469610810529e-17 6.317359402733681382e-17
660 4.260376195690430912 0.9158102668627573495 6.052591110963564065e-17 7.93481134462316963e-17 0.2227058664146369937 7.609384673459480625e-17 7.696507443042294709e-17
661 4.267308929391709249 0.9173547003591351334 6.132193322621191469e-17 7.99453896600554692e-17 0.2228307355567168413 1.14850004336295705e-16 8.617496212626124262e-17
662 4.274239900976572137 0.9188992026527326162 6.226390416092682808e-17 8.057101802765827175e-17 0.2228973416366675508 1.359420559732011533e-16 9.028856776013318987e-17
663 4.281169110101529007 0.9204435520893312628 6.31914691466287162e-17 8.12449416597451271e-17 0.2229319954800615677 1.33897101458714842e-16 9.728312552966655834e-17
664 4.288096556443508511 0.9219877283584156924 6.39067108504952737e-17 8.201135386168945699e-17 0.2229637440795088354 1.032738110335307536e-16 1.106623236445938685e-16
665 4.295022239699589406 0.9235318996337885666 6.425947499881412392e-17 8.291302411000918313e-17 0.2230198067810572338 5.094861784574710685e-17 1.302254016556097828e-16
666 4.301946159586619522 0.9250763771722246842 6.419934278848756258e-17 8.392518676660817597e-17 0.223120871839600915 -8.686918948197073932e-18 1.46220717856813331e-16
667 4.308868315840770791 0.9266215248041984598 6.377469211044227176e-17 8.491626707231267675e-17 0.2232745699891629521 -6.136222557261388586e-17 1.432115770052496386e-16
668 4.315788708217066727 0.9281676756071270962 6.315029250927004968e-17 8.573880748523041032e-17 0.2234764959428070519 -9.024904600104359533e-17 1.188877882429261748e-16
669 4.322707336488937457 0.929715074032184674 6.25317772102219703e-17 8.624348344817873475e-17 0.223713872970629668 -8.942134798701741574e-17 7.296311824936277488e-17
670 4.329624200447842242 0.9312638723947496144 6.212443361673687889e-17 8.639725540147145277e-17 0.2239734037968821867 -5.890639695448874341e-17 2.223712822786723213e-17
671 4.336539299902996802 0.9328142418076984521 6.202616643491779115e-17 8.62816279654527429e-17 0.2242578238551848901 -1.42141506192478534e-17 -1.672527654566550132e-17
672 4.343452634681229441 0.9343663945392864933 6.223199854081951641e-17 8.603578393861649073e-17 0.2245731062222875996 2.978080342346948367e-17 -3.556992532321595338e-17
673 4.350364204626972153 0.9359204689333368021 6.259409575102031969e-17 8.585610202776962267e-17 0.2249085755071511539 5.240339075990182586e-17 -2.60039048115633317e-17
674 4.357274009602376097 0.9374764628592823223 6.294531714934110674e-17 8.587340930983713646e-17 0.2252439117047438932 5.084241031603839979e-17 2.505382475382568396e-18
675 4.36418204948753452 0.939034243607577146 6.315896643430930269e-17 8.614316746095755029e-17 0.2255602068388852521 3.093553246254733121e-17 3.905986412388192029e-17
676 4.371088324180781193 0.9405936157768710615 6.319446669316444951e-17 8.663638580054223303e-17 0.2258483658772033054 5.141604812842383075e-18 7.143423373158550754e-17
677 4.377992833599024358 0.9421544114471367415 6.307927862834516289e-17 8.72796426143535362e-17 0.2261123478417919608 -1.668728602713671314e-17 9.318856478589575837e-17
678 4.384895577678077139 0.9437165651714647385 6.291545780086810955e-17 8.803299304665583339e-17 0.2263669826264664287 -2.373878180478288894e-17 1.091657380223455651e-16
679 4.391796556372950633 0.9452800975294491925 6.282673950280510327e-17 8.886635206077631775e-17 0.2266247314542085278 -1.285919051878266349e-17 1.207904408345328515e-16
680 4.398695769658065302 0.9468445708949091433 6.291232214017269348e-17 8.974518409618733938e-17 0.2268191648711721242 1.240787012662334497e-17 1.274140888140693964e-16
681 4.405593217527377981 0.9484093408024911742 6.320562743984673693e-17 9.059396289471727536e-17 0.2269202381441137173 4.253462961452970317e-17 1.230884401347592144e-16
682 4.412488899994396974 0.9499738966228918891 6.370613157317205316e-17 9.131031648242374357e-17 0.2269472925519286088 7.260083436341713957e-17 1.039109663714058608e-16
683 4.419382817092097682 0.9515379359452500463 6.437898472819767507e-17 9.185508672499809867e-17 0.2269304815294132804 9.762599206159085024e-17 7.904211339386441798e-17
684 4.426274968872753846 0.9531013988421649374 6.518948234249224734e-17 9.226340111452159348e-17 0.2269049622958721757 1.176273072903101139e-16 5.925856081555237234e-17
685 4.433165355407695074 0.9546644659832873581 6.605950422015308587e-17 9.260336167973381688e-17 0.2269056542739124049 1.262984027938100539e-16 4.93510307058306475e-17
686 4.44005397678702618 0.9562275156337016746 6.689008111257585584e-17 9.295203934785745512e-17 0.2269612686827775783 1.206031972131585821e-16 5.062943835323461653e-17
687 4.446940833119323422 0.9577910167009670017 6.762268415819867597e-17 9.331876687375376587e-17 0.2270850121958662426 1.06404258387214442e-16 5.326400245852255235e-17
688 4.453825924531330749 0.9593554180130038356 6.818659213255169831e-17 9.366776535673999462e-17 0.2272740194805005498 8.192375636750898877e-17 5.07020081168330698e-17
689 4.460709251167664924 0.9609210653329905982 6.858476186089259353e-17 9.392478435637200586e-17 0.2275133632135944994 5.78603705114410566e-17 3.734893310235791736e-17
690 4.467590813190538412 0.9624882329215639354 6.893391284957610851e-17 9.402395791406250092e-17 0.2277926884198743507 5.075018329665391713e-17 1.44151853899978676e-17
691 4.474470610779496482 0.9640572124148947264 6.936929788028323995e-17 9.401781084571439139e-17 0.2281145515161114856 6.330080248897676989e-17 -8.937247078935045231e-19
692 4.481348644131173842 0.965628179264923947 7.002828958726917072e-17 9.404380251683375075e-17 0.2284620882515375762 9.583564510966625036e-17 3.779908825552809008e-18
693 4.488224913459061938 0.9672011436765326486 7.093599649438984161e-17 9.428274715622697664e-17 0.2288112801387729434 1.320395921714900643e-16 3.47580837928457442e-17
694 4.495099418993294016 0.9687759596920395566 7.198222180377734308e-17 9.49113184520619604e-17 0.2291394058510540233 1.522282243886265217e-16 9.145859061910471277e-17
695 4.50197216098046038 0.9703523995239305977 7.299503708775181387e-17 9.607364205472937115e-17 0.2294345391005225554 1.474048061789312365e-16 1.691641981310242399e-16
696 4.508843139683454737 0.9719302543101909775 7.381232053791260246e-17 9.778178011554288725e-17 0.229699409022540213 1.189776949948430521e-16 2.486656608164167516e-16
697 4.515712355381373833 0.9735094206086396529 7.432523153618705148e-17 9.99219426056126116e-17 0.2299493423813511184 7.468722380235230403e-17 3.116384624369230293e-16
698 4.522579808369474819 0.9750899446259090331 7.451843730804958088e-17 1.022027846946311726e-16 0.2302061237122786375 2.814076302121219404e-17 3.322086917855915574e-16
699 4.529445498959203675 0.9766717686556510847 7.449393930913363642e-17 1.042419766745364494e-16 0.2304546187135559643 -3.56909295425208496e-18 2.970881725001035334e-16
700 4.536309427478284917 0.9782542092096717656 7.437843564773080346e-17 1.056595575863383544e-16 0.2306036273748426069 -1.683195190296005358e-17 2.065791978904128261e-16
701 4.543171594270867253 0.979836540523369437 7.425768065236060137e-17 1.062107039302625569e-16 0.2306469100948886075 -1.760172874009192122e-17 8.033728469870851605e-17
702 4.550031999697702112 0.98141822343665297 7.417496246683747001e-17 1.058557940397535916e-16 0.230611592048047237 -1.206042772202328922e-17 -5.174636091500762041e-17
703 4.55689064413633016 0.9829989787225806852 7.413012909120023639e-17 1.047885962011548585e-16 0.2305355204609301212 -6.538447588037061648e-18 -1.55638897017356855e-16
704 4.563747527981245611 0.9845788181736759848 7.41295177046499289e-17 1.033658684491832354e-16 0.2304611162126122825 -8.918680105357497545e-20 -2.075422445987883079e-16
705 4.570602651644006365 0.9861580292903466827 7.418784840117137405e-17 1.019746900384849634e-16 0.2304286095964558079 8.511250430256951252e-18 -2.029920531167746422e-16
706 4.577456015553272195 0.9877371079989802904 7.428841332557296093e-17 1.00858685559972572e-16 0.2304684523524938855 1.467757266376882271e-17 -1.628822069317661281e-16
707 4.584307620154748797 0.9893166282307152004 7.442765662810649123e-17 1.001831722764082884e-16 0.2305920874619435679 2.032794715205007183e-17 -9.861729849086541117e-17
708 4.591157465911036795 0.9908971163792557046 7.459188437336619619e-17 9.996699833800601378e-17 0.2307926371920034914 2.398154928500227536e-17 -3.156705311717556112e-17
709 4.598005553301388382 0.9924790068751838668 7.486367622716034577e-17 1.002257241219237796e-16 0.2310567277412174658 3.969891501721652669e-17 3.779043692859776282e-17
710 4.604851882821383136 0.9940627405607544986 7.533705636453430314e-17 1.009162467879245411e-16 0.2313853442227654933 6.916139186306963206e-17 1.00886169323754361e-16
711 4.611696454982555871 0.995648612873029526 7.603861750102113259e-17 1.019256723072859788e-16 0.2317572864276192524 1.025252184534450824e-16 1.475161129980236556e-16
712 4.618539270311989853 0.9972366339722533723 7.689946659784851166e-17 1.031062572330580943e-16 0.2321308864543410178 1.258356479316434713e-16 1.725734157361323953e-16
713 4.625380329351913566 0.9988265955813045993 7.777021305087482373e-17 1.043125070487450541e-16 0.2324742064485987025 1.273150807748183571e-16 1.763702765426649247e-16
714 4.632219632659323238 1.000418184940582877 7.847957977599178796e-17 1.054103613206584858e-16 0.2327719418152369157 1.037457740603808053e-16 1.605625654718633839e-16
715 4.639057180805661318 1.002011123156195005 7.891380671799889526e-17 1.06320383190565447e-16 0.2330290110562676098 6.352253582604409264e-17 1.331260021924280493e-16
716 4.645892974376564233 1.003605275050908352 7.906529635529196914e-17 1.070128937128095313e-16 0.2332664118379269569 2.21669241426595437e-17 1.013325299926595998e-16
717 4.652727013971690084 1.005200697885709982 7.90092134841018294e-17 1.075069971891262924e-16 0.2335122944803484646 -8.208507266527998566e-18 7.231890753261403341e-17
718 4.659559300204636045 1.006797601458726765 7.885469039250395127e-17 1.079067283594172505e-16 0.2337889966301592848 -2.262240447781817968e-17 5.852122244775313988e-17
719 4.666389833702938361 1.008395617163174718 7.868943648805639751e-17 1.083433807030663251e-16 0.234011840418512751 -2.419961844460053548e-17 6.394293765447225096e-17
720 4.673218615108144292 1.009993823569734994 7.856364334406217283e-17 1.089412451775818578e-16 0.2340998082765457233 -1.842574949685560218e-17 8.757314342185869978e-17
721 4.680045645075944449 1.011591399650810574 7.84980877793901078e-17 1.098048171920286038e-16 0.2340675061294223425 -9.60481802241713776e-18 1.26525522120132437e-16
722 4.686870924276347772 1.013187781749451233 7.841393591731905954e-17 1.109132996848986293e-16 0.2339525590271043232 -1.233260100772984121e-17 1.624500275119059838e-16
723 4.693694453393871591 1.014782750013037305 7.827126983267997008e-17 1.121207732744228471e-16 0.2338053009347371702 -2.091332323893899845e-17 1.770027231355160282e-16
724 4.700516233127733479 1.016376455653549726 7.804841621371495756e-17 1.131765950930180838e-16 0.2336801145755741382 -3.267633488238344197e-17 1.54811878222011158e-16
725 4.707336264192023556 1.017969376578132579 7.776572826182767456e-17 1.138485972766791942e-16 0.2336249310355854869 -4.146028358661727789e-17 9.855885586706776403e-17
726 4.714154547315840382 1.019562196454489422 7.750254323685091169e-17 1.139991559933785014e-16 0.2336699891690138808 -3.860979062894784304e-17 2.208727692480485869e-17
727 4.720971083243373556 1.021155633379798644 7.73491420124531666e-17 1.136678583799622084e-16 0.2338204177131252282 -2.251004592442629356e-17 -4.861450436221521984e-17
728 4.727785872733931249 1.022750346107399677 7.742769167133381866e-17 1.130912713292517497e-16 0.2340675868037514762 1.152930479592458179e-17 -8.462987546672953428e-17
729 4.734598916561901127 1.024346964775763702 7.781968545715141046e-17 1.125757267103363324e-16 0.234407369133520449 5.755051839920028408e-17 -7.568961843264177344e-17
730 4.74141021551664732 1.02594590258331464 7.845632452547378099e-17 1.123326063409043048e-16 0.2348079770835433122 9.349202392937483825e-17 -3.570282838053606005e-17
731 4.748219770402348772 1.027547183507183881 7.918913559150774549e-17 1.124578627267632909e-16 0.2352122840085107969 1.076426765717373355e-16 1.839892061747048071e-17
732 4.755027582037778977 1.029150483030480734 7.993106359159125004e-17 1.129187240233491801e-16 0.235569088688202366 1.090097641222595302e-16 6.77132838068548524e-17
733 4.761833651256050182 1.030755358409723543 8.06481595071172412e-17 1.136157596130943776e-16 0.235860978806734678 1.053882106497762962e-16 1.024400390128795515e-16
734 4.768637978904320285 1.032361443672256129 8.132390828941789734e-17 1.144403225603942127e-16 0.2360991894546102254 9.933702991866084323e-17 1.212131435692324027e-16
735 4.775440565843490859 1.033968588915974207 8.195396049382306362e-17 1.152941237840954488e-16 0.2363154499791155772 9.264319499206492629e-17 1.25543364024089377e-16
736 4.782241412947901615 1.035576905876281817 8.247367032425183778e-17 1.16180044218428725e-16 0.2365482241399213537 7.643794133246070676e-17 1.302995060319032876e-16
737 4.7890405211050453 1.037186723140480993 8.285292935245839372e-17 1.171380637617244648e-16 0.2368294263937576472 5.579496511953210806e-17 1.409397351851696426e-16
738 4.79583789121530657 1.038798095011629119 8.308863670229257094e-17 1.182420378402275017e-16 0.2371187315052032119 3.468512067255427928e-17 1.624534583210447299e-16
739 4.802633524191745273 1.040410041342197944 8.320102789300174015e-17 1.195304000562571655e-16 0.2372638833898385591 1.65429641550506182e-17 1.896352358580445303e-16
740 4.80942742095992859 1.042021484645687668 8.324842049130419667e-17 1.209221958071432496e-16 0.23725043993616593 6.977542909902397047e-18 2.049120521236506692e-16
741 4.816219582457810233 1.04363158796027089 8.32983424914620552e-17 1.222243945236948224e-16 0.2371137002743049504 7.351820268495197699e-18 1.917697786082130977e-16
742 4.823010009635660289 1.045239864780155514 8.335448407176982541e-17 1.231686919408229745e-16 0.2369051930218984137 8.269864836030191362e-18 1.39098542681762327e-16
743 4.829798703456044784 1.04684627612872716 8.331993086119861581e-17 1.234934661991561921e-16 0.2366908024006221523 -5.091116383664439992e-18 4.785267476621603199e-17
744 4.836585664893831016 1.04845123709752408 8.312033115399705492e-17 1.231356841751923827e-16 0.236537443648915241 -2.941679293915706974e-17 -5.272953484680208397e-17
745 4.843370894936222193 1.050055514306796889 8.281854382879014399e-17 1.222616804194830548e-16 0.2364969842789895194 -4.448844120737246501e-17 -1.288426035594369061e-16
746 4.850154394582797401 1.051660019440207039 8.25662012865907064e-17 1.212012302455733145e-16 0.2365909004942730043 -3.720894875860889735e-17 -1.563677524928779913e-16
747 4.856936164845550685 1.053265718756425606 8.256926012891187864e-17 1.203463285094127264e-16 0.2368273440056851975 4.511538962116480805e-19 -1.260909222017789005e-16
748 4.863716206748904369 1.054873454973682456 8.291886597966467108e-17 1.199189726011358845e-16 0.2371881974630965784 5.157710616489795211e-17 -6.304751766576271315e-17
749 4.870494521329700177 1.056483697082327478 8.349575506431451176e-17 1.199005188760150974e-16 0.2376184055441105114 8.512972287481337073e-17 -2.723158657947619896e-18
750 4.877271109637149493 1.058096451873982158 8.404561922575894769e-17 1.201096648884499941e-16 0.2380497980400417546 8.11624019092235302e-17 3.08708839549780962e-17
751 4.88404597273274188 1.059711271566151192 8.433381892827682997e-17 1.203779828910176077e-16 0.2384152609789995936 4.255038975749370529e-17 3.961501517335982707e-17
752 4.890819111690114518 1.061327563327028267 8.422667112600109684e-17 1.206092272952388681e-16 0.2386933225795125624 -1.582354470359308934e-17 3.415008138229725712e-17
753 4.897590527594883447 1.062944879934680564 8.372531932016691832e-17 1.208069804097916809e-16 0.2389054246326262898 -7.405826756271935336e-17 2.921152950580315278e-17
754 4.904360221544442844 1.064563084537241799 8.297892778378706806e-17 1.21019530329094481e-16 0.2390973749248670732 -1.102828756833895754e-16 3.140525472820381066e-17
755 4.911128194647743861 1.066182383554163948 8.222206385256187072e-17 1.212741602327605708e-16 0.2393198904358738166 -1.118586445139430128e-16 3.763233350372349845e-17
756 4.917894448025066367 1.067803242512219697 8.167567937081195408e-17 1.216052123936609259e-16 0.2396112977635916075 -8.07719228741653831e-17 4.893938334765636038e-17
757 4.924658982807791574 1.069426087423633875 8.152973420100619016e-17 1.220290336557306873e-16 0.2399658059844089752 -2.158052815500003627e-17 6.266933459296198438e-17
758 4.931421800138188871 1.071050085095974991 8.185758857930397554e-17 1.225761301701813265e-16 0.2401972200809461 4.849127040002100451e-17 8.091825753517576098e-17
759 4.938182901169223982 1.072673848494503535 8.255204931811861117e-17 1.232709931234250619e-16 0.2402235090154603847 1.027402118453331406e-16 1.027997164268656381e-16
760 4.944942287064399089 1.074296199315965206 8.343568617060159965e-17 1.24194745373494884e-16 0.2400754042949771461 1.307605431596219017e-16 1.366968179571009291e-16
761 4.951699958997624051 1.075916370940577016 8.430616336977615207e-17 1.253435499550724814e-16 0.2398137092485601307 1.288458350826715123e-16 1.700431508148942252e-16
762 4.958455918153122255 1.077534102550715689 8.500964086047271517e-17 1.266796649856608563e-16 0.2395132237654515328 1.041533469378937256e-16 1.978184862631674732e-16
763 4.965210165725368441 1.079149657055855416 8.546098298203086314e-17 1.280333745571962176e-16 0.239251478192676531 6.684037549327950549e-17 2.004742117972554035e-16
764 4.97196270291905229 1.080763786233739587 8.558626600683809599e-17 1.291812091814495157e-16 0.2391009177998373592 1.855817156803655488e-17 1.700287163516464614e-16
765 4.978713530949062438 1.082377609876029378 8.519959437578027766e-17 1.29846855213268525e-16 0.2391161544659748117 -5.729215450607939275e-17 9.862708364977100135e-17
766 4.985462651040484694 1.083992332042728934 8.422721733791161389e-17 1.298144504065736307e-16 0.2393098027078610635 -1.441110810819113833e-16 -4.802552449496664403e-18
767 4.992210064428605598 1.085608919146470841 8.27283544395942021e-17 1.290620745245796554e-16 0.2396467680548982904 -2.221950481404454486e-16 -1.115340138894807913e-16
768 4.998955772358919525 1.08722789866872227 8.088788727807375976e-17 1.278178979239658567e-16 0.240062074028800726 -2.729042325143815104e-16 -1.844863453159149625e-16
769 5.005699776087126907 1.088849335048108768 7.898675557145619674e-17 1.264124641138441383e-16 0.240487102164023081 -2.819707641748964433e-16 -2.08450179468274255e-16
770 5.012442076879128017 1.090472896971141026 7.725227474797163169e-17 1.25242341822639616e-16 0.2408631475136485955 -2.573184949215188743e-16 -1.735932175035336424e-16
771 5.019182676011007871 1.092098031593991436 7.582391391335853932e-17 1.245796058048986861e-16 0.2411572990203110778 -2.119576040399089804e-16 -9.834485448445400706e-17
772 5.025921574769006916 1.093724322941277194 7.478286283970969266e-17 1.245180458036590305e-16 0.2413898094778690884 -1.545228170488976615e-16 -9.137327696848479517e-18
773 5.03265877444948817 1.095351672364644591 7.419401700684152944e-17 1.250099257139261181e-16 0.2416077443459064 -8.742419507690780747e-17 7.302795201953982763e-17
774 5.039394276358886593 1.096980328580160036 7.408914800892417632e-17 1.258904170691002457e-16 0.2418626772712640927 -1.557351168246334341e-17 1.307568745619064408e-16
775 5.046128081813660238 1.098610798124559196 7.445013656382021485e-17 1.269392185430343449e-16 0.2421929328705657303 5.36219012144717997e-17 1.557908921657718128e-16
776 5.052860192140226303 1.10024364615720871 7.516702700946798701e-17 1.280158150047146486e-16 0.2426072776089313598 1.065150190861568171e-16 1.599598562934522003e-16
777 5.059590608674892742 1.101878008074464788 7.60084338055911143e-17 1.290937053452790606e-16 0.2428932878900959269 1.250470051985401946e-16 1.601923821403148379e-16
778 5.066319332763783656 1.103512191379891538 7.672229481314064208e-17 1.301349495177754695e-16 0.2429277967978556996 1.06118255649792375e-16 1.547850549648692625e-16
779 5.073046365762755805 1.105144733741214802 7.711025522691433623e-17 1.311052262265678444e-16 0.2427448376503992811 5.768633628590266276e-17 1.442717002215223629e-16
780 5.079771709037303573 1.106774670060125532 7.71149127443435273e-17 1.31949930810426703e-16 0.2424181991871334485 6.927061964124058154e-19 1.256317573198286178e-16
781 5.086495363962455052 1.108401650499444502 7.685243228288254005e-17 1.326029019255752978e-16 0.2420393029173263932 -3.904815717884412507e-17 9.713987317626310032e-17
782 5.093217331922653912 1.110025949606019857 7.657933631678553136e-17 1.330028724802210308e-16 0.2417010197726200682 -4.063757299023982716e-17 5.951692674431305237e-17
783 5.099937614311628842 1.111648367801581605 7.656761251437868181e-17 1.331419900328967734e-16 0.2414816517204535218 -1.744977452419258777e-18 2.070633607003870413e-17
784 5.106656212532250549 1.113270049343676016 7.691465774061636982e-17 1.330379944833305748e-16 0.2414324775646345678 5.166735060037520709e-17 -1.548263486740779163e-17
785 5.113373127996369227 1.114892205457461039 7.750695795396357314e-17 1.327573010549937366e-16 0.2415635974558090482 8.820246651609331771e-17 -4.179949990943886679e-17
786 5.120088362124647574 1.116515834284970587 7.809721395543280092e-17 1.324289742657515422e-16 0.2418434072153717029 8.792004681489210066e-17 -4.890506256421637543e-17
787 5.126801916346382271 1.118141563062650556 7.846614823625533315e-17 1.322688156860652483e-16 0.2422167569129963782 5.496738831331506163e-17 -2.386197027204341386e-17
788 5.133513792099321904 1.119769634172253836 7.854789686318893876e-17 1.324843828495924467e-16 0.2426263625076760522 1.218274304844847614e-17 3.212530242333657354e-17
789 5.140223990829485778 1.1213999787144735 7.848152128633338516e-17 1.331797348609280379e-16 0.243025849798717164 -9.894215948512822868e-18 1.036520251320668016e-16
790 5.146932513990993385 1.123032207129477378 7.854283679153603603e-17 1.34267192399760577e-16 0.2433673997492034613 9.14222233132810892e-18 1.621413468425089512e-16
791 5.153639363045903643 1.124665950156086058 7.896541141705191392e-17 1.354999519421722867e-16 0.2436539957667405443 6.302214873430935363e-17 1.838519176125720975e-16
792 5.160344539464076341 1.126301096044580952 7.982607454885399733e-17 1.366013522290249913e-16 0.2439240106964409571 1.283900136647571689e-16 1.643021440726754044e-16
793 5.1670480447230549 1.127937850909815909 8.101151174727461418e-17 1.372976437672269598e-16 0.2442248611586442797 1.768824650201989577e-16 1.038956461075819779e-16
794 5.173749880307974003 1.12957668237836284 8.226439938875952272e-17 1.374497095672636678e-16 0.2445956003556787051 1.869934833012019158e-16 2.269582099648290022e-17
795 5.180450047711491202 1.131218137041032579 8.325436414618730759e-17 1.370929304112496723e-16 0.2450480683262828419 1.477890051036825162e-16 -5.326253900799788412e-17
796 5.187148548433742512 1.132861185869393772 8.382369276790051613e-17 1.36458175448785864e-16 0.2453470473397737772 8.501457406026958426e-17 -9.478431385395268442e-17
797 5.193845383982311326 1.134503886040916898 8.396159813642013794e-17 1.358859348117991538e-16 0.2453559368657276807 2.059773382781895227e-17 -8.547064159026555632e-17
798 5.200540555872209758 1.136144591349745436 8.382197443236247803e-17 1.357089803054028911e-16 0.2451188343952606929 -2.085956533961584832e-17 -2.643672944522596452e-17
799 5.207234065625861774 1.137782240003807788 8.365545999338660092e-17 1.360885162920158949e-16 0.2447228887016762167 -2.488317284396262531e-17 5.671615995273122165e-17
800 5.21392591477307743 1.139416469107518814 8.36960927277792454e-17 1.369767257459054639e-16 0.2442724473704646349 6.073479814369869219e-18 1.327629624184989054e-16
801 5.220616104851012906 1.141047608453064077 8.411637561186071891e-17 1.381619737502365353e-16 0.2438710333837343092 6.283633678162965447e-17 1.772059857556872406e-16
802 5.227304637404112775 1.142676550625429277 8.495508688902047525e-17 1.393693725553863671e-16 0.2436028469942286001 1.254264628839634466e-16 1.805624480609202098e-16
803 5.233991513984022959 1.14430452835778107 8.612465554230762565e-17 1.403603504946323665e-16 0.2435188677443340666 1.749483598810016266e-16 1.482341072172857556e-16
804 5.240676736149481485 1.145932823430007907 8.744624961246502322e-17 1.410317015124038175e-16 0.2436265706345366044 1.977377666831967956e-16 1.004479771150968716e-16
805 5.24736030546618526 1.14756248641311176 8.867538596958681703e-17 1.413804206097685405e-16 0.2438914954116220002 1.839496308815199439e-16 5.218847271899769235e-17
806 5.254042223506637299 1.149194198768000774 8.955630416507445658e-17 1.414743416722874895e-16 0.2442585044527096627 1.318686840424322673e-16 1.405947451384412593e-17
807 5.260722491849985083 1.150828277764082808 8.995988604520501079e-17 1.414338733602448847e-16 0.2446731419588429324 6.042893084481192316e-17 -6.059382123491339683e-18
808 5.267401112081857129 1.152464762131961029 8.992454573665705854e-17 1.413524501653275673e-16 0.245093726346595292 -5.29286321475019457e-18 -1.219462565304416523e-17
809 5.27407808579420756 1.154103390599761969 8.964588314666349012e-17 1.412877258819425375e-16 0.2454753195103565322 -4.174514824953226843e-17 -9.696044256658007832e-18
810 5.280753414585181105 1.155743756833620628 8.940045133433163513e-17 1.412003749315149551e-16 0.2457961557061840163 -3.677605324590752639e-17 -1.30888623340380518e-17
811 5.287427100059006513 1.157385697578507955 8.941757613709456552e-17 1.410368151621617006e-16 0.2460926220282266541 2.566650244089510904e-18 -2.451419311190413224e-17
812 5.294099143825921949 1.159029384195900292 8.98284122676276217e-17 1.407702673817237612e-16 0.2464148644037064129 6.159089471571988919e-17 -3.995976756075846623e-17
813 5.300769547502135914 1.160675288104923597 9.0597571718943679e-17 1.403704465511799146e-16 0.2468078958792758459 1.153376115909640763e-16 -5.995425211292502597e-17
814 5.307438312709827244 1.162323993816760437 9.156080795873886728e-17 1.398332362386760549e-16 0.2472887307692226977 1.444754303085995928e-16 -8.057596657878613821e-17
815 5.314105441077174419 1.163974277265738877 9.252624253607502368e-17 1.391893235676145187e-16 0.2475860988915508099 1.448406822995288274e-16 -9.660390544039197274e-17
816 5.320770934238409744 1.165623960265238734 9.333646903725318349e-17 1.385730530082144619e-16 0.2475566863113321248 1.215851699108845051e-16 -9.247952340089726122e-17
817 5.327434793833885074 1.167271242956244626 9.394109178992779011e-17 1.381384228776865105e-16 0.247257039394877226 9.075384121581081186e-17 -6.52379581798003171e-17
818 5.334097021510141978 1.168914994271573304 9.436567451736290038e-17 1.379895777038938234e-16 0.2467873696890457436 6.374544223446698631e-17 -2.234712063111691032e-17
819 5.340757618919967697 1.170554861660044521 9.471873112064433463e-17 1.381930443261924139e-16 0.246264464831954355 5.301971127284075204e-17 3.055527489831850188e-17
820 5.34741658772243067 1.17219125347738018 9.507692072022985477e-17 1.3871439794369007e-16 0.2458025818168262933 5.38036962940864104e-17 7.831258006968068861e-17
821 5.354073929582879643 1.173825184338287642 9.54370231201962165e-17 1.394045019679176681e-16 0.2454928539708845503 5.410422680945350769e-17 1.036859089314988113e-16
822 5.360729646172908147 1.175458014660790251 9.573274393670227774e-17 1.400603053779381778e-16 0.2453873613051234526 4.444194221859007689e-17 9.85563938285979853e-17
823 5.367383739170274559 1.177091136611012834 9.592633805597816536e-17 1.405631377292169835e-16 0.2454910255897161664 2.910108389805067504e-17 7.558580031227934419e-17
824 5.374036210258777757 1.178725674885604535 9.597552541457193343e-17 1.409142115388487294e-16 0.2457637837183093976 7.395649001937991001e-18 5.278630005837934706e-17
825 5.380687061128103466 1.180362357194676859 9.594544890634437202e-17 1.412360548277164009e-16 0.2461460547654968078 -4.523305347836106201e-18 4.840307454195422245e-17
826 5.387336293473637738 1.182001538775516281 9.592862199300924227e-17 1.416312752288018955e-16 0.2465818871834266901 -2.531270540218487365e-18 5.945295719046801e-17
827 5.393983908996265342 1.183643307670732225 9.59800748329945422e-17 1.421861601623208519e-16 0.2470311157006105651 7.741925495464653255e-18 8.349155877667929279e-17
828 5.400629909402164586 1.185287507348138147 9.617460147000735565e-17 1.42861769061668314e-16 0.2474569403162032721 2.927683727632059256e-17 1.016811482086510056e-16
829 5.407274296402605707 1.186933696730696042 9.649084997017030792e-17 1.435574040953557694e-16 0.2478165082282927367 4.76078875694347325e-17 1.047205424091746521e-16
830 5.413917071713770568 1.188581599037075609 9.696334255902896172e-17 1.441757580535707971e-16 0.2481345097301986824 7.114603604455863688e-17 9.310925512235448035e-17
831 5.420558237056598117 1.190231302342070085 9.760526637100561689e-17 1.446741082948708835e-16 0.2484658660408999575 9.668172173273486283e-17 7.505775367087872147e-17
832 5.427197794156658261 1.191883258038589855 9.840357655906832292e-17 1.450769629103420604e-16 0.2488653199157383755 1.202645571928858726e-16 6.068960745737733033e-17
833 5.433835744744064833 1.193537878816424369 9.933392830187187088e-17 1.454564893470865681e-16 0.249327088335889846 1.40190365229791582e-16 5.718906875075180264e-17
834 5.440472090553411633 1.195193582867433379 1.003210812609771708e-16 1.45911652431780701e-16 0.2495506017827174294 1.487854153924328941e-16 6.860297383791305297e-17
835 5.44710683332374046 1.196848096307430609 1.013414531290869608e-16 1.465176988494825167e-16 0.2494313510856729088 1.538293540080741638e-16 9.136642419070009961e-17
836 5.453739974798521573 1.198499648797282324 1.023529506204338516e-16 1.47297541623454243e-16 0.2490450196953837014 1.525282509652080538e-16 1.175959954021976847e-16
837 5.460371516725647467 1.200147215671440115 1.033139661596732296e-16 1.481750151511918574e-16 0.248503885012095499 1.449507748691808069e-16 1.323500636352144859e-16
838 5.467001460857416895 1.201790591882826442 1.041888367501480547e-16 1.490477015457100036e-16 0.247931488857264487 1.319892344497736017e-16 1.316597110261387349e-16
839 5.473629808950516207 1.203430345243876598 1.049321905921716014e-16 1.498032257817711654e-16 0.2474444361020243788 1.121746578680516895e-16 1.140112122922162379e-16
840 5.480256562765963402 1.205067635054369202 1.05502969744458034e-16 1.503785646733880447e-16 0.2471320675204057016 8.615324611325020964e-17 8.684149189653696238e-17
841 5.486881724069069044 1.206703927504733542 1.058826509921437148e-16 1.506947671015394727e-16 0.2470408423185469771 5.732274522194464639e-17 4.77389687743803882e-17
842 5.493505294629335012 1.20834067457997496 1.060575710628121426e-16 1.507295305556124816e-16 0.2471687745953403403 2.641506447345925261e-17 5.249705634976911481e-18
843 5.500127276220339034 1.209979021613579953 1.061185883706638653e-16 1.504877390807039699e-16 0.2474697026791583265 9.216566894941325673e-18 -3.652221609868883151e-17
844 5.506747670619604129 1.211619699891785418 1.061806334700120799e-16 1.500266988440040645e-16 0.247881194482133943 9.374057999367147661e-18 -6.965607218405957946e-17
845 5.513366479608454718 1.213263073284350346 1.063631760471979491e-16 1.49493281160152012e-16 0.2483478047536636368 2.758596952055406331e-17 -8.06104756233636614e-17
846 5.519983704971871852 1.214909256688812 1.066813037912503768e-16 1.49031621958139364e-16 0.2488319387028149476 4.808719556592099443e-17 -6.978296218116370261e-17
847 5.526599348498355546 1.216558170497658464 1.070822780312785574e-16 1.48775267034143801e-16 0.2493042005828963181 6.062449221314746226e-17 -3.875906614968039421e-17
848 5.533213411979801322 1.21820929383913712 1.074259387839915419e-16 1.487863659440126004e-16 0.2496978493937304089 5.197149644593437377e-17 1.678477830961403725e-18
849 5.539825897211403394 1.219862195428035312 1.076217615334284318e-16 1.490766860021778219e-16 0.2500263797097422858 2.962115435992187569e-17 4.391530239169155666e-17
850 5.546436805991577401 1.221516859999999927 1.076504350403350665e-16 1.495798392980654392e-16 0.2503526889900891672 4.338335200063696064e-18 7.612768335888250626e-17
851 5.553046140121917773 1.223173723907442056 1.075711410598857986e-16 1.501656373188275708e-16 0.2507451216705073871 -1.200012788388000447e-17 8.865302414433028577e-17
852 5.559653901407178189 1.224832797289374664 1.074853608575549444e-16 1.507523976169242203e-16 0.2511392072625920346 -1.298482167624145164e-17 8.881976995224450417e-17
853 5.566260091655274245 1.22649199490552574 1.075147200399359072e-16 1.513123428419215384e-16 0.2512176869220478226 4.445248604428904598e-18 8.478082589895553463e-17
854 5.572864712677304766 1.228149106164008852 1.077484954554437164e-16 1.518569433266456167e-16 0.2509613515638806081 3.540413713195712996e-17 8.24770654408591048e-17
855 5.579467766287579344 1.229802575359918881 1.082012170995686856e-16 1.524858582142553172e-16 0.2504691657222652967 6.857872695111122749e-17 9.526865550296027294e-17
856 5.586069254303647647 1.231451657503656039 1.087668180587759862e-16 1.532370607002812308e-16 0.249863798901564238 8.569809870697901632e-17 1.138198649567372589e-16
857 5.592669178546322506 1.233096431347611821 1.092769548464218756e-16 1.540790630074057888e-16 0.249270011379897044 7.731263682791061131e-17 1.276077713967398861e-16
858 5.59926754083968703 1.234737705806062902 1.0957828561660409e-16 1.549340978107415421e-16 0.2487984959692266518 4.567830933123596265e-17 1.296135280579699028e-16
859 5.60586434301108838 1.236376805854390248 1.095241171771574429e-16 1.556402543871162668e-16 0.2485275871744208331 -8.21325798289015368e-18 1.070705783169552762e-16
860 5.612459586891104912 1.238015274091565532 1.091531326819391806e-16 1.560727764237737393e-16 0.2484904321685112716 -5.626358537381751374e-17 6.559638165260125864e-17
861 5.619053274313500879 1.239654557564459081 1.086007324628010504e-16 1.561928143719705433e-16 0.2486727015694990273 -8.379688877005942034e-17 1.820927335787014848e-17
862 5.625645407115160701 1.241295754459527334 1.080921691951292869e-16 1.560197087969592352e-16 0.2490216171986494587 -7.716517606389381905e-17 -2.62656055254258678e-17
863 5.632235987136006372 1.242939548556505791 1.078673506040823047e-16 1.557058766322370768e-16 0.2494744030258438383 -3.412013943452618647e-17 -4.762950060976861257e-17
864 5.638825016218914854 1.244586283226286394 1.080748273183286541e-16 1.554545293427127758e-16 0.2499794568034125475 3.149561206090998206e-17 -3.815530216089184056e-17
865 5.645412496209623043 1.246236086643505381 1.087541146964879763e-16 1.554006477435119716e-16 0.2505041397463498298 1.031421674427037899e-16 -8.181316340528520294e-18
866 5.65199842895664073 1.247888927243522961 1.098086842389093096e-16 1.556422114254986222e-16 0.2510242048383041769 1.601621359193253185e-16 3.668734370868034891e-17
867 5.658582816311167996 1.249544220865516753 1.110374037637031794e-16 1.561957207458709791e-16 0.2514557033858637047 1.866548195834971263e-16 8.408361733261960854e-17
868 5.665165660127017944 1.251201330640796527 1.122297302673605168e-16 1.569880036663290022e-16 0.2517905638819781799 1.811687838463216575e-16 1.203839155812657297e-16
869 5.671746962260550973 1.252860094237514765 1.132061952680381124e-16 1.578963971564089405e-16 0.2521008386855072558 1.484042970950779151e-16 1.380587090039187008e-16
870 5.678326724570614381 1.254520880960271922 1.139337085037500991e-16 1.587573847250201156e-16 0.2524673277969775032 1.105941660300710304e-16 1.308844945200517478e-16
871 5.684904948918489964 1.256183537784831827 1.144712545891083476e-16 1.594712338293251465e-16 0.2528106489954388691 8.173507166179833269e-17 1.085423357835380251e-16
872 5.691481637167844276 1.257845516378654382 1.149844051907080778e-16 1.599868087601696448e-16 0.2527664887496431367 7.804389072654254219e-17 7.84126013664080141e-17
873 5.69805679118467534 1.259504592059604411 1.156163486794533623e-16 1.603595508977202724e-16 0.2523838104218009137 9.613323098645286819e-17 5.670270624780895879e-17
874 5.704630412837258469 1.261159350702474979 1.164549645971799056e-16 1.606721719263738852e-16 0.2517857106484320262 1.27602599760152628e-16 4.756796902214505393e-17
875 5.711202503996081425 1.262809263699144147 1.174727133564694585e-16 1.610395968130462648e-16 0.2511068096839703112 1.548952244881676036e-16 5.591985230557808719e-17
876 5.71777306653377515 1.264454650948683589 1.18539425590551755e-16 1.615103065722738925e-16 0.2504762193151805483 1.623849021347136119e-16 7.165583720129665948e-17
877 5.72434210232502938 1.266096552079228443 1.195051651298924327e-16 1.62118059939866478e-16 0.2500035630203944481 1.47048029441784129e-16 9.253937676830492048e-17
878 5.730909613246507384 1.267736481707775198 1.203007098580324478e-16 1.62768087110829553e-16 0.2497612919747058402 1.211614667270834652e-16 9.899914192188721805e-17
879 5.737475601176745599 1.269376109895576699 1.208937123373165438e-16 1.633512419754119156e-16 0.2497732463172093187 9.033520857161653962e-17 8.883506926513443476e-17
880 5.744040067996058596 1.271016942392813265 1.213829513162774785e-16 1.638239781023863567e-16 0.250014566570991581 7.454561722817509683e-17 7.203106842838270448e-17
881 5.750603015586436939 1.2726600792892937 1.218615873366638422e-16 1.64221451528239346e-16 0.2504235867977966934 7.294690372574853972e-17 6.057725389291851367e-17
882 5.757164445831453037 1.274306178025684799 1.223648077624404179e-16 1.646385490705767662e-16 0.2509329450782471493 7.671142725040180383e-17 6.358276837821442504e-17
883 5.763724360616168774 1.275955554784235613 1.228626064223373269e-16 1.651718429941806996e-16 0.2514906766930170567 7.590244083731339799e-17 8.131462325276192998e-17
884 5.770282761827058238 1.277608325706672598 1.232779970168765542e-16 1.658168206214724418e-16 0.2520663061603578559 6.33517757106171544e-17 9.836640145373645945e-17
885 5.776839651351934002 1.279264468613930283 1.235182691749309702e-16 1.665297761494545077e-16 0.2526387449677970909 3.665266819400454942e-17 1.087588450355973751e-16
886 5.783395031079888504 1.280923424598389815 1.235382043698898672e-16 1.672324418992671728e-16 0.253126095486714886 3.041743186668144024e-18 1.072138377078562894e-16
887 5.789948902901241645 1.282584266351614488 1.234193784987760086e-16 1.678799687594880336e-16 0.2534720744128272085 -1.813480422602656007e-17 9.882336843925100636e-17
888 5.796501268707502597 1.284246598468150813 1.23331228922082463e-16 1.684303339885775668e-16 0.2537577797803186597 -1.345618041534229069e-17 8.401417334884667392e-17
889 5.803052130391331609 1.285910652715925639 1.235372599307378716e-16 1.689182609994901287e-16 0.2540789307965788946 3.145819221945567305e-17 7.449995900386188351e-17
890 5.809601489846512479 1.287575142631490532 1.242118086109392995e-16 1.693899579879290181e-16 0.254203684700782695 1.030182030024805078e-16 7.203835325294109414e-17
891 5.816149348967925903 1.289237428557096221 1.25371590620962993e-16 1.699076975950807189e-16 0.2539251969068334613 1.771643919543996405e-16 7.908815785982490527e-17
892 5.822695709651522833 1.290895597994276667 1.268496284821432639e-16 1.705203184597285964e-16 0.2533542944523928808 2.258317100151181753e-16 9.360329737689941965e-17
893 5.829240573794301383 1.292548711097625036 1.283408023593816825e-16 1.712260065808730663e-16 0.252639424283459868 2.278908255514986648e-16 1.078478177255420043e-16
894 5.835783943294279297 1.294196737776973416 1.295336989368357457e-16 1.719822468206237446e-16 0.2519195547040555261 1.823477607286289138e-16 1.155998909693638816e-16
895 5.842325820050469964 1.295840427623138114 1.302143928694305854e-16 1.72759457991584412e-16 0.2513138931223242722 1.040754997813742296e-16 1.188326165109904125e-16
896 5.848866205962857556 1.297481124848552048 1.303095513144365729e-16 1.734783382650706e-16 0.2509134542206390983 1.455267538999677956e-17 1.099390733387738475e-16
897 5.855405102932372152 1.299120501886267265 1.299611365812489686e-16 1.741078506639758183e-16 0.2507685850583613596 -5.329553095163319677e-17 9.62938542619669105e-17
898 5.86194251286086665 1.300760251744565998 1.293845903122986491e-16 1.746600788451170247e-16 0.2508826081888064219 -8.821188851686060298e-17 8.449120803328978991e-17
899 5.868478437651096336 1.302401806845926657 1.28773197112221061e-16 1.751396799321607779e-16 0.2512158211826547305 -9.356472085260542594e-17 7.339587981050370053e-17
900 5.875012879206698457 1.304046161361674061 1.282986005412799569e-16 1.755603824252968367e-16 0.2517012899197185738 -7.264648100720177714e-17 6.439691634662637348e-17
901 5.881545839432178013 1.305693884578461361 1.28094313880811641e-16 1.759130156747565952e-16 0.2522740657229877725 -3.127723508672627564e-17 5.398978581109806085e-17
902 5.888077320232889988 1.307345246614475487 1.28222629573647981e-16 1.762139606374043295e-16 0.2528883929556356991 1.965017279354046992e-17 4.608649485231475208e-17
903 5.894607323515025143 1.309000357794924074 1.28708410608857431e-16 1.764996769705835321e-16 0.2535198231464005358 7.440897239350471239e-17 4.376428309667956128e-17
904 5.901135851185592252 1.31065921817046438 1.294659781877575294e-16 1.768249879454691824e-16 0.2541514723145407717 1.160657752720744798e-16 4.9840399135661637e-17
905 5.907662905152399446 1.312321162338210501 1.303667630941649826e-16 1.772850076017954534e-16 0.2546813639052022404 1.380390105765101513e-16 7.04948070880532951e-17
906 5.914188487324029353 1.313984911934839683 1.312226136385493991e-16 1.779507020309592645e-16 0.2550154754778121702 1.311826815503485386e-16 1.020360165496520737e-16
907 5.920712599609811555 1.315649813969441473 1.318519975046721007e-16 1.788583738537746849e-16 0.2552495514826460532 9.6492133590698934e-17 1.39157031976641098e-16
908 5.927235243919786178 1.317315990888649146 1.321839609959027126e-16 1.799914908978037746e-16 0.2555024347810493368 5.090544664859376896e-17 1.737595571657670972e-16
909 5.933756422164664812 1.318981465816974508 1.322141273603425592e-16 1.81254298068901416e-16 0.2554521417734018085 4.626945908710172112e-18 1.936905749929658188e-16
910 5.940276136255778994 1.320643474539876072 1.320589465499538206e-16 1.825455421972459003e-16 0.2549776782700948763 -2.380712098545018243e-17 1.980966919056627359e-16
911 5.946794388105029583 1.322300324780526948 1.318894840451837178e-16 1.837819061587421077e-16 0.2542432477113651945 -2.600397822384269578e-17 1.897197352010501777e-16
912 5.953311179624825478 1.323951443861781652 1.319028441654153994e-16 1.848757960309472068e-16 0.2534205166646389396 2.050565952665506221e-18 1.678946962309910112e-16
913 5.959826512728023218 1.325597200119112973 1.322609805496291224e-16 1.857716199004341314e-16 0.2526538892942628567 5.498052944736335601e-17 1.375254590345736016e-16
914 5.966340389327858595 1.327238701971418466 1.330155412161308034e-16 1.86447587091748155e-16 0.2520570457165606237 1.158648296041860741e-16 1.037965890837290391e-16
915 5.972852811337880041 1.328877573073313112 1.340877054294057542e-16 1.869321484217616038e-16 0.2517092337290662285 1.64670444334021822e-16 7.44223026029464605e-17
916 5.979363780671880235 1.330515664018827149 1.35329237030435537e-16 1.873292441617956152e-16 0.2516454830582580127 1.90725564004130806e-16 6.100232077766340097e-17
917 5.98587329924382594 1.332154746404491386 1.365869723288755293e-16 1.877622060535140413e-16 0.2518538453311673919 1.932578094251688011e-16 6.652692888707392939e-17
918 5.992381368967792277 1.333796249496018271 1.37719082794362648e-16 1.883234263534274258e-16 0.2522818894657103961 1.739935604089025429e-16 8.625370150046895361e-17
919 5.998887991757891669 1.335441116028250219 1.386487004029542003e-16 1.889696174437743944e-16 0.2528549703494992751 1.429042589478907252e-16 9.933488571141674093e-17
920 6.005393169528209896 1.337089851794036388 1.393617490533013061e-16 1.895393473888622815e-16 0.2535060009102828582 1.096367990281246733e-16 8.760042874984558566e-17
921 6.011896904192737701 1.338742676383035679 1.39932477555138602e-16 1.898549015963296575e-16 0.2541910167498507289 8.777341475660211582e-17 4.852967784342791355e-17
922 6.018399197665310396 1.340399671293368566 1.404221607621886824e-16 1.898218639250239091e-16 0.2548887978141074484 7.532597908201549928e-17 -5.082050807268285587e-18
923 6.024900051859543915 1.342060828517421589 1.408914755572518497e-16 1.894542819332237725e-16 0.2555855806296083998 7.220875463047612579e-17 -5.655614979899684012e-17
924 6.031399468688775301 1.343725681468297184 1.413397195457147225e-16 1.889545179374284195e-16 0.256210791355755696 6.898203648804826117e-17 -7.691065375263398883e-17
925 6.037897450066007643 1.34539274185460056 1.417350790154963986e-16 1.886833413103695097e-16 0.2566071131796161531 6.085685500203185042e-17 -4.174165015442056996e-17
926 6.044393997903855897 1.347060868840233239 1.420650766672517875e-16 1.889142830619010278e-16 0.2568278890682479942 5.080704348516565911e-17 3.555621547664713465e-17
927 6.050889114114499812 1.348729003671663929 1.423388634186757762e-16 1.89762512454009229e-16 0.2568856431055651091 4.216199097827855249e-17 1.306237054626218217e-16
928 6.05738280060964307 1.35039400143941446 1.425978842021373301e-16 1.911159601321080953e-16 0.2564589377964860417 3.989686729941386203e-17 2.084710025511231469e-16
929 6.063875059300474213 1.352053249140722224 1.428826937166633048e-16 1.92779218004148202e-16 0.2556294012122444226 4.387873227152149275e-17 2.562472218922003034e-16
930 6.070365892097638216 1.353705678993366357 1.431992827072095968e-16 1.944016784701443284e-16 0.2546348827936135706 4.878549027209999092e-17 2.50016682968479518e-16
931 6.076855300911211621 1.35535155612902436 1.43553502152205595e-16 1.957181341677957918e-16 0.2536807181870547323 5.459620360208683775e-17 2.029066566430803056e-16
932 6.083343287650686548 1.356992081746322576 1.439189864767436357e-16 1.965644239120905539e-16 0.2529112433387114001 5.634480435115832314e-17 1.304680580403838039e-16
933 6.089829854224957373 1.358629020994194248 1.442780996654285559e-16 1.969324118533313091e-16 0.2524135405646898422 5.537470711713295741e-17 5.674318045367511985e-17
934 6.096315002542316286 1.36026438148184603 1.446250838515740437e-16 1.969704685784929501e-16 0.2522251838430060733 5.351612124787859342e-17 5.869571004581539521e-18
935 6.102798734510451517 1.361900117171672697 1.449165230032973557e-16 1.968698969893318553e-16 0.2523381002652627103 4.495909843269037373e-17 -1.551475822616348386e-17
936 6.109281052036449999 1.363537877687591271 1.451166815540037563e-16 1.96778766161657109e-16 0.2527055277553226231 3.088435195461531974e-17 -1.406143552643194188e-17
937 6.115761957026800921 1.365178867470112856 1.452159010558450308e-16 1.967933088968268935e-16 0.2532589259587584296 1.531284639193257056e-17 2.244424388764345921e-18
938 6.122241451387401057 1.366823818020705961 1.451699138155907432e-16 1.969211989307259963e-16 0.2539254099097337791 -7.098893536938193992e-18 1.97419486375995932e-17
939 6.128719537023564534 1.368473099747654631 1.44998035841875635e-16 1.971237315159930061e-16 0.2546493000018637543 -2.653798012621399988e-17 3.127105589245413967e-17
940 6.135196215840025502 1.370126882623952547 1.447474419128693194e-16 1.973555871124575573e-16 0.2553996790874720757 -3.870012803177113074e-17 3.580629947278212916e-17
941 6.141671489740943457 1.371785257694138505 1.445207334634963645e-16 1.976003738557863489e-16 0.2561643719236526007 -3.501899454922329215e-17 3.781149601641517378e-17
942 6.148145360629905909 1.373448249427065448 1.443860254394832763e-16 1.979401217392793858e-16 0.2569331011880798266 -2.081246086754976846e-17 5.249122746648639505e-17
943 6.154617830409926604 1.37511550840720731 1.44438924621085438e-16 1.9845137382494748e-16 0.2576480910231147559 8.174718696264009061e-18 7.900579662360634257e-17
944 6.161088900983441086 1.376785207564451552 1.447257522845774819e-16 1.992218020304979019e-16 0.258080908858621727 4.433418065682896887e-17 1.190830160248303078e-16
945 6.167558574252296033 1.378455639765125085 1.452268652864267346e-16 2.002509891843590855e-16 0.2582499137211124451 7.747239872406365035e-17 1.591130089448478415e-16
946 6.174026852117734165 1.380124881532587056 1.458465735210321303e-16 2.014802172354149997e-16 0.2581214807404275668 9.58279443166573231e-17 1.900804130899871472e-16
947 6.1804937364803747 1.381788805626610772 1.46496467482453647e-16 2.027400245703837008e-16 0.2573545676775323421 1.005173133068962329e-16 1.948509389414727424e-16
948 6.186959229240186708 1.383444886937295948 1.470951290859864879e-16 2.038820080768945521e-16 0.2561966132453840084 9.261325172597475439e-17 1.766654238910057362e-16
949 6.193423332296455364 1.385092586875773524 1.475625187637835109e-16 2.048062746706071346e-16 0.2549547480293696267 7.232094555054699921e-17 1.430152123023676427e-16
950 6.199886047547742862 1.386732911311364891 1.479100394827870592e-16 2.055423390363556271e-16 0.2538679501130151062 5.378470907398359456e-17 1.139184100591886041e-16
951 6.20634737689184135 1.38836781529689457 1.481700846550425243e-16 2.06118364752621314e-16 0.253083253964186905 4.025501127564064015e-17 8.91688221020153764e-17
952 6.212807322225724072 1.389999678745605038 1.483951874752249448e-16 2.066258595006083971e-16 0.2526666370188515032 3.485338960431954337e-17 7.857703497186559951e-17
953 6.219265885445484088 1.391630898601478705 1.486450157589213607e-16 2.071299412255602618e-16 0.2526209735226307429 3.868998039327383187e-17 7.806526853738972749e-17
954 6.225723068446275654 1.393263577193762481 1.489650944114710153e-16 2.076983272008923516e-16 0.2529008658457322922 4.957997780525043047e-17 8.804262270321024178e-17
955 6.232178873122245832 1.394899308416379879 1.493196998623324404e-16 2.083527653583198206e-16 0.2534277492482391869 5.49398703407808952e-17 1.013936684497723456e-16
956 6.238633301366467876 1.396539136487588095 1.496179601019248975e-16 2.091031672093673302e-16 0.2541166006553067791 4.622001508976939988e-17 1.162863173656621496e-16
957 6.245086355070867512 1.398183618722655952 1.498205442605040256e-16 2.099268474462306905e-16 0.2548920538655132795 3.140021288142454096e-17 1.276690880725005458e-16
958 6.251538036126156328 1.399832994491503779 1.498945688757166178e-16 2.108063705271084562e-16 0.2557048720543225739 1.147613243707754263e-17 1.363536078996531834e-16
959 6.257988346421759829 1.401487364639503852 1.498988785525710268e-16 2.116767167548064109e-16 0.256533598188053158 6.682766319421768303e-19 1.349595492463792964e-16
960 6.264437287845749047 1.40314680129397007 1.499642030016418836e-16 2.12490083258830462e-16 0.2573737876402431013 1.013163162186777948e-17 1.261507737080301815e-16
961 6.270884862284781036 1.404811336995474225 1.502409237661638912e-16 2.131737709051534314e-16 0.2582193059364868981 4.292767267684221737e-17 1.060604163379293116e-16
962 6.277331071624037584 1.406480689905573733 1.508093455375223747e-16 2.136395421036317254e-16 0.259021375872287074 8.819788098866884172e-17 7.22703365727194736e-17
963 6.283775917747171924 1.408152603292264882 1.516422198600559073e-16 2.138400707088628187e-16 0.259473474589581421 1.292583671406012353e-16 3.112114202093324484e-17
964 6.290219402536265214 1.409824719866592524 1.526282290150211743e-16 2.138374807556213388e-16 0.2595597706097509394 1.530564997747202633e-16 -4.02033972733688626e-19
965 6.296661527871788344 1.411493153747418239 1.535467617216051505e-16 2.136914323663225802e-16 0.2590427015524994769 1.426123003808113056e-16 -2.267561798890069336e-17
966 6.303102295632572627 1.413153438037655363 1.542194658179236671e-16 2.135722509811768138e-16 0.2578316582225466669 1.04466695051445271e-16 -1.850811595465178163e-17
967 6.309541707695787593 1.414803491204503327 1.545846593029857149e-16 2.135913593822338175e-16 0.256296713239190066 5.672416610463315169e-17 2.968037930270854192e-18
968 6.315979765936932999 1.416443628036333946 1.5461259059678416e-16 2.138453021168681523e-16 0.2548099535999973075 4.33937677555126518e-18 3.945227933026011261e-17
969 6.322416472229833495 1.418075850519853853 1.543469426445061456e-16 2.143049807939439967e-16 0.2536335874082567554 -4.127944799450796323e-17 7.143018375190887135e-17
970 6.328851828446644845 1.419703024138086578 1.538264095427156323e-16 2.148411039117113873e-16 0.2529020193002257111 -8.090339658923639228e-17 8.332646102273800973e-17
971 6.335285836457870801 1.421328190651905299 1.531200268726690209e-16 2.152673200796530208e-16 0.2526429332135468053 -1.098118797146861291e-16 6.62581353579526925e-17
972 6.341718498132380866 1.422954088595498989 1.52313319501198884e-16 2.154064345000529273e-16 0.2528094777091978163 -1.254342377694139213e-16 2.163078199446378961e-17
973 6.34814981533744227 1.424582864504729596 1.51551036903985489e-16 2.151768710437299069e-16 0.2533098511617599136 -1.185514165263764961e-16 -3.57020782440427481e-17
974 6.354579789938747503 1.426215931058703257 1.509753199501332617e-16 2.146418842345185199e-16 0.2540301079675580942 -8.9555100856094647e-17 -8.32193621101957391e-17
975 6.361008423800456058 1.427854072188410761 1.506992975193390894e-16 2.139853397584708606e-16 0.2548725604766047814 -4.294534970747823457e-17 -1.021494232959764294e-16
976 6.367435718785229071 1.429497614042751552 1.50783780756654689e-16 2.134484611165323063e-16 0.2557660448853946722 1.314718174669851975e-17 -8.354842103314256615e-17
977 6.373861676754268402 1.431146646758981289 1.511272275267456226e-16 2.132381131276306632e-16 0.2566738568482165306 5.345788851469903308e-17 -3.274090869166595433e-17
978 6.380286299567353936 1.432801207119650311 1.515830695786179216e-16 2.13450340235987109e-16 0.2575876981209722638 7.096707236540670398e-17 3.304025263744697704e-17
979 6.386709589082880001 1.434461360027781129 1.520364970567229507e-16 2.140814645125413525e-16 0.258511950520695144 7.060579854453717835e-17 9.827598828633894072e-17
980 6.393131547157882011 1.436127153466294715 1.524353508327789287e-16 2.150144467466167138e-16 0.2594439845043114423 6.212067505013624063e-17 1.453101102956823911e-16
981 6.39955217564805956 1.437798355895085312 1.52770101940456544e-16 2.160803585005107453e-16 0.2603402599973506093 5.214759678769716608e-17 1.660479534749204355e-16
982 6.405971476407795073 1.43947303569470475 1.530766871527882411e-16 2.171252930228076544e-16 0.2609358606594411323 4.776977441503323785e-17 1.628137444365640789e-16
983 6.412389451290155584 1.44114796863044492 1.534395178904475901e-16 2.180675162852090217e-16 0.2610291526118381222 5.65451893456877828e-17 1.468403507434293918e-16
984 6.418806102146892734 1.442817567971470982 1.538128321205964714e-16 2.188350670302673238e-16 0.2602515668187139197 5.81909748791907712e-17 1.196432456013777721e-16
985 6.425221430828426783 1.444476527981264136 1.54175826763675293e-16 2.194476876731491198e-16 0.2586463749143960156 5.659403963413544411e-17 9.551291625098047071e-17
986 6.431635439183820857 1.446122678477613555 1.544343154539747969e-16 2.199348412897086422e-16 0.2567020280012828892 4.03089335771105352e-17 7.596712548233564392e-17
987 6.438048129060743641 1.447756816896036414 1.544934849496096465e-16 2.203140778926693748e-16 0.2548811863010885248 9.228833414738815943e-18 5.915060447860640222e-17
988 6.444459502305423193 1.449381783990589589 1.542992667824582308e-16 2.206291043972265615e-16 0.2535026950866252626 -3.029896972849528433e-17 4.914565236222624529e-17
989 6.450869560762583887 1.451001390585679784 1.538607898508388818e-16 2.209299804922814262e-16 0.2527181945133996077 -6.841852757981172446e-17 4.694773641019784649e-17
990 6.457278306275381574 1.452619505529094468 1.532820002212261384e-16 2.212629629811867167e-16 0.2525371061003501283 -9.033094879825704466e-17 5.196814631275474572e-17
991 6.463685740685324532 1.454239429277143669 1.527579782762455753e-16 2.216910970995490189e-16 0.2528710743095845537 -8.180014173421193711e-17 6.683199415357747156e-17
992 6.470091865832188205 1.455863563278712469 1.52458657644862459e-16 2.222476306227770344e-16 0.2535800505384849246 -4.673366899530675306e-17 8.689295268137172295e-17
993 6.476496683553929046 1.457493285539701589 1.525536960861398431e-16 2.229401754852347995e-16 0.2545044386933955072 1.48416118074717969e-17 1.081507847741047976e-16
994 6.482900195686589484 1.459129193551860215 1.530849487585378771e-16 2.237526431629428828e-16 0.2555224565757200361 8.297959720512704068e-17 1.269042851757895361e-16
995 6.48930240406420733 1.460771390116557544 1.540208948617422633e-16 2.246116757612022679e-16 0.2565568761809577936 1.462208688495868646e-16 1.342048355749971725e-16
996 6.495703310518724294 1.462419780872811881 1.552652846392749534e-16 2.254920653171365938e-16 0.2575768982065983481 1.944478624626732956e-16 1.375693294630891464e-16
997 6.502102916879898054 1.464074289208338708 1.566191194769282045e-16 2.264067634539226601e-16 0.2585852870599027464 2.115926300333643519e-16 1.429593766287433359e-16
998 6.508501224975221433 1.465734933311477972 1.579174729920482641e-16 2.273819389694324632e-16 0.2595968544058016581 2.029625058100883546e-16 1.524423540488587098e-16
999 6.514898236629851347 1.467401759180097187 1.590365572067224896e-16 2.283946487013615491e-16 0.2606159495575192664 1.749740034234936566e-16 1.583418600477242957e-16
1000 6.52129395366654574 1.469074594584389271 1.599922279278757941e-16 2.293507368393421903e-16 0.2616084485092722844 1.494537561825713321e-16 1.495190344330806614e-16
1001 6.527688377905612072 1.470751707602238945 1.607784715570025275e-16 2.301158532232738138e-16 0.2623303707021847342 1.229825184682496687e-16 1.196778407244377891e-16
1002 6.534081511164870903 1.472428453038435059 1.613370722004175572e-16 2.304832071576767333e-16 0.2623257719271518962 8.739272033761228192e-17 5.747229265245418023e-17
1003 6.540473355259631028 1.474097351494006114 1.617258741445042313e-16 2.304172847896626649e-16 0.2611507138850475696 6.08400738338486223e-17 -1.031559074813649668e-17
1004 6.54686391200268325 1.475752581645404682 1.620481275748880767e-16 2.301404439528619394e-16 0.2590639995026868814 5.043664922256091208e-17 -4.332901641905351878e-17
1005 6.553253183204302168 1.477392179202294598 1.62342066030761911e-16 2.298975788511662742e-16 0.2566688749957981575 4.601425055197559575e-17 -3.801903227168348993e-17
1006 6.559641170672267485 1.479017696303873475 1.626022537459463721e-16 2.298577475888621863e-16 0.2545157423482964365 4.073895587795420322e-17 -6.236589749901610786e-18
1007 6.566027876211896874 1.480633040225376673 1.628241793495638092e-16 2.301119746816253976e-16 0.2529735791622983454 3.475502244909747373e-17 3.981365003465888351e-17
1008 6.572413301626093052 1.482243120075864784 1.630181794747972566e-16 2.306164415234728206e-16 0.2521996796072369373 3.03877906507618209e-17 7.901867466252105681e-17
1009 6.578797448715397955 1.483852687379640489 1.632764878009318517e-16 2.312732507001027783e-16 0.2521698173219589778 4.046899018220619041e-17 1.029018480293566483e-16
1010 6.585180319278058469 1.485465565094406193 1.637113432006383566e-16 2.319543839012596924e-16 0.2527389319560989778 6.814210914504041351e-17 1.067339924187880831e-16
1011 6.591561915110100145 1.487084311096699807 1.644078446739327874e-16 2.325442457026244582e-16 0.2537091035761212532 1.091639850715312003e-16 9.245014884732761367e-17
1012 6.597942238005403581 1.488710139512154029 1.653949162928382423e-16 2.329724139218745255e-16 0.2548699209655495013 1.547364181277937311e-16 6.712098224076020506e-17
1013 6.604321289755782587 1.490343356605333902 1.666040573839613658e-16 2.332349585727774081e-16 0.2560791497666041194 1.895864449715046079e-16 4.116550779423669329e-17
1014 6.610699072151063227 1.491983786578523263 1.679260576510400116e-16 2.333933394976689774e-16 0.2572612183008528008 2.073233267260321742e-16 2.483816460266511968e-17
1015 6.61707558697915843 1.493631138645858947 1.691880181804702395e-16 2.335224418878615392e-16 0.2583980727962874591 1.979468598216249073e-16 2.025056421187528003e-17
1016 6.623450836026137267 1.495285235057374651 1.702511900029801816e-16 2.336669453169304562e-16 0.2595074193777789362 1.667986062323322009e-16 2.267081393069813851e-17
1017 6.629824821076282682 1.496946064402904897 1.710416269261756675e-16 2.339465683849445697e-16 0.2606153426577045851 1.240344109660088518e-16 4.387811540157968133e-17
1018 6.636197543912142116 1.498613680805849224 1.715804255561011762e-16 2.344396707026019526e-16 0.2617321264126722946 8.45643583678183303e-17 7.739232950192489552e-17
1019 6.642569006314563929 1.500287959016031847 1.719293515495930115e-16 2.351636775462071703e-16 0.2628296168184099391 5.477469909701206563e-17 1.136552098219718742e-16
1020 6.648939210062718708 1.501967833413795805 1.721420825540847892e-16 2.360889396181322066e-16 0.2637601524534098907 3.340128419779460121e-17 1.452770906414965579e-16
1021 6.655308156934103714 1.503647457772367746 1.723098744500037179e-16 2.370498356265975482e-16 0.2637728739277587775 2.635050532724556746e-17 1.509017777725627058e-16
1022 6.661675848704532221 1.505317224164663736 1.725139983998929414e-16 2.378785930954069568e-16 0.2622763743174377216 3.206250271613518283e-17 1.301759965410169097e-16
1023 6.668042287148106873 1.506970370093347222 1.728462942366482333e-16 2.384625993586728067e-16 0.2597167934726883343 5.220519719945956645e-17 9.175005753070754613e-17
1024 6.674407474037176158 1.508604717966550046 1.732784902693397959e-16 2.387674505187782009e-16 0.25681395749395175 6.791330988254664647e-17 4.790291844040553887e-17
1025 6.680771411142274019 1.51022230390269363 1.737916574489558255e-16 2.387849260104057433e-16 0.2542299196645941839 8.065256252123157117e-17 2.746557529525213666e-18
1026 6.68713410023204613 1.511828031999571165 1.74315327477902077e-16 2.386063806576268994e-16 0.2524157077225787082 8.231937974219417971e-17 -2.806680139052380105e-17
1027 6.693495543073163745 1.513428018537276154 1.747974840512716841e-16 2.383340445533573397e-16 0.2515623645492093274 7.580841764692754471e-17 -4.281880673849047156e-17
1028 6.699855741430227773 1.51502811439957541 1.751850582887641912e-16 2.381027466042899677e-16 0.251628719247981969 6.094935390534392161e-17 -3.63735748962391378e-17
1029 6.706214697065663088 1.516632904072957144 1.755077049144578071e-16 2.380610202834558973e-16 0.2524161205217352877 5.074883700204585026e-17 -6.563100575283210913e-18
1030 6.712572411739609279 1.518245300359519767 1.757749691053418892e-16 2.383177075787808898e-16 0.2536620009188412239 4.204597219591255897e-17 4.038201618622642281e-17
1031 6.718928887209810519 1.519866458737960668 1.760602496909110589e-16 2.38838301911109528e-16 0.2550901119529570549 4.488904815137783188e-17 8.191578829176463031e-17
1032 6.725284125231501875 1.521496407432912479 1.764044309863969346e-16 2.395204301646531845e-16 0.2565231505082917751 5.416763763025975177e-17 1.073541082560972528e-16
1033 6.731638127557303619 1.523134651927392058 1.768185492336229091e-16 2.402313217986331066e-16 0.2578788327438353845 6.518705270942197951e-17 1.119026527455787301e-16
1034 6.737990895937121749 1.524780643951040515 1.773203744227180696e-16 2.408668274001165882e-16 0.2591486495171284044 7.900847524122494241e-17 1.000554170487139059e-16
1035 6.744342432118056507 1.526434049831903783 1.77893895514980731e-16 2.413999679798903616e-16 0.2603663433122424542 9.031393400324955859e-17 8.395510432960547393e-17
1036 6.750692737844325109 1.528094795871030476 1.784573235264430154e-16 2.41869041325447346e-16 0.2615728295246625423 8.874171951608947329e-17 7.388055690709907345e-17
1037 6.757041814857196904 1.529762937019638613 1.790040331435738911e-16 2.42421215042087732e-16 0.2627883675083298454 8.612516267391007086e-17 8.698594222557166026e-17
1038 6.763389664894948083 1.531438398517261268 1.795546204186355749e-16 2.43159045402515306e-16 0.2639925237397243163 8.675276900648212327e-17 1.162555506154227871e-16
1039 6.769736289692832365 1.533120372743543403 1.801119310996214468e-16 2.441687648220903271e-16 0.2650697961165995875 8.782906793350377808e-17 1.591261723869232807e-16
1040 6.776081690983073003 1.534802811526999156 1.805011595178116191e-16 2.450031886636443878e-16 0.2651940696708401379 6.135204993276038237e-17 1.315258876269895864e-16
1041 6.782425870494869891 1.536474180628410791 1.808198516447408446e-16 2.456941429557621677e-16 0.26349988709010147 5.024344376800750057e-17 1.089324780526892866e-16
1042 6.788768829954431538 1.5381264716363936 1.812283532991428584e-16 2.463492994047204603e-16 0.2605421719302483119 6.441474762059723768e-17 1.033086080726707645e-16
1043 6.795110571085020368 1.539756930674256452 1.818424027089735174e-16 2.470305322398482137e-16 0.2571489207567135837 9.684520700146955034e-17 1.074410851601338614e-16
1044 6.801451095607016661 1.541367745404874867 1.82697817976276166e-16 2.478361604155025063e-16 0.2540993932123444821 1.349382372997883856e-16 1.270845285291984827e-16
1045 6.807790405238001163 1.542964576149282507 1.83762728889845592e-16 2.48780235595202188e-16 0.2519416919235188956 1.680174672563855324e-16 1.489524790961962743e-16
1046 6.814128501692843898 1.544554636319307228 1.849536503962966375e-16 2.498490654089184037e-16 0.2509214183770082651 1.879348462453011441e-16 1.686680151589034075e-16
1047 6.820465386683808084 1.54614490517518921 1.861992312390216828e-16 2.510065386854582035e-16 0.2510022683348396844 1.965979625156100306e-16 1.82691383833545659e-16
1048 6.826801061920656721 1.547740869156166044 1.873613867644261047e-16 2.52256270269228378e-16 0.2519492063151494987 1.834653950405449283e-16 1.972907185819660854e-16
1049 6.833135529110764494 1.549345992178793319 1.883305555576972906e-16 2.53583880083431815e-16 0.2534433779112445495 1.530284029760901144e-16 2.096250013965152633e-16
1050 6.839468789959227024 1.550961572095322483 1.890138661235963628e-16 2.549895601700716647e-16 0.2551430156358709955 1.07912902738905423e-16 2.21994252748009889e-16
1051 6.845800846168968334 1.552587481865394414 1.893492380664826919e-16 2.564022721469109078e-16 0.2568231643112815488 5.297420876527785183e-17 2.231471677153809224e-16
1052 6.852131699440837664 1.554222953952838493 1.893505269254113072e-16 2.577220074612850816e-16 0.2583826218177597833 2.036223985012332119e-19 2.085004527141706606e-16
1053 6.85846135147369651 1.555867165464932755 1.891089593027643967e-16 2.588228080378219167e-16 0.2598125710015307677 -3.817167356447912523e-17 1.739446694335085016e-16
1054 6.864789803964490567 1.557519576483854529 1.88796136819610636e-16 2.595961890127968461e-16 0.2611576603032441102 -4.944047628294754855e-17 1.222301011277961744e-16
1055 6.871117058608306571 1.559179997529663853 1.885355425804662201e-16 2.599930603178336873e-16 0.2624732364405870655 -4.119377643317675159e-17 6.273595251417213158e-17
1056 6.877443117098407832 1.560848447628369273 1.884217367875938378e-16 2.601134036786297609e-16 0.2637922477638676155 -1.799339754521425513e-17 1.902702734261433942e-17
1057 6.883767981126250213 1.562524883640056705 1.885608854781326274e-16 2.600653265872040243e-16 0.2651048645676262749 2.200441561913191647e-17 -7.602718339599915106e-18
1058 6.890091652381478582 1.564208679379375688 1.890048233841915251e-16 2.600062467612885541e-16 0.2663188644223294377 7.021578464347722748e-17 -9.344406676334418693e-18
1059 6.896414132551899279 1.565893046779299969 1.895322137537126911e-16 2.597983942686723912e-16 0.2664594084976026345 8.34308037048557683e-17 -3.288133707630755045e-17
1060 6.902735423323433039 1.567565171041178207 1.901261344536082398e-16 2.595322446026535121e-16 0.2645723094859555591 9.397326191917594539e-17 -4.211160223728911912e-17
1061 6.909055526380049272 1.569215876986291835 1.908915611902077173e-16 2.593363948936388188e-16 0.2612324135513760526 1.211325823297255436e-16 -3.099418908055438524e-17
1062 6.915374443403678129 1.570841780073945149 1.919775017298856559e-16 2.593499811710178333e-16 0.2573554742608839541 1.718877002757212224e-16 2.150498934937744608e-18
1063 6.921692176074113689 1.572445119424775717 1.933841665368662241e-16 2.596802269819413072e-16 0.2538314985482502673 2.226951117528618911e-16 5.228262440672182692e-17
1064 6.928008726068895839 1.574032237668773204 1.950489296124617803e-16 2.603934325087881079e-16 0.2513104531867276781 2.636050367127452787e-16 1.129317269491527551e-16
1065 6.934324095063190363 1.575611429099958549 1.967891884678146546e-16 2.614799315336541901e-16 0.250101994808901773 2.756107984203798053e-16 1.72072598743123676e-16
1066 6.94063828472965838 1.577190837876610852 1.983897072403199408e-16 2.628656863413855003e-16 0.2501830781383571067 2.535269646736487898e-16 2.195077097634426133e-16
1067 6.946951296738324011 1.57877691764366257 1.996621063320260178e-16 2.644493984312056765e-16 0.2512865927596371618 2.015893771721445776e-16 2.509114757216401933e-16
1068 6.953263132756446474 1.58037375061221308 2.004695485341644406e-16 2.661190914956701587e-16 0.2530373273831941772 1.279488968911893386e-16 2.645828830587595722e-16
1069 6.959573794448395745 1.581982849411320169 2.007838580845885798e-16 2.67753498020976091e-16 0.255028385370855315 4.981537317396975728e-17 2.590394433329054417e-16
1070 6.965883283475537979 1.583603941673286108 2.007485373518590219e-16 2.692816312773055935e-16 0.256976940077109528 -5.599072940561166408e-18 2.422409985261565623e-16
1071 6.972191601496133373 1.585235982308022429 2.005124627322526348e-16 2.705868394042839487e-16 0.2587604510937270841 -3.742969002177843346e-17 2.069410751912379975e-16
1072 6.978498750165251785 1.586877860556857645 2.002277621413219908e-16 2.716654847031532774e-16 0.2603684116377951163 -4.514770854997423225e-17 1.710511503434661715e-16
1073 6.984804731134707012 1.588528812544078406 2.000109831327047457e-16 2.72531713054912667e-16 0.2618557417804313614 -3.438308838978245923e-17 1.373915591470671861e-16
1074 6.991109546053010604 1.590188514429397681 1.99993961800493417e-16 2.732554781306321736e-16 0.2632921799949165531 -2.700234122752537002e-18 1.148168151617830868e-16
1075 6.997413196565347882 1.591856933100010085 2.002579287102215431e-16 2.739889578695316175e-16 0.2647238260923918118 4.188297070505159282e-17 1.163793994054566766e-16
1076 7.003715684313579715 1.593534041845500626 2.008804196204802467e-16 2.748465328112948693e-16 0.266151692479044466 9.878727885931804747e-17 1.360943485576698092e-16
1077 7.010017010936262949 1.595219340573992506 2.018701766013074525e-16 2.759187142051557223e-16 0.2675006381680574141 1.571001149686271081e-16 1.701830080571722476e-16
1078 7.016317178068698368 1.59690676371361695 2.030256238526644701e-16 2.769849307288433974e-16 0.2678870701953299793 1.834331719548266352e-16 1.692673366966640627e-16
1079 7.022616187342994643 1.598582986508434001 2.041649400175898936e-16 2.779698422473891735e-16 0.2661578132734752078 1.809054858466962815e-16 1.563884567460620112e-16
1080 7.028914040388152706 1.600236896894540628 2.051665205332172902e-16 2.787948063529860008e-16 0.2626631085062844928 1.590643930070074741e-16 1.310153429124290611e-16
1081 7.035210738830168786 1.601863450022203317 2.059586271831982662e-16 2.794133726807011358e-16 0.2583657186635683889 1.25820177896429928e-16 9.825460421993837299e-17
1082 7.041506284292145423 1.60346394599439579 2.065160750692740352e-16 2.79822569556456507e-16 0.2542732384066525575 8.856259665636841222e-17 6.500973232795445977e-17
1083 7.047800678394417595 1.605044707274625004 2.069316516258379778e-16 2.800739440668918974e-16 0.2511838393262925684 6.603534405688191442e-17 3.994354835840389131e-17
1084 7.054093922754679724 1.606614822113954455 2.073452156607934842e-16 2.802246332517952401e-16 0.2495376391393713533 6.572754446408422152e-17 2.394896379724045595e-17
1085 7.060386018988116241 1.608183716895990711 2.078674390855780824e-16 2.803160495491218742e-16 0.249389178424811675 8.301185799864903888e-17 1.453139850164667426e-17
1086 7.066676968707529483 1.609759212866188616 2.085579640543290059e-16 2.80395455087783663e-16 0.2504840796024871419 1.097848007941114694e-16 1.26244837456115444e-17
1087 7.07296677352346137 1.611346508416076295 2.094131701897662159e-16 2.805296067240523696e-16 0.252405944353531142 1.359917579604117116e-16 2.133230351547921891e-17
1088 7.079255435044302658 1.612947834637151523 2.103514959234686131e-16 2.807522565132086815e-16 0.254683287502796285 1.492362264869041243e-16 3.541138558641796143e-17
1089 7.085542954876390631 1.614563041180689051 2.11274095291168838e-16 2.811065552553167305e-16 0.2569374756796941051 1.467616346336764089e-16 5.635974222489465927e-17
1090 7.091829334624089043 1.616190893726043853 2.121240113573882771e-16 2.816694696135400465e-16 0.2589960315800991508 1.35224095668344168e-16 8.956129676200009596e-17
1091 7.098114575889846734 1.617829948879777824 2.129353441710457963e-16 2.82459085204123701e-16 0.2608255772779792814 1.291087423170056394e-16 1.25652844428389279e-16
1092 7.104398680274237599 1.619479109794444538 2.138061003987629057e-16 2.835036135129227071e-16 0.2624811435425518646 1.385899267714445163e-16 1.662475641508483631e-16
1093 7.110681649375975688 1.621137807448176371 2.148257836612981645e-16 2.847680608712261138e-16 0.2640466589630183214 1.623225052903199287e-16 2.012862920758610851e-16
1094 7.116963484791906325 1.622805882879402972 2.159867749384109412e-16 2.861698939885914671e-16 0.2655873625759135326 1.848505202401384706e-16 2.231968371711289526e-16
1095 7.123244188116974129 1.624483298293200706 2.172407927257426417e-16 2.876272165385577856e-16 0.2671225352356367266 1.996979447233228601e-16 2.32073516793143158e-16
1096 7.129523760944171507 1.626169658274908558 2.184447539837187172e-16 2.890034883481091176e-16 0.2685952129409296396 1.917610913247755185e-16 2.192058776066802428e-16
1097 7.135802204864460485 1.627858901733693742 2.194235291231625205e-16 2.900871557146202349e-16 0.2691027975532087613 1.5592253847724751e-16 1.726322623471863951e-16
1098 7.142079521466682124 1.629538775585215538 2.201042112767316099e-16 2.908103825021805263e-16 0.2676581840981496208 1.084546610492571515e-16 1.152333959327691329e-16
1099 7.148355712337445489 1.631196267441956449 2.206125494956197008e-16 2.912879627556408959e-16 0.2641393199083411081 8.10092133330551145e-17 7.610759765585091707e-17
1100 7.154630779061005974 1.63282450997615447 2.211630919012412499e-16 2.916968015792334367e-16 0.2595245499735061023 8.775060659537946148e-17 6.516456208215696896e-17
1101 7.160904723219137402 1.634423540592489177 2.219806513466771138e-16 2.922273477624143355e-16 0.2549140271494531595 1.303335711906845996e-16 8.457853324498776869e-17
1102 7.167177546390995246 1.635999278548255997 2.231556542839142297e-16 2.930082352296379762e-16 0.2512455969807170786 1.873498784108186036e-16 1.245096224022102332e-16
1103 7.173449250152983403 1.637561275241382175 2.246552134120369604e-16 2.941187594014759087e-16 0.2490990015365614485 2.391417876902143327e-16 1.771005429168924379e-16
1104 7.179719836078623629 1.639120043516922642 2.262783340552933168e-16 2.95508371962917898e-16 0.2486284103952717262 2.588928141180488125e-16 2.216475454614051485e-16
1105 7.18598930573843564 1.640684743435076198 2.277858584165202007e-16 2.97077845337457716e-16 0.2496189076387299866 2.404976059130168639e-16 2.503804242432668952e-16
1106 7.192257660699824307 1.642261766869210327 2.289679056333289251e-16 2.987246495046342537e-16 0.2516295808626685671 1.886072453252925382e-16 2.627637823131370578e-16
1107 7.198524902526988178 1.643854345699294894 2.297258708677686813e-16 3.003574164965608773e-16 0.2541566749438025075 1.209622532141718367e-16 2.605702284790858086e-16
1108 7.204791032780843096 1.645462645561050596 2.300898860596548927e-16 3.01981431925575319e-16 0.2567110401285383481 5.810279584907957577e-17 2.592195024576823362e-16
1109 7.211056053018969791 1.647085380508937158 2.301862761754686969e-16 3.03622226684262983e-16 0.2590609519670380445 1.538816625318677562e-17 2.619441041322085549e-16
1110 7.217319964795581022 1.648720839625496648 2.301782272372444335e-16 3.053109073308361838e-16 0.2611384438073428571 -1.285197031770962954e-18 2.696364780193130725e-16
1111 7.223582769661517133 1.650367595816683686 2.30205264835821245e-16 3.070508379045838092e-16 0.2629886966734032439 4.31793294535144049e-18 2.778687436190936075e-16
1112 7.229844469164260268 1.652024799145963785 2.302874202959563167e-16 3.08771767442842554e-16 0.2647037778833131738 1.312262670926912413e-17 2.748827148723912429e-16
1113 7.236105064847977886 1.653692116086096453 2.303947858873800268e-16 3.103632128957855104e-16 0.2663661149701766484 1.715244101504098105e-17 2.542450881915803895e-16
1114 7.24236455825358405 1.655369453387927514 2.304541205715605657e-16 3.117035263849156982e-16 0.2680140719114031955 9.480818375319033886e-18 2.141625750929300264e-16
1115 7.248622950918822916 1.657056476210678531 2.304621328416766243e-16 3.127258860155763806e-16 0.2696090304310871932 1.280468970787186416e-18 1.633868760144146274e-16
1116 7.254880244378369092 1.658747072457286365 2.303351086717520534e-16 3.132990531006874111e-16 0.2702275159779967684 -2.030373956925203969e-17 9.161591240999890281e-17
1117 7.261136440163943995 1.66043085711563343 2.300741083699200702e-16 3.134776305400060064e-16 0.2691859051207282638 -4.172600227537532777e-17 2.85490958709128974e-17
1118 7.267391539804439304 1.662094486609479116 2.298718748112666886e-16 3.135315741588155297e-16 0.2660102587217254566 -3.233664794872327295e-17 8.625451790188414931e-18
1119 7.273645544826050191 1.663728689777689285 2.30059960262474033e-16 3.137235419891613381e-16 0.2613507414556200947 3.007965783342423985e-17 3.070054921718116335e-17
1120 7.279898456752406766 1.665331272946391827 2.308921417675340703e-16 3.143204238506170591e-16 0.2563386467291208781 1.331102715953215518e-16 9.547329062902521248e-17
1121 7.286150277104708195 1.666906712941434554 2.324758672341180681e-16 3.154245847365330978e-16 0.2520409488415383259 2.533664694043345401e-16 1.766451012007286505e-16
1122 7.292401007401844382 1.668464212583599782 2.347434268283258302e-16 3.170038813756035329e-16 0.2492142273604429359 3.628303320048406481e-16 2.527019467765060703e-16
1123 7.298650649160509651 1.670014962602425435 2.3738901457253208e-16 3.189012553837570028e-16 0.2481773921560887497 4.233919452565442794e-16 3.036500580827762232e-16
1124 7.304899203895303117 1.671569479465405905 2.399970434063328893e-16 3.208565793825018956e-16 0.2488234527240904825 4.174536505098587917e-16 3.12978572409420299e-16
1125 7.311146673118809503 1.673135712223249305 2.421506286602423566e-16 3.226978142839409937e-16 0.2507422616385885927 3.447730450615214116e-16 2.947680675702573409e-16
1126 7.317393058341660428 1.674718349703754106 2.435386669786117549e-16 3.243465431873725359e-16 0.2534124523174592358 2.222531682090406398e-16 2.639950334627322162e-16
1127 7.323638361072570824 1.676318409699485645 2.44131127756844462e-16 3.258699198147030051e-16 0.2562465045081829818 9.488144437415898729e-17 2.43965811809708313e-16
1128 7.329882582818356695 1.677934853269953397 2.440492668387112402e-16 3.274185780181833653e-16 0.2589150625931842531 -1.311213402659646554e-17 2.480574905399027046e-16
1129 7.336125725083924465 1.679565826741903134 2.436208740440546502e-16 3.291630469752148698e-16 0.2612875158948425036 -6.862998759216508004e-17 2.794698799076849382e-16
1130 7.342367789372239884 1.681209558147433558 2.431660557864145346e-16 3.310924196683772032e-16 0.263376801082917722 -7.28760047829769126e-17 3.09145403143209911e-16
1131 7.34860877718427119 1.682864823891763839 2.429849916489296663e-16 3.331916515868889119e-16 0.2652706517212787274 -2.901709403367887492e-17 3.364200709433490968e-16
1132 7.35484869001891628 1.684531005040557972 2.432397657062806552e-16 3.353581720583525974e-16 0.2670658842542425471 4.083677153635224728e-17 3.472633848277185255e-16
1133 7.361087529372908556 1.686207864556348079 2.438977563402740756e-16 3.374414172696560253e-16 0.2688236698993051732 1.054849588315938406e-16 3.339728926181785159e-16
1134 7.367325296740708573 1.687895073720415029 2.448217132992838183e-16 3.392747638854173608e-16 0.2705292878972178072 1.481484474432782728e-16 2.939611549021957798e-16
1135 7.3735619936143868 1.68958644711672834 2.4572998185715533e-16 3.406669831425509942e-16 0.2712434788951645914 1.456579155999268104e-16 2.232684961894859394e-16
1136 7.379797621483497494 1.691272315462462705 2.464163004743960443e-16 3.414818169503026873e-16 0.2704069334000345215 1.100829214173147086e-16 1.306962739660623106e-16
1137 7.386032181834952581 1.692940732247170788 2.466680240248374469e-16 3.417550617474241891e-16 0.2676535342153447128 4.038241435736909346e-17 4.383493161052073797e-17
1138 7.392265676152892873 1.694580262760137401 2.46629025689819965e-16 3.41803444327109461e-16 0.2630644186309562538 -6.257324427822536108e-18 7.76303648886550192e-18
1139 7.398498105918572598 1.696186513257436523 2.465278723306263601e-16 3.419827984209917312e-16 0.2577685725742228651 -1.623293319085177522e-17 2.878246502841003289e-17
1140 7.404729472610245722 1.697762327862342158 2.465802084983762159e-16 3.426204261464913973e-16 0.2529273577179376731 8.400257606986352733e-18 1.02342937624940447e-16
1141 7.41095977770307357 1.699316233313230784 2.468972129904516251e-16 3.43854799222875994e-16 0.2494532578790368826 5.08897135699454338e-17 1.981577355084236765e-16
1142 7.41718902266904756 1.700859749437234614 2.475063935333880755e-16 3.456464007957631553e-16 0.2478275452439086257 9.781026334514322964e-17 2.876602407702780841e-16
1143 7.423417208976928805 1.702404482372972705 2.483898716804386522e-16 3.478184455263465673e-16 0.2480650243699529522 1.418756750814741851e-16 3.488035482116418948e-16
1144 7.429644338092213474 1.703959826350484486 2.494382798259519722e-16 3.501458964456794417e-16 0.2498113789153050268 1.683899435002803327e-16 3.738232390537601969e-16
1145 7.435870411477122133 1.705531887480074671 2.505358443030096714e-16 3.524502612894803586e-16 0.2525391650902418239 1.763150372791869657e-16 3.701779547647044911e-16
1146 7.442095430590606853 1.707122787501107464 2.515697449782974604e-16 3.546786890796961975e-16 0.2556087139482137727 1.661160465564307973e-16 3.580398227751501759e-16
1147 7.448319396888387622 1.708731901607853709 2.524841381815341181e-16 3.568889035290813448e-16 0.2585788370325390884 1.469396919038227427e-16 3.551734954770620277e-16
1148 7.454542311823006528 1.710357372093214146 2.532276482330882464e-16 3.591577996290460521e-16 0.2612513257520834298 1.194995470098832359e-16 3.646649505161790927e-16
1149 7.460764176843905915 1.711997165890744244 2.538331400790260162e-16 3.615237150674331881e-16 0.2635978385470714724 9.733317816390865669e-17 3.803223287484794805e-16
1150 7.466984993397518977 1.713649712782841616 2.544140045471620346e-16 3.639330962349803485e-16 0.2656926248094227949 9.339003082793764241e-17 3.873746697496153206e-16
1151 7.473204762927376343 1.715314092708747573 2.550848519582916416e-16 3.662675795074356211e-16 0.267640104325531758 1.078754125224755616e-16 3.753958677709990638e-16
1152 7.479423486874224203 1.7169898853341794 2.559401901555205639e-16 3.683937378306324848e-16 0.2695205733999689879 1.375654946020705623e-16 3.419536532806280551e-16
1153 7.485641166676147762 1.718676720456737916 2.570061019343733409e-16 3.702091373427819564e-16 0.271342061221638009 1.714611554421727273e-16 2.920227584663027972e-16
1154 7.491857803768694701 1.720368372690765923 2.581310158054899258e-16 3.715239361922253572e-16 0.2721625221496350444 1.809824680307889884e-16 2.115322309076981666e-16
1155 7.498073399584998633 1.722055436898503711 2.591484845138569307e-16 3.723063630562547098e-16 0.2714697905431007752 1.637234764851777682e-16 1.259022957864520353e-16
1156 7.504287955555895451 1.72372858219818248 2.597435591105620965e-16 3.724783516722148644e-16 0.2692750579847925652 9.577096894324528311e-17 2.767975055381559169e-17
1157 7.510501473110028137 1.725376080443937754 2.598410196756838119e-16 3.722338342403099244e-16 0.2651916941722078369 1.568786640361907898e-17 -3.935906589799516045e-17
1158 7.516713953673938242 1.726990737689957811 2.596534601129970346e-16 3.719037749795189515e-16 0.2599487311708334469 -3.019580190134129247e-17 -5.313727496363470466e-17
1159 7.522925398672140496 1.728572687325564017 2.595174999089572484e-16 3.718102244714458187e-16 0.2547254396741471805 -2.189230426349621299e-17 -1.506349744916940598e-17
1160 7.529135809527176093 1.730128584342419451 2.597840124529362332e-16 3.721759417664188737e-16 0.2505721158642857382 4.292097184179629015e-17 5.889757189378038587e-17
1161 7.535345187659650001 1.731669310498252123 2.607559807240259608e-16 3.730385200496634911e-16 0.2481701165175712875 1.565583073764054474e-16 1.389384818632154266e-16
1162 7.541553534488239841 1.733207033761903215 2.625160568409441785e-16 3.743296443770493378e-16 0.2477275251378244225 2.835486142435698524e-16 2.080003872147484458e-16
1163 7.547760851429687889 1.734752546936157991 2.649111413600231612e-16 3.759248252973179002e-16 0.2490237413157116719 3.859125354890215119e-16 2.570265510885941158e-16
1164 7.553967139898768224 1.736313646107326969 2.676249133729378002e-16 3.776794371619825767e-16 0.2515766972826100067 4.37334035400072792e-16 2.827619577779124686e-16
1165 7.560172401308235202 1.737894235657204245 2.702201843978124741e-16 3.794978270919777702e-16 0.2547597497720764381 4.183063192712709631e-16 2.930884641048097916e-16
1166 7.566376637068755961 1.739494613794749567 2.723330332390333206e-16 3.813859309486921749e-16 0.2579918695933476891 3.406056418333504344e-16 3.043752176765463813e-16
1167 7.572579848588824269 1.741113274635226915 2.737633385489027652e-16 3.833766159488270048e-16 0.2609821987797747989 2.306129952374757951e-16 3.209649207673805134e-16
1168 7.578782037274663708 1.742748090908390557 2.745762831480937012e-16 3.854583378919895291e-16 0.2636304111494542357 1.310954157017842075e-16 3.356984028013963425e-16
1169 7.584983204530124645 1.744397153297959191 2.749430520117699718e-16 3.876184206928203086e-16 0.2659714889565806262 5.915486363158043776e-17 3.483921787560631151e-16
1170 7.591183351756573217 1.746059151833473377 2.751335584137358572e-16 3.897143653232677827e-16 0.2681019613837808957 3.073115826026686387e-17 3.381031056089074786e-16
1171 7.597382480352782963 1.747733362823923553 2.754417441187113453e-16 3.916335437440211429e-16 0.2701163132857559157 4.972251819525337615e-17 3.096392285730367849e-16
1172 7.603580591714828252 1.749419271226406725 2.760126339026702147e-16 3.932531276459837486e-16 0.272048154934465436 9.212215335553110303e-17 2.613456411045261531e-16
1173 7.6097776872359848 1.75111064340052569 2.767041222976733859e-16 3.944008544303212408e-16 0.272974506761754776 1.116009276053081086e-16 1.852343071772459106e-16
1174 7.615973768306643521 1.752798163165234957 2.773603406800997869e-16 3.94951468535911256e-16 0.2723972945319022565 1.059259368294580437e-16 8.887942875126245447e-17
1175 7.622168836314235918 1.754473529588206349 2.778152149183340325e-16 3.948879198711666124e-16 0.2704796879459294145 7.343721368967085147e-17 -1.025962008897597891e-17
1176 7.628362892643176352 1.756126990505128216 2.780012769429678099e-16 3.943161471008001627e-16 0.2669866990285228447 3.004370122277474886e-17 -9.232496697818841252e-17
1177 7.634555938674826514 1.757748945010729091 2.780968923891967354e-16 3.936065081957711649e-16 0.2619419871189102578 1.544167847986799751e-17 -1.146050794139424155e-16
1178 7.640747975787473223 1.759336936743915336 2.78350095354511142e-16 3.931299527666486914e-16 0.2564988126002705759 4.089836149190777919e-17 -7.697514990387414924e-17
1179 7.646939005356335528 1.760895564463120566 2.790218901033728762e-16 3.932175973018887721e-16 0.2517967411719988502 1.085286283668122558e-16 1.415899902399012798e-17
1180 7.653129028753582475 1.762434681569524653 2.803038475894769786e-16 3.941132268258041385e-16 0.2486851643486384933 2.07134211421113896e-16 1.447126891278308941e-16
1181 7.659318047348380176 1.763966568641616606 2.822577222995435327e-16 3.958728136075312252e-16 0.2475570975243058525 3.15751442101866427e-16 2.843539869630559554e-16
1182 7.665506062506949547 1.765503044954648049 2.848061772974351975e-16 3.983694836650237523e-16 0.2483389467179608068 4.119039288577778552e-16 4.035339869032536881e-16
1183 7.671693075592643574 1.767053318138636309 2.877212666963436021e-16 4.013726998854550883e-16 0.2506094541059912251 4.712388567872451902e-16 4.854850005392322213e-16
1184 7.677879087966034355 1.768623143429184807 2.907008104688509716e-16 4.045394846513724942e-16 0.2538111537891783454 4.817360551002600152e-16 5.120093937068971549e-16
1185 7.684064100985014356 1.770213930066304231 2.935097472707655572e-16 4.075756290586834973e-16 0.2572417162642322563 4.542254171248863093e-16 4.909665318643820326e-16
1186 7.690248116004901213 1.771824711907525662 2.959760284758302628e-16 4.103341789765977221e-16 0.2605170717409804881 3.988798117726666159e-16 4.461493968179809091e-16
1187 7.69643113437854165 1.773453436988626564 2.980128100930123428e-16 4.127579512002934305e-16 0.26346150128896767 3.29468459034126289e-16 3.920678058237613735e-16
1188 7.702613157456419835 1.775097969879682047 2.996662240061566311e-16 4.148275684991668069e-16 0.2660613396859697333 2.674981590087024416e-16 3.348337720518990711e-16
1189 7.708794186586756858 1.776756658334748717 3.010035998608307889e-16 4.165567373822832215e-16 0.2683946037091117232 2.16402580863807873e-16 2.797991363070783153e-16
1190 7.71497422311559955 1.778428468862524037 3.022009122139831387e-16 4.180227643457124855e-16 0.2705613010378725702 1.93769797854241567e-16 2.372578447091420807e-16
1191 7.721153268386901303 1.780112703322343837 3.033519725235590141e-16 4.192091030582704294e-16 0.2726156311096325502 1.863143405662393009e-16 1.920246168507681349e-16
1192 7.727331323742584246 1.781803204913493976 3.044288587072061764e-16 4.199392231832006962e-16 0.2736738408952567592 1.743361731385504488e-16 1.181985157249352649e-16
1193 7.733508390522588094 1.783490684992794728 3.053665370917832193e-16 4.201212382786623489e-16 0.2732283591461053818 1.518242079224584849e-16 2.947097656608678816e-17
1194 7.739684470064896793 1.785167218901565267 3.061036276718049041e-16 4.197181335387143895e-16 0.2714993498615225764 1.193650854408915027e-16 -6.527912990571801351e-17
1195 7.745859563705546513 1.78682614671613349 3.065586016838799085e-16 4.187569136655425677e-16 0.2686910443165561602 7.369063401540900206e-17 -1.556855996218169019e-16
1196 7.752033672778619433 1.788457848283190765 3.0688160933861421e-16 4.175050674697800745e-16 0.2643233930403375287 5.232481294440750413e-17 -2.027896771744433627e-16
1197 7.758206798616211763 1.790056722079946816 3.074125778400906854e-16 4.164365085663946023e-16 0.2590467452355336708 8.602659097243215333e-17 -1.731260507089820689e-16
1198 7.764378942548390228 1.791624200983568338 3.084453422982657971e-16 4.160238680209785304e-16 0.2540005528158459924 1.673532847548851868e-16 -6.686592489874041789e-17
1199 7.770550105903132554 1.79316782680616349 3.101874861269669621e-16 4.166020981288376821e-16 0.2501750023656565958 2.823487597103426698e-16 9.371359074464509643e-17
1200 7.776720290006255532 1.79469891358308864 3.126102746523176076e-16 4.182754935107031736e-16 0.2481821377782182925 3.927228976620285496e-16 2.712497093428211537e-16
1201 7.782889496181332412 1.796229672456881588 3.155306592431390412e-16 4.208914233225294512e-16 0.2481682720866724146 4.734558852740080324e-16 4.240973496317869575e-16
1202 7.789057725749608529 1.797770697800564532 3.186420486840295965e-16 4.240874212209948421e-16 0.2498721916825313027 5.045015657660824754e-16 5.18220548919583073e-16
1203 7.795224980029911599 1.799329623774419629 3.216201435231406743e-16 4.273895730110215374e-16 0.252814646078791061 4.829645572439324276e-16 5.355176256571291275e-16
1204 7.801391260338565559 1.800909771308657925 3.242055379448826054e-16 4.304151156202892605e-16 0.2562966235834455153 4.193455652502140674e-16 4.907366802536656877e-16
1205 7.807556567989307972 1.802511257509314291 3.262664332611796044e-16 4.329744110043409314e-16 0.2597986420113455042 3.34325581002223383e-16 4.151777673825738943e-16
1206 7.813720904293215419 1.804132505642876083 3.278078165161417454e-16 4.350618486417484397e-16 0.2630458849502532725 2.500878884333668843e-16 3.386846647613326588e-16
1207 7.819884270558642214 1.805771360071299902 3.289323353348210915e-16 4.368095022846053094e-16 0.2659442886917348092 1.824807329847771393e-16 2.835996271957290336e-16
1208 7.826046668091170666 1.807425859174530691 3.297849352938270759e-16 4.383440712193988489e-16 0.2685251760927171438 1.383769587312862941e-16 2.490605118112049712e-16
1209 7.832208098193573775 1.809094580221341841 3.30566389368251122e-16 4.398001524559739584e-16 0.2708758714172035398 1.268498733126439804e-16 2.363590215184467408e-16
1210 7.838368562165800135 1.810776520357916919 3.313971511396432318e-16 4.4123407910354451e-16 0.2730644324437205284 1.34874890412611791e-16 2.327992285041228012e-16
1211 7.844528061304970379 1.812465637405519026 3.322589550454509508e-16 4.424899890863228299e-16 0.2742725149607049828 1.399364981748238645e-16 2.039299704125672996e-16
1212 7.850686596905390502 1.814152627509410198 3.330987767229037742e-16 4.433991538813899323e-16 0.2739699565278365667 1.363884162285160859e-16 1.476498521281479002e-16
1213 7.856844170258582949 1.815829660275899204 3.339309641562092886e-16 4.438819710469067903e-16 0.2723953789781194401 1.351696972210341721e-16 7.84225373565284245e-17
1214 7.86300078265333191 1.817491007279848025 3.346457201156319277e-16 4.438660985021129489e-16 0.2698896573390985321 1.161137561936983479e-16 -2.578531556215492886e-18
1215 7.86915643537573839 1.819130080473547295 3.347471510761632942e-16 4.427987640433233263e-16 0.2663126883108506981 1.648025962531845937e-17 -1.734179474960094884e-16
1216 7.875311129709288593 1.820739181024602082 3.341035350213065908e-16 4.405988601862921738e-16 0.2614834680218239837 -1.045894602348767161e-16 -3.57490704651147651e-16
1217 7.881464866934925872 1.822316626521822913 3.3313943893417987e-16 4.378638082036706172e-16 0.2563792528357122236 -1.566927256218125981e-16 -4.445228599065790003e-16
1218 7.887617648331132436 1.823867214543655857 3.323411266104336902e-16 4.353863769559848276e-16 0.2520532618093922483 -1.297683345347929869e-16 -4.027147237662559854e-16
1219 7.893769475174006622 1.825400571009244688 3.320975722999524237e-16 4.338173528447281236e-16 0.2492908445929300498 -3.959670248027245701e-17 -2.550896380977321705e-16
1220 7.899920348737344611 1.826928537308190936 3.326543890096820057e-16 4.335430619302638294e-16 0.2484529737801240423 9.054045725890084036e-17 -4.460071758554037281e-17
1221 7.906070270292714142 1.828462502041231064 3.340285508090002196e-16 4.345744663837900342e-16 0.2494669073475036525 2.234783413772625295e-16 1.677361113353014527e-16
1222 7.912219241109525569 1.830011534773346327 3.360843533611254802e-16 4.366776315033960367e-16 0.2519563035078364877 3.343844200555607704e-16 3.42088129073248915e-16
1223 7.918367262455088706 1.831581085462452574 3.386234431886433645e-16 4.393818834755548557e-16 0.2553330102747433106 4.130567133115578642e-16 4.399251335972452899e-16
1224 7.924514335594661674 1.833172603757261987 3.414508070488459708e-16 4.422569954357789032e-16 0.2589465695693836667 4.600237238313594147e-16 4.677925360054544915e-16
1225 7.930660461791489979 1.834785304562120523 3.444439110137009242e-16 4.449693535266670964e-16 0.2624334306914623549 4.870652631577103237e-16 4.413797258059595991e-16
1226 7.936805642306828723 1.836417292106462762 3.475399152796752399e-16 4.472759559720772832e-16 0.2656127661124907946 5.038875816377084023e-16 3.754091493965045214e-16
1227 7.942949878399950592 1.838066480050472684 3.506965585981894256e-16 4.491111023680302892e-16 0.2684534114336176724 5.138357157000892692e-16 2.98723570144377716e-16
1228 7.949093171328144969 1.839731133499727278 3.538391783375844031e-16 4.505121965345675662e-16 0.2710124257349678101 5.116314144048704497e-16 2.281038908887764385e-16
1229 7.95523552234670106 1.841409938181654438 3.568086749244725989e-16 4.516068682565819278e-16 0.2733581674115870275 4.835203010006309713e-16 1.782443538956676215e-16
1230 7.961376932708877696 1.84309709913356401 3.592330540246906009e-16 4.521832312676359651e-16 0.2747608389856494582 3.94819732427546304e-16 9.386299765784807282e-17
1231 7.967517403665867803 1.844783269554714389 3.608811623714151268e-16 4.523119196367683029e-16 0.2746414875262543354 2.684419808764194545e-16 2.096061268926956049e-17
1232 7.973656936466749556 1.846460543791112796 3.617113622442713767e-16 4.521157548377842774e-16 0.2732341835158764165 1.352426332511605759e-16 -3.195597208959843321e-17
1233 7.979795532358434862 1.848123437585455831 3.617808184775950726e-16 4.516923872906281445e-16 0.2709328527148208154 1.13164024649262693e-17 -6.897865497370414439e-17
1234 7.98593319258561074 1.849768163454111436 3.612457293764549876e-16 4.5095241886298196e-16 0.2680135826333034377 -8.719455914061148865e-17 -1.205803308067885767e-16
1235 7.992069918390682481 1.851388031383515376 3.601718250706474343e-16 4.494071620138243909e-16 0.2640030439299130838 -1.750229141995236109e-16 -2.518430696885545646e-16
1236 7.998205711013717689 1.852978121284252655 3.591318853808208624e-16 4.473637066939122058e-16 0.2591892439000565984 -1.69513171414293584e-16 -3.330891159462230921e-16
1237 8.004340571692390327 1.854539826567960237 3.586185551657194729e-16 4.453494695288162662e-16 0.254601094479765977 -8.36870028921630025e-17 -3.283762897681734036e-16
1238 8.010474501661931868 1.856080131464416638 3.589403319227549377e-16 4.439030790068874881e-16 0.251150297178958426 5.246644890934585111e-17 -2.358373399026127429e-16
1239 8.016607502155093101 1.857609571652364844 3.602063908649917008e-16 4.434718068218740203e-16 0.249416531041650541 2.064651053079630875e-16 -7.0330577925453981e-17
1240 8.022739574402111273 1.859139651871837051 3.622935244301222697e-16 4.443163232741013781e-16 0.2495586325929400329 3.404149612054451733e-16 1.377420401479486671e-16
1241 8.028870719630686992 1.860680536617950409 3.649221909726708422e-16 4.46375254021162194e-16 0.2513588236734099479 4.288046407307677474e-16 3.358657497983636508e-16
1242 8.035000939065973569 1.862239843174868126 3.677614746250320425e-16 4.492791438159887392e-16 0.2544022748722931659 4.632316955020168076e-16 4.737722460698233755e-16
1243 8.041130233930575244 1.863820831466261208 3.705679642584682801e-16 4.525873618034621545e-16 0.257978532761112489 4.579503098060066984e-16 5.398200778009943645e-16
1244 8.047258605444561397 1.865423927196746323 3.732296111581476723e-16 4.558573151907400255e-16 0.2616252915080635733 4.343808874155303599e-16 5.336565321058372781e-16
1245 8.053386054825484308 1.86704785218578273 3.757812893217939243e-16 4.58759204891789513e-16 0.2650644649515048745 4.16496581887469019e-16 4.736597109779941947e-16
1246 8.059512583288412912 1.868690622353325725 3.782771214604260148e-16 4.611382121195409262e-16 0.2681807200822181603 4.07442302865626922e-16 3.883707435309527544e-16
1247 8.065638192045968324 1.870350277215505175 3.807870422902744366e-16 4.63003929238422157e-16 0.2709777623153307724 4.098037161580570728e-16 3.046222811192770619e-16
1248 8.071762882308368248 1.872025173118756491 3.833111116283675757e-16 4.644834908228938131e-16 0.2735071842243234075 4.121755245258476008e-16 2.416094767858537784e-16
1249 8.07788665528347849 1.873709915110969293 3.855717004297772995e-16 4.651451418113399723e-16 0.2751561928603534213 3.692049056138786077e-16 1.080624616853200472e-16
1250 8.084009512176864476 1.875395066723949844 3.873795896309619647e-16 4.651140279176350359e-16 0.2752642231594716882 2.953130226913385168e-16 -5.082356812396141923e-18
1251 8.09013145419184454 1.877072505149554704 3.886367873844581335e-16 4.645694474176639983e-16 0.2740451984635107752 2.053899580489986537e-16 -8.896879248495658483e-17
1252 8.096252482529541439 1.878736669127194059 3.893352533800944918e-16 4.636441492760493493e-16 0.2719170708322459218 1.141262701039679464e-16 -1.511896445873445553e-16
1253 8.10237259838893209 1.880384348545116824 3.895531237771208101e-16 4.623872500798422962e-16 0.2692636595052367854 3.56043656084050581e-17 -2.054023819916064705e-16
1254 8.108491802966891981 1.882012760433995346 3.892641213132554882e-16 4.60534900813286816e-16 0.266154545385510366 -4.723578838418993711e-17 -3.027558201351620236e-16
1255 8.114610097458236027 1.883616103706359235 3.887969579242438062e-16 4.58127200162039152e-16 0.262096159675778817 -7.636651009896490177e-17 -3.935832739114427311e-16
1256 8.120727483055748763 1.885192201979987381 3.886615335402902608e-16 4.556348462070255059e-16 0.2576806948090520355 -2.21409095708886924e-17 -4.074818871285515526e-16
1257 8.12684396095020567 1.886744560047808328 3.892651110498408979e-16 4.53551730250373435e-16 0.2538369632720794966 9.869519494217953648e-17 -3.406249109281716748e-16
1258 8.132959532330396257 1.888281229470998079 3.908394657030256446e-16 4.52367723369508629e-16 0.2513088057367711681 2.574718945579904617e-16 -1.936339402111709975e-16
1259 8.139074198383122294 1.889812689962347525 3.933772274293614016e-16 4.524062522230276559e-16 0.2504939698132645498 4.150900482648832783e-16 6.301987889900971984e-18
1260 8.145187960293203133 1.89134950933870849 3.967168915908587439e-16 4.537218854301410622e-16 0.2514076292067323748 5.463342420739709056e-16 2.152238777007351893e-16
1261 8.151300819243466833 1.892900712683500242 4.005572475829912214e-16 4.561303283430680924e-16 0.2537981372129304303 6.283348990384223398e-16 3.940542849761923565e-16
1262 8.157412776414728839 1.894471818251004969 4.045574963490691143e-16 4.593135255133027381e-16 0.2570922964366474384 6.545920037837893649e-16 5.208914584944189307e-16
1263 8.163523832985775996 1.896064881664556445 4.084461679846544569e-16 4.628913570755715002e-16 0.2607238038367217237 6.364274341355043319e-16 5.855547534809916779e-16
1264 8.169633990133334578 1.897679734107040606 4.120679970826688897e-16 4.664813424535029545e-16 0.2643286966977202446 5.928426275699564864e-16 5.876302571972162504e-16
1265 8.175743249032041859 1.899314911692879582 4.153677504947330257e-16 4.69809785582226458e-16 0.267694945615523261 5.40202677578826426e-16 5.448994714973399766e-16
1266 8.181851610854410595 1.900968492973405866 4.183298260061072007e-16 4.727016023071024825e-16 0.2707475249413970886 4.849925569663174056e-16 4.734888027972376094e-16
1267 8.187959076770798816 1.902638610133950525 4.210054205655244709e-16 4.750831029376665918e-16 0.2734950779586213798 4.381500650977495478e-16 3.899898258648249411e-16
1268 8.194065647949374309 1.904320517958268066 4.23226105220454366e-16 4.759991309991782264e-16 0.2754662025504521217 3.63708141499254691e-16 1.500288945005879342e-16
1269 8.200171325556084412 1.906004619255661892 4.249347047673882154e-16 4.755628847409120009e-16 0.275865774572535305 2.798787330539909375e-16 -7.145972283687223453e-17
1270 8.206276110754624042 1.907682395844363166 4.261312400070947761e-16 4.74138503135055435e-16 0.2748698784665000727 1.96028182854547306e-16 -2.333562177040181657e-16
1271 8.212380004706416159 1.909347957566842391 4.268315105589699262e-16 4.720818029901629066e-16 0.2729085151421897226 1.147419479751191013e-16 -3.369980079752694838e-16
1272 8.218483008570592219 1.910998079786445647 4.270841062801260852e-16 4.696810400022114551e-16 0.2704180825200805938 4.139478261449684443e-17 -3.934312962242935165e-16
1273 8.224585123503977968 1.912631277361869442 4.268901184253615005e-16 4.670209107976078716e-16 0.2676834566830224582 -3.179489138320564907e-17 -4.359990434880622462e-16
1274 8.230686350661088113 1.91424384161488903 4.263829248191380123e-16 4.641750333975534031e-16 0.2643400387709223809 -8.314185142231509614e-17 -4.665112356664529011e-16
1275 8.236786691194128096 1.915830920342750598 4.259585068659694122e-16 4.616011264485303965e-16 0.2602000855067023166 -6.958292979821973782e-17 -4.219896571384524672e-16
1276 8.242886146252995871 1.917393139743819086 4.259920255465308974e-16 4.597865528699717732e-16 0.2561615613956604309 5.496153448536699456e-18 -2.975407940990651861e-16
1277 8.248984716985297894 1.918936228764007712 4.267953719308726002e-16 4.590683722745834697e-16 0.253061346168504675 1.317460721976068743e-16 -1.177791727393899627e-16
1278 8.25508240453636688 1.920469411281310768 4.285427040715638778e-16 4.595826690266201685e-16 0.2514730893177308246 2.865979793825947897e-16 8.435511858577724948e-17
1279 8.261179210049286681 1.922003184615792559 4.311702507757862432e-16 4.612578398529689682e-16 0.2516063486989468245 4.31033332906838462e-16 2.748017621567347961e-16
1280 8.267275134664913594 1.923547269218988998 4.344895159138183702e-16 4.638111563642572586e-16 0.2533344117104040505 5.445842017422512746e-16 4.189167711138628231e-16
1281 8.27337017952191367 1.9251091959454536 4.381306056345460761e-16 4.667272126332300301e-16 0.256298674218246203 5.974713488926045329e-16 4.784996267880189672e-16
1282 8.279464345756791133 1.926692459650606315 4.417203529661937629e-16 4.696017333275804291e-16 0.259837301473318294 5.891313345911364757e-16 4.717519247225602548e-16
1283 8.285557634503923907 1.928297986151958021 4.449781688330920199e-16 4.721860763072473436e-16 0.2635288614975347943 5.347333137444451459e-16 4.241904213835226158e-16
1284 8.291650046895599147 1.929924938240910492 4.477248674079629249e-16 4.743865940272303003e-16 0.2670839961241344152 4.509040164774255983e-16 3.612417785292335326e-16
1285 8.29774158406204343 1.931571589081048534 4.499421904167982788e-16 4.762549501771555725e-16 0.2703565804532128691 3.640528105999054037e-16 3.067574299601900834e-16
1286 8.303832247131452959 1.933235997571782994 4.517394823541790761e-16 4.779276550949487637e-16 0.2733113069242295579 2.951320009868225519e-16 2.746736571734825003e-16
1287 8.309922037230023761 1.934914096793030058 4.532595732795866336e-16 4.794666562876173151e-16 0.275598908017735289 2.496487655948214844e-16 2.527544514455024143e-16
1288 8.316010955481974776 1.936596317048926208 4.54485560257147776e-16 4.80605965003786602e-16 0.2763152305021988053 2.013760523392613581e-16 1.871386041263621603e-16
1289 8.32209900300957095 1.938273807309835783 4.554954832951070377e-16 4.813525929861438639e-16 0.2755776620913509278 1.659098929981798489e-16 1.226558500068002404e-16
1290 8.328186180933133897 1.939940304947597172 4.563573943482058069e-16 4.816960096230953214e-16 0.2738108626843065996 1.416147275931075609e-16 5.642444579167341735e-17
1291 8.334272490371056108 1.941592360657140359 4.570141957666989813e-16 4.815919706519348098e-16 0.2714766964961660145 1.079299434737799308e-16 -1.709637031872513265e-17
1292 8.340357932439806277 1.943228754574491512 4.573905208056080557e-16 4.810273226011495573e-16 0.2689413308899742949 6.184901797683071001e-17 -9.279990389382400282e-17
1293 8.346442508253929304 1.944849024611805977 4.573488365088165254e-16 4.798959885694826916e-16 0.2663292396105563786 -6.851788166490214644e-18 -1.859611826796486276e-16
1294 8.352526218926042745 1.946448694027023141 4.562874094701520455e-16 4.771389969273464252e-16 0.2629803954765898566 -1.744951173925173733e-16 -4.532403667142832752e-16
1295 8.358609065566827923 1.948025099529439919 4.547510048032613051e-16 4.735637638818853757e-16 0.2591926541501751724 -2.526157152139001603e-16 -5.878399566848827575e-16
1296 8.364691049285021052 1.949580618932468479 4.534318474813332994e-16 4.70186365432424871e-16 0.2557948069451729256 -2.169266367464938395e-16 -5.553906834428694442e-16
1297 8.370772171187397248 1.951121936728464457 4.52898905637469054e-16 4.679176895468456969e-16 0.2534953265143936596 -8.765114311565302936e-17 -3.731214522172172003e-16
1298 8.376852432378754543 1.95265832385656668 4.535242637112921169e-16 4.673638377758925299e-16 0.2527201250141909994 1.02865070726292534e-16 -9.110300798179531096e-17
1299 8.382931833961892565 1.954199568520989638 4.552979919527622492e-16 4.686788780373644166e-16 0.2535549465105980671 2.918015418133879389e-16 2.163413576400693862e-16
1300 8.389010377037598332 1.955754530512821887 4.579099877595880738e-16 4.71521628470971931e-16 0.2558477152361348095 4.297681633975752225e-16 4.677356792290627763e-16
1301 8.395088062704624932 1.95732867192159854 4.609263943231700004e-16 4.75256182914734108e-16 0.2590399230922710849 4.963783557745832053e-16 6.145564118333018246e-16
1302 8.401164892059673761 1.958924483291090812 4.640110140699177431e-16 4.79247056135722439e-16 0.2626428838116744435 5.076749302807868781e-16 6.568285398421902813e-16
1303 8.407240866197380313 1.960542269181777097 4.670156691795216823e-16 4.830446450796194431e-16 0.2662969434754230424 4.945836630742141932e-16 6.251051725435041963e-16
1304 8.413315986210298192 1.962180916858050628 4.699858958680631518e-16 4.864252993148584831e-16 0.2697687938394877083 4.889852057886733136e-16 5.565534486966946093e-16
1305 8.419390253188888451 1.96383866068416113 4.730288670957151204e-16 4.893775439977898137e-16 0.272950855030452133 5.010313326694295091e-16 4.860930246115729996e-16
1306 8.425463668221516045 1.965511503697251472 4.760798864599117039e-16 4.915639422743462636e-16 0.2754755594924461204 5.024268624117240333e-16 3.600453143508432634e-16
1307 8.431536232394440944 1.967190204086098015 4.78873257545281636e-16 4.926673121398989668e-16 0.2764788128985475879 4.600629908705191312e-16 1.817229522569306395e-16
1308 8.437607946791819913 1.968865769455720782 4.812321724499880285e-16 4.928383571278730485e-16 0.2760010600381170853 3.885631835332468246e-16 2.817472767754908077e-17
1309 8.443678812495710062 1.970531675164611363 4.83004273649671466e-16 4.922431717932706658e-16 0.2744482280102466532 2.919433143859119793e-16 -9.805330490648870667e-17
1310 8.449748830586074178 1.972184253624937211 4.84094916269644062e-16 4.909734423562767809e-16 0.2722906158487054529 1.797020582034155995e-16 -2.092096796978190994e-16
1311 8.455818002140793155 1.973822269666603457 4.844323777193044466e-16 4.89096551401621363e-16 0.2699288100300645254 5.561030247615241451e-17 -3.092930283093734482e-16
1312 8.461886328235676658 1.975445962803100697 4.840365672917408188e-16 4.866655276521902943e-16 0.2676057736014343935 -6.523471294346211843e-17 -4.00664372156766707e-16
1313 8.467953809944480881 1.977054917428531899 4.827816830650771596e-16 4.834374965031165524e-16 0.265213536858249499 -2.068500123251681066e-16 -5.320955262520194102e-16
1314 8.474020448338928091 1.978645321025966464 4.810316397736856171e-16 4.797544656331136714e-16 0.2621920615464719551 -2.885100732327673877e-16 -6.071801259145821753e-16
1315 8.480086244488720837 1.980216030940882055 4.794370632951251441e-16 4.763827712578521796e-16 0.2589812986161096342 -2.62916457863246177e-16 -5.55930652471083341e-16
1316 8.486151199461565042 1.981770331574225441 4.786104535258109748e-16 4.741360468744080299e-16 0.256311212569195257 -1.363116939859308737e-16 -3.704950243702942612e-16
1317 8.492215314323196651 1.983315054265127886 4.789112001793158804e-16 4.735035602297432675e-16 0.2547670167479582637 4.960134797113929819e-17 -1.043143449262252544e-16
1318 8.498278590137392285 1.984858931723728404 4.804273601355530074e-16 4.74655443066734475e-16 0.254662810943158624 2.500908049041856843e-16 1.9000324119719083e-16
1319 8.504341027965995892 1.986410982405351078 4.829920794355450798e-16 4.773515353348464828e-16 0.2560463327219854035 4.231092315475652623e-16 4.447822136893238733e-16
1320 8.51040262886893828 1.987978484969779469 4.861527286426824976e-16 4.810804334214462768e-16 0.2586311390220952799 5.21493439973610918e-16 6.152520457191700882e-16
1321 8.516463393904251333 1.989565601760137303 4.894618022143646489e-16 4.853043536217474104e-16 0.2619034760689998298 5.460580319336175932e-16 6.970245603964045785e-16
1322 8.522523324128085775 1.99117414708709406 4.92559359616418828e-16 4.895579730285292941e-16 0.265476104533719226 5.112243086259096805e-16 7.020220638841916886e-16
1323 8.528582420594723601 1.992804081253373161 4.952756995091894987e-16 4.935320385470501321e-16 0.2690431170296189722 4.483693677832842327e-16 6.559743310514232952e-16
1324 8.534640684356586959 1.994454195932261253 4.975825803179970494e-16 4.97111537811655697e-16 0.27241158457247866 3.80834777477713738e-16 5.909268483716610232e-16
1325 8.540698116464248812 1.996121037348176364 4.992100683457997692e-16 4.998355758161574259e-16 0.2752106796712441295 2.687130773280648273e-16 4.497634529063377214e-16
1326 8.546754717966436488 1.997795836399544278 4.998928641936709538e-16 5.012895737423381732e-16 0.276562437780983994 1.127512485989016611e-16 2.40101169549036504e-16
1327 8.552810489910037006 1.99946943153194967 4.998134455124120964e-16 5.01776475691692652e-16 0.276401448128716809 -1.311633744827673032e-17 8.041395513910786706e-17
1328 8.558865433340095308 2.001134906269883551 4.991994009000980984e-16 5.016393677258576001e-16 0.2750979249515965175 -1.014259747253033371e-16 -2.264706635079356536e-17
1329 8.564919549299808921 2.002788190482033492 4.982254373593573865e-16 5.01081794613680735e-16 0.2731216149102168034 -1.608982249729809574e-16 -9.211076214791805872e-17
1330 8.570972838830531515 2.004427787230460556 4.970496620595531435e-16 5.0014809776331181e-16 0.2708973915696261114 -1.942639018371397181e-16 -1.542672254774491358e-16
1331 8.577025302971758691 2.006054014379758943 4.957673324667995609e-16 4.987166378247775454e-16 0.26872504079889864 -2.118978718803104543e-16 -2.365408365925677205e-16
1332 8.583076942761127981 2.007667797639406171 4.943861789325009299e-16 4.965924710578190848e-16 0.2667050416706903682 -2.282590358504911187e-16 -3.510545686420083152e-16
1333 8.589127759234406412 2.009267172313084604 4.930029639019792627e-16 4.938049708944548183e-16 0.2643597040204966331 -2.286308030778163389e-16 -4.60744271040184583e-16
1334 8.595177753425481626 2.010848537868368702 4.920407907389413533e-16 4.908787828592073432e-16 0.2614184733583089226 -1.590586304015713352e-16 -4.837335721507849058e-16
1335 8.601226926366356551 2.01241254990868601 4.918577132239632778e-16 4.88529135664142519e-16 0.2585847936650554901 -3.026898784341026385e-17 -3.884772108264738554e-16
1336 8.607275279087140518 2.013963904661353777 4.926777072240897545e-16 4.87422481903916078e-16 0.2565268543372556942 1.355914764602785961e-16 -1.829925795265254583e-16
1337 8.61332281261604038 2.015510139177233206 4.945563641981147621e-16 4.879840740756736808e-16 0.2557147844696973094 3.10690492465229216e-16 9.287557591429930526e-17
1338 8.619369527979353407 2.017059906547413295 4.973203801491793104e-16 4.902462047689905855e-16 0.2563336849620296842 4.571720941239643531e-16 3.741595723597257673e-16
1339 8.62541542620146906 2.018621703727147221 5.006354741483996184e-16 4.938593060890599793e-16 0.258358307302170298 5.483951983650953126e-16 5.976926794831864218e-16
1340 8.63146050830485656 2.02020098794951064 5.041775289609153653e-16 4.98328088439425563e-16 0.2612863099861191252 5.860189183337027198e-16 7.393423133872853816e-16
1341 8.637504775310070215 2.021800807909885922 5.077234000993463556e-16 5.030819395329302767e-16 0.2647195204544677827 5.867293386804811312e-16 7.866117519182336763e-16
1342 8.643548228235751196 2.023422102310172388 5.111549488370478718e-16 5.076621257407767384e-16 0.2683089571907187332 5.678890047354996971e-16 7.579776905104917754e-16
1343 8.649590868098623986 2.025064267287535191 5.144837370047623412e-16 5.117913284845091947e-16 0.2717993672904917002 5.50957139082216647e-16 6.834360180808085498e-16
1344 8.655632695913505259 2.026724550097041888 5.171606173535779432e-16 5.148576368607618295e-16 0.2748349938468322429 4.431175158731116875e-16 5.075815029189360044e-16
1345 8.661673712693310989 2.028394855086773862 5.186275198231717609e-16 5.164222366811602203e-16 0.276531095254459347 2.428563340479316968e-16 2.590308384573363881e-16
1346 8.667713919449063553 2.030065995515423882 5.190424022708095892e-16 5.168294079841684756e-16 0.2767064698107432053 6.86959967601431765e-17 6.741918987302412719e-17
1347 8.673753317189900613 2.031730728319742774 5.186007914283400937e-16 5.165419347930115312e-16 0.2756823824559251901 -7.313145320048067836e-17 -4.760601462573275931e-17
1348 8.679791906923087552 2.033384564475671841 5.174275982826438404e-16 5.15896057383059734e-16 0.273914486431278803 -1.943086059861645339e-16 -1.069726154010211521e-16
1349 8.68582968965402813 2.035025646473171523 5.156331916422799944e-16 5.150893564349082779e-16 0.2718383837283703808 -2.972359709089066122e-16 -1.336266452448635852e-16
1350 8.691866666386275142 2.036654119270496111 5.133523334701202596e-16 5.141960179724001634e-16 0.2697856967535579575 -3.77865023095973048e-16 -1.47997522550253685e-16
1351 8.697902838121546409 2.038271210771652964 5.107720596832181506e-16 5.131686713829235132e-16 0.2679358692468219449 -4.275255293184621254e-16 -1.702210427006168366e-16
1352 8.703938205859738986 2.039877858900118746 5.079894607373224486e-16 5.11841111526599628e-16 0.2662409300260270006 -4.611101324047313277e-16 -2.199926446560457672e-16
1353 8.709972770598934488 2.041471314715177954 5.045688649252351554e-16 5.096017504179493722e-16 0.2640899028765999468 -5.669092341670478007e-16 -3.711384100519301634e-16
1354 8.716006533335420414 2.043049228250975791 5.0130855055977769e-16 5.06953591355946414e-16 0.2615487395522594349 -5.404168818404101087e-16 -4.389484272030503225e-16
1355 8.722039495063697245 2.044613177142571736 4.9895251949674884e-16 5.045493417659386038e-16 0.2592683959848587349 -3.905782330128969005e-16 -3.98571806341143368e-16
1356 8.728071656776485554 2.046168252696329848 4.980466605798436168e-16 5.029569236916039343e-16 0.2578315439040373414 -1.50191418378655682e-16 -2.640229342260195386e-16
1357 8.73410301946474199 2.04772181352139393 4.988264535928247989e-16 5.02496202114365025e-16 0.2576144879421527478 1.293067992569375083e-16 -7.639775108218919866e-17
1358 8.740133584117662835 2.049282203510356837 5.01083189891286257e-16 5.032457321571692568e-16 0.2587811158196018924 3.742658832454096748e-16 1.243049636239496534e-16
1359 8.746163351722694657 2.050856264955424724 5.043488033144899308e-16 5.050504583306948982e-16 0.2610829117176822756 5.416534810289166038e-16 2.993422942373815682e-16
1360 8.752192323265534313 2.052448462920576588 5.081225646445169838e-16 5.076116103448180879e-16 0.2641259715106667461 6.260203814842005699e-16 4.248634772323995767e-16
1361 8.758220499730141384 2.054061128016264171 5.119599310348560884e-16 5.106287569898220609e-16 0.267556461008897184 6.366555422692092653e-16 5.0057329376123867e-16
1362 8.764247882098732845 2.05569474007285713 5.155847902585753061e-16 5.138441851485497259e-16 0.2710674293531238899 6.014777300246527692e-16 5.335402868375421584e-16
1363 8.770274471351788392 2.057347619282518192 5.17952064238940908e-16 5.164846487565945953e-16 0.2743005079277301972 3.928565689633425649e-16 4.381932476480375723e-16
1364 8.776300268468054 2.059012597721268545 5.182553769300625981e-16 5.178502758845490165e-16 0.2763446958850790391 5.034230560308527107e-17 2.266598801424789695e-16
1365 8.782325274424538364 2.060680628515407786 5.169421626251754424e-16 5.18002942461050386e-16 0.2768876244273208997 -2.179892544680753852e-16 2.53421494647753698e-17
1366 8.788349490196511127 2.062344182129754344 5.146323225823616326e-16 5.171520571393103672e-16 0.276180608745157985 -3.834760861487601413e-16 -1.412626705288158308e-16
1367 8.794372916757502878 2.063998298923905406 5.11851145508083828e-16 5.156049738577927431e-16 0.274649863692288998 -4.617871646400598018e-16 -2.568779991182530013e-16
1368 8.800395555079305154 2.065640654399310883 5.089751026289810591e-16 5.137139146192803488e-16 0.2727326632696994713 -4.776011319363280225e-16 -3.140328815799625412e-16
1369 8.806417406131965109 2.067271064483475307 5.062209589804752733e-16 5.118183684903351918e-16 0.2707843465179703424 -4.574180418292956703e-16 -3.148190904892097455e-16
1370 8.812438470883787289 2.068890699881112294 5.036924152386474487e-16 5.101808046989191977e-16 0.2690299378660553353 -4.200043829296800325e-16 -2.720079381440657158e-16
1371 8.818458750301326532 2.070501111523445292 5.013642231779951379e-16 5.089596925740906516e-16 0.2675326799796460264 -3.867753095670104227e-16 -2.028595613216997521e-16
1372 8.824478245349391514 2.072102668617559651 4.987697568131411384e-16 5.078349483149603753e-16 0.2660963324827933518 -4.310667331028801607e-16 -1.868745881339650883e-16
1373 8.830496956991041202 2.073692290749991951 4.959488223159119296e-16 5.068584944181247492e-16 0.2641476960788303185 -4.687550160692609803e-16 -1.622574584952857494e-16
1374 8.83651488618758485 2.075268757326115487 4.934239108759735578e-16 5.063544806470600179e-16 0.2619956583818867646 -4.196193215140438015e-16 -8.376290483007450347e-17
1375 8.842532033898582 2.076834458793486604 4.917158284135673827e-16 5.066024848097081468e-16 0.2602403443272408023 -2.839059536057051637e-16 4.122158024831134337e-17
1376 8.848548401081844261 2.078394798082510153 4.912264090356529951e-16 5.077632842974436249e-16 0.2593826887362874478 -8.135853211932656436e-17 1.929652700092783074e-16
1377 8.854563988693437082 2.079957030923082151 4.921772465472080253e-16 5.098617124365610418e-16 0.2597310807487255846 1.580827441844186954e-16 3.48876937094073103e-16
1378 8.860578797687679753 2.081528719423531459 4.944013582335002831e-16 5.126961901549465053e-16 0.2613369326406752013 3.698204356523446629e-16 4.713107669550844892e-16
1379 8.866592829017152511 2.083115356784469352 4.975679361493753624e-16 5.159874752111068597e-16 0.263856673694992605 5.265996732768402206e-16 5.473383827209747611e-16
1380 8.872606083632694762 2.084720552246128733 5.011576499233773206e-16 5.194167885425290433e-16 0.2669773152660994131 5.970438920665813039e-16 5.703659699379258891e-16
1381 8.878618562483413967 2.086345977215222192 5.0468459691473089e-16 5.226672835691762846e-16 0.2703767451118770926 5.866800780329014611e-16 5.406944534618905466e-16
1382 8.884630266516690966 2.087991164131068444 5.066112350259270347e-16 5.248424464303414108e-16 0.2736992231895221117 3.205224581612625365e-16 3.618679310401802347e-16
1383 8.89064119667817998 2.089650077298541131 5.057506313736184175e-16 5.252236597117754833e-16 0.2760182642456592839 -1.431915370685703783e-16 6.342817111346283153e-17
1384 8.896651353911819271 2.091314103032515082 5.027133276145967691e-16 5.240944039781403471e-16 0.2769044861157730075 -5.054267006802590293e-16 -1.879153502444981228e-16
1385 8.902660739159836467 2.092975644990655137 4.984439744978478731e-16 5.21994443287278368e-16 0.2765266502439449048 -7.105387319888005184e-16 -3.494916830977966029e-16
1386 8.908669353362750343 2.094629387235123819 4.939080093761667613e-16 5.194080993989978787e-16 0.2752638413828102926 -7.550071288004732336e-16 -4.304945079598846055e-16
1387 8.914677197459385027 2.09627255285699432 4.899064152398320184e-16 5.167707312674358773e-16 0.2735383929294185612 -6.661468659274012094e-16 -4.390436549235044179e-16
1388 8.920684272386870006 2.09790455722919722 4.869194998057364182e-16 5.143821739606740724e-16 0.2717151246861587155 -4.972965228682464334e-16 -3.976748821761886908e-16
1389 8.926690579080647225 2.099526337000236165 4.850761615791231101e-16 5.123743849089142551e-16 0.2700473121039150826 -3.069396611578579656e-16 -3.343228509701598341e-16
1390 8.932696118474479974 2.101139529875976297 4.841481474075267925e-16 5.107131809483241963e-16 0.2686517656472270921 -1.54546086518408179e-16 -2.766472526776802402e-16
1391 8.938700891500458212 2.102745511986928051 4.836600215406515114e-16 5.091760206441295311e-16 0.2674850235058430781 -8.130000831550661338e-17 -2.560223786403731168e-16
1392 8.944704899089005679 2.104343487996622741 4.823166666644262274e-16 5.065952797908949142e-16 0.2661854581652854379 -2.23771527881036587e-16 -4.298911136691310748e-16
1393 8.950708142168881665 2.105930656443280036 4.797321730231595467e-16 5.027262619678817342e-16 0.264418803446753059 -4.305710068637044283e-16 -6.445699354910778959e-16
1394 8.95671062166719345 2.107506914461560132 4.76606494565977711e-16 4.983588375584944193e-16 0.262634519375596176 -5.207973883744580121e-16 -7.276958450750375638e-16
1395 8.962712338509396304 2.109075460753835785 4.738713132564107245e-16 4.944354928317401959e-16 0.261382773833301052 -4.557909965120097712e-16 -6.537867147646414946e-16
1396 8.968713293619300586 2.110641997372425305 4.723019343152269736e-16 4.917464735401356822e-16 0.2610809817687718692 -2.61554686861014802e-16 -4.481553691859426946e-16
1397 8.974713487919078858 2.112213814658972399 4.72362644353628639e-16 4.907444231170853144e-16 0.2619942446370140954 1.01192936284954858e-17 -1.670241483677664639e-16
1398 8.980712922329269432 2.113797076401915387 4.740042837349052736e-16 4.913940299219433452e-16 0.2639352235185442597 2.736669782904572832e-16 1.082917072957648176e-16
1399 8.986711597768781701 2.115396374847916316 4.768717014498111562e-16 4.933525707594116928e-16 0.2666422931569080168 4.780688913023909136e-16 3.265368145951153246e-16
1400 8.992709515154901467 2.117014490244012226 4.804435453296270338e-16 4.960971960212837109e-16 0.2698135999499310933 5.955892008676121268e-16 4.576541476621506492e-16
1401 8.998706675403294497 2.118652113950106664 4.829764861145646645e-16 4.983219235393984239e-16 0.2731009617336999096 4.224099601187974254e-16 3.710102769833111321e-16
1402 9.004703079428013623 2.120304429745553776 4.831477975618246797e-16 4.989474086557384437e-16 0.2755858247216651513 2.857262915934003104e-17 1.043231760615412354e-16
1403 9.010698728141498748 2.121963553345099562 4.813285564603018739e-16 4.981183675948385289e-16 0.2767561049282422636 -3.03465083204564685e-16 -1.382911887354621887e-16
1404 9.016693622454583945 2.123622100879746899 4.782888700251937856e-16 4.962548083890044797e-16 0.2766947897824870162 -5.07109613440074636e-16 -3.108968009259745621e-16
1405 9.022687763276501016 2.125274596388209591 4.748514596093443931e-16 4.939109657504653655e-16 0.2757197502873484085 -5.73533747377505076e-16 -3.910713848850606089e-16
1406 9.028681151514886594 2.12691790565053962 4.71637498693281162e-16 4.915949507591443799e-16 0.2742214125004877046 -5.363183439217812742e-16 -3.864767982819135112e-16
1407 9.034673788075780365 2.128551043162758116 4.689953160190456698e-16 4.896558235570167319e-16 0.2725581845252048052 -4.409601196994313226e-16 -3.236255280532562675e-16
1408 9.040665673863630403 2.130174621300705784 4.669865702484270386e-16 4.882722567021052884e-16 0.2709967125198721183 -3.352862959918496543e-16 -2.309356479179970374e-16
1409 9.046656809781298492 2.131790136961662085 4.654446342028620502e-16 4.873635456678552116e-16 0.2696846922868748608 -2.574017436191371298e-16 -1.516948808186252333e-16
1410 9.052647196730061907 2.133399206264549708 4.641051521288849695e-16 4.866778594473191615e-16 0.2686421227130602052 -2.2363319407280234e-16 -1.144787247319415848e-16
1411 9.05863683560961519 2.135002664165946751 4.625477783538589004e-16 4.8572365199859603e-16 0.2677386701002682501 -2.60043736110056173e-16 -1.593295546445529321e-16
1412 9.0646257273180737 2.136598635242672017 4.601385515265419776e-16 4.83683496604319404e-16 0.2665217627631469299 -4.023327178524049487e-16 -3.406990389255607675e-16
1413 9.070613872751975393 2.138184838916573849 4.573749852052145369e-16 4.810105450656842084e-16 0.264923616179816912 -4.615636664097580206e-16 -4.464294208490318077e-16
1414 9.076601272806280818 2.139762238905629221 4.549493623064218597e-16 4.783770162321558085e-16 0.2634860100288878293 -4.051716139672997631e-16 -4.398998411670738944e-16
1415 9.08258792837437845 2.141334780713921138 4.535320810357667914e-16 4.764816047040292597e-16 0.2627071388953954867 -2.367694808879436046e-16 -3.166454061557626435e-16
1416 9.088573840348082911 2.142908663500404209 4.534918523711575776e-16 4.758744898754707725e-16 0.2629637885914657414 -6.721391291942733185e-18 -1.014365344096056125e-16
1417 9.094559009617636747 2.144490404923751203 4.54905440284749168e-16 4.767234444083363299e-16 0.2643095660337674846 2.362110535117686945e-16 1.418606106232547342e-16
1418 9.100543437071710429 2.146085282205774547 4.575205668260736475e-16 4.788608287038961127e-16 0.2665375726444177418 4.370427043755037904e-16 3.57201916641506753e-16
1419 9.106527123597404128 2.147697046395340426 4.609244679822144876e-16 4.818822289742435197e-16 0.2693930480889056844 5.689339133990458833e-16 5.050020552601921091e-16
1420 9.112510070080247715 2.149327406922961536 4.637112106441345848e-16 4.846274698504794126e-16 0.272534942260110713 4.658385293272341379e-16 4.589009921546278613e-16
1421 9.118492277404198987 2.150972765118031038 4.646250564727842999e-16 4.86019417621139318e-16 0.2750759356969186276 1.527794963746218611e-16 2.327100181607335111e-16
1422 9.124473746451648992 2.152626210138654628 4.638512326533588086e-16 4.859933708530516207e-16 0.2764619977782594717 -1.293861461242193056e-16 -4.3551139901026631e-18
1423 9.130454478103418481 2.154280834339718176 4.618720645441091695e-16 4.848411343969367411e-16 0.2766932352979183385 -3.309648360000650759e-16 -1.926818383689199053e-16
1424 9.136434473238759679 2.155931209220697031 4.59284829462622487e-16 4.830103483568276521e-16 0.2760166007039659419 -4.3270158837516645e-16 -3.061894271606313051e-16
1425 9.14241373273536162 2.157573964794738064 4.565783509572084739e-16 4.809465268619901943e-16 0.2747760772324452927 -4.527000599378855153e-16 -3.452058135858428843e-16
1426 9.148392257469344813 2.159207748940572547 4.541009293715571678e-16 4.790125048882180253e-16 0.2733090179876104808 -4.14437649209702692e-16 -3.235345671371968738e-16
1427 9.154370048315266573 2.160832806003889051 4.519808243399744275e-16 4.77418733751613227e-16 0.2718824393711037901 -3.547071304273191713e-16 -2.666481037502850256e-16
1428 9.160347106146128127 2.162450367911473048 4.502138822595693601e-16 4.762527559226443143e-16 0.2706616058488052756 -2.956569258227420054e-16 -1.950994457109747515e-16
1429 9.166323431833369284 2.164061995019099349 4.486970730439952346e-16 4.754214408894672744e-16 0.2697015553771808793 -2.538340306606407247e-16 -1.391183831515916883e-16
1430 9.172299026246877318 2.165668929355679673 4.472349354388112453e-16 4.747308995289452795e-16 0.2689491065231585099 -2.447147923698130142e-16 -1.15574406310172947e-16
1431 9.178273890254994072 2.167271307874185649 4.454803202617535488e-16 4.737154299765258352e-16 0.2682193590856686294 -2.937019891350192007e-16 -1.699776859059097944e-16
1432 9.184248024724512405 2.168866546904627324 4.422812266000620422e-16 4.710633763302270456e-16 0.2670568658607114232 -5.355560581098248692e-16 -4.439768093431040371e-16
1433 9.190221430520690404 2.170453453872121852 4.383829101543491703e-16 4.673410193866591976e-16 0.265694378813769172 -6.526915488301244826e-16 -6.232308106920695695e-16
1434 9.196194108507253162 2.172033914883951145 4.346304100535546815e-16 4.633620487209160055e-16 0.2646473491610573658 -6.283541301992576763e-16 -6.662765048912500906e-16
1435 9.202166059546398102 2.173612443404153272 4.3184747329782682e-16 4.599024690554089666e-16 0.2643558956133238436 -4.660579324860145824e-16 -5.79375202421785265e-16
1436 9.208137284498805641 2.175195270846134843 4.305608672429687849e-16 4.575364930565235957e-16 0.2651080336537388615 -2.154938638562786658e-16 -3.962777167617810254e-16
1437 9.214107784223642739 2.176787931726048342 4.308785587407709442e-16 4.56482111115494077e-16 0.2667874057602822591 5.32166587373889886e-17 -1.766200364907949515e-16
1438 9.22007755957857178 2.178394914827590956 4.325985701156037987e-16 4.566655262719835815e-16 0.2692191564587148589 2.881548729338467444e-16 3.072768697097689095e-17
1439 9.226046611419759458 2.180018793980300185 4.346030392885263956e-16 4.572936626058490731e-16 0.2720827057552643313 3.358509746627193117e-16 1.052449210990946674e-16
1440 9.23201494060187855 2.18165718877436321 4.357558527010226754e-16 4.575250608988053011e-16 0.274548020800771897 1.931784951345859716e-16 3.877572339586810424e-17
1441 9.237982547978118575 2.18330440164083095 4.358925374003658872e-16 4.572391368165781135e-16 0.2760590281010764091 2.29072064850329436e-17 -4.791847238275246801e-17
1442 9.243949434400194676 2.184954287148349383 4.352136292353152784e-16 4.565060374963428608e-16 0.2765403140873168852 -1.137930337250572705e-16 -1.22876111918804802e-16
1443 9.249915600718345843 2.186601707592219057 4.340367718943159869e-16 4.555055966932093554e-16 0.27616043298543963 -1.972789848892677015e-16 -1.677059225516657174e-16
1444 9.255881047781345572 2.188243215574149581 4.3263484112141849e-16 4.544729001197820575e-16 0.2752024571159507049 -2.35036806189710075e-16 -1.731338729941434649e-16
1445 9.261845776436507194 2.189877157815644626 4.312132554350396468e-16 4.535983003738168517e-16 0.2739670024027685002 -2.383606710599143697e-16 -1.466462305822148615e-16
1446 9.26780978752968565 2.191503394460159626 4.298908577570738079e-16 4.530270611012472837e-16 0.2727077588472645586 -2.217562298077630448e-16 -9.579256642224388952e-17
1447 9.273773081905281046 2.193122808760107123 4.286678604599116888e-16 4.527962048003622553e-16 0.2715963068137393077 -2.051121502157545437e-16 -3.871752813784770167e-17
1448 9.279735660406240427 2.194736745601921779 4.274746011334027907e-16 4.527902319559358126e-16 0.2707101312409356253 -2.001487174185190919e-16 -1.001841866845130851e-18
1449 9.285697523874063108 2.196346474424911488 4.262418909759724058e-16 4.528033186229942577e-16 0.2700366571615437916 -2.067906876037200512e-16 2.195326178777465983e-18
1450 9.291658673148795344 2.197952696719053023 4.249170710283793844e-16 4.524890945766636601e-16 0.2694806748423190235 -2.222689691358862499e-16 -5.271829955647410575e-17
1451 9.297619109069039212 2.199554885922609948 4.233171304548373461e-16 4.512008729500910541e-16 0.2688361682650801665 -2.684588638395168149e-16 -2.161545997158863531e-16
1452 9.303578832471945503 2.20115088666567571 4.216821145689354826e-16 4.489034500594403018e-16 0.2678297707266431571 -2.743770212877800055e-16 -3.855375686624634512e-16
1453 9.309537844193219058 2.202740488152774567 4.206514134601512374e-16 4.46149985571668432e-16 0.2667877169585995967 -1.729857438552670327e-16 -4.621224315535038393e-16
1454 9.315496145067115208 2.204326244896962717 4.206478032075986109e-16 4.435897697856622202e-16 0.2661741602658767025 -6.059920256178593713e-19 -4.297401158388097403e-16
1455 9.321453735926439776 2.205913100770484636 4.219075618738214731e-16 4.417464393263053712e-16 0.2663903632475431715 2.114795516712808312e-16 -3.094455387202241926e-16
1456 9.327410617602550857 2.207506394652090087 4.243358431144913547e-16 4.408886081323296079e-16 0.2675029411089059894 4.076915007445307191e-16 -1.440238803479708967e-16
1457 9.333366790925358814 2.209110942839015213 4.275968352982472202e-16 4.409981728447202849e-16 0.2694244650810901365 5.475629101707537114e-16 1.839733718698290108e-17
1458 9.339322256723322724 2.210729933874555186 4.30645656832262967e-16 4.413518993452950641e-16 0.2718818693275598108 5.119974599721998523e-16 5.940231915792146846e-17
1459 9.345277015823457489 2.212362123367994649 4.32398112303397058e-16 4.411537328738287566e-16 0.2741308199594521544 2.943298294563070291e-16 -3.3282616712021379e-17
1460 9.351231069051332057 2.214003165800969786 4.327098272150468415e-16 4.402611732348834576e-16 0.2756503371598970076 5.235959702653870121e-17 -1.499256572936600645e-16
1461 9.357184417231071194 2.215647920014303995 4.317847911505624188e-16 4.38819148639942667e-16 0.2763064994253369711 -1.553991926257198437e-16 -2.422494283237790902e-16
1462 9.363137061185357268 2.21729178987937825 4.300119961024471132e-16 4.370655077406817981e-16 0.2761905720062973746 -2.978516054047743963e-16 -2.946334702951775351e-16
1463 9.36908900173543735 2.21893144921838692 4.278435657942615608e-16 4.352707317421362865e-16 0.275515673959246532 -3.643662580268292438e-16 -3.015802777326074817e-16
1464 9.375040239701126765 2.2205650630717364 4.257077242725046187e-16 4.337039650454304531e-16 0.2745322099605261856 -3.589326154960625775e-16 -2.632984060812494881e-16
1465 9.38099077590081265 2.22219214605936255 4.238474777561739854e-16 4.325097744145164019e-16 0.2734668976674682894 -3.126551304305736192e-16 -2.007098651655464902e-16
1466 9.386940611151457503 2.223813201927292482 4.223887972727467905e-16 4.317218930702478236e-16 0.2724859724998467403 -2.451920245048532861e-16 -1.324362833846472729e-16
1467 9.392889746268608064 2.225429269321197889 4.21292412678435355e-16 4.313252980859529218e-16 0.2716793874625695326 -1.843147730900722562e-16 -6.667214672501038997e-17
1468 9.398838182066402425 2.227041472048719051 4.204319525298436471e-16 4.31192268369296464e-16 0.271061522827175827 -1.44670167236358358e-16 -2.236644124378067624e-17
1469 9.404785919357573576 2.228650634784314022 4.196581145202485643e-16 4.31151507702436144e-16 0.2705821458981070293 -1.301215499104362326e-16 -6.853942403299244151e-18
1470 9.410732958953456517 2.230256949531444821 4.187921533519630764e-16 4.309026566753647709e-16 0.2701349090229768213 -1.456292061254190496e-16 -4.184942563608042361e-17
1471 9.416679301663995361 2.231859478091257287 4.173636173894218477e-16 4.296198743006373765e-16 0.2695297346995397247 -2.402658702304343675e-16 -2.157515328013627389e-16
1472 9.422624948297748659 2.233456795213025092 4.155497581262310292e-16 4.272055584409957433e-16 0.2686846407863880959 -3.051091845983405154e-16 -4.061119615213476885e-16
1473 9.428569899661892961 2.235049698310968225 4.139994027826430261e-16 4.242519306430114089e-16 0.2679734615528345798 -2.608156695750660283e-16 -4.968876425606895392e-16
1474 9.43451415656223169 2.236641520757157942 4.13251329489134089e-16 4.21441300283395138e-16 0.2678229172726399043 -1.258627633257132658e-16 -4.728864227850114336e-16
1475 9.440457719803196923 2.238237003056823493 4.13653544306762969e-16 4.193135981280123115e-16 0.2684699810692944832 6.768022716218600162e-17 -3.580260072433334064e-16
1476 9.446400590187852941 2.239840867939177027 4.15239703917441666e-16 4.181654759160175672e-16 0.2699119402465220419 2.669323474622851045e-16 -1.932157111794168629e-16
1477 9.452342768517898008 2.2414565753979101 4.173634492032731277e-16 4.176205807904952909e-16 0.2719365435163321743 3.574433906438926538e-16 -9.171022650946643333e-17
1478 9.458284255593671475 2.243083761218759964 4.191634498754110176e-16 4.171134539981435508e-16 0.2739002737850168567 3.029897818641704768e-16 -8.536343267562651321e-17
1479 9.464225052214148448 2.244719331232305493 4.202506776631616802e-16 4.165191512386290303e-16 0.2753435289615968617 1.830316852137669386e-16 -1.000491680093787975e-16
1480 9.470165159176945124 2.246359191680033174 4.205052616137441763e-16 4.15829639292512523e-16 0.2760978297435514039 4.286344996049329403e-17 -1.160908247825644231e-16
1481 9.476104577278315233 2.24799941354156152 4.199752928373179903e-16 4.150514053666081203e-16 0.2761906757685967384 -8.923941201528003253e-17 -1.310438294617617388e-16
1482 9.482043307313150038 2.249636941509721932 4.188852916263963513e-16 4.142122055530934815e-16 0.2757689753745082295 -1.835623714143516122e-16 -1.41325996994971053e-16
1483 9.48798135007498189 2.251269889899674581 4.175059183735081943e-16 4.13357088371403472e-16 0.2750295439031817946 -2.32321118627055034e-16 -1.440232219897514869e-16
1484 9.493918706355977122 2.252897515820771357 4.16091682124136538e-16 4.125236588879570579e-16 0.2741647689826445244 -2.38220434787970039e-16 -1.403866815038336524e-16
1485 9.499855376946937824 2.254519979380630978 4.148285907420210419e-16 4.117639112835270768e-16 0.2733267303008455329 -2.127854492920841944e-16 -1.279901340839288746e-16
1486 9.505791362637301845 2.256137995722439005 4.138061874779402534e-16 4.110943750597510776e-16 0.272608951809518163 -1.722580143018065518e-16 -1.128057631099913558e-16
1487 9.511726664215141014 2.257752468493738007 4.130150816949014796e-16 4.105110009675802583e-16 0.2720432389648744231 -1.333035672125617316e-16 -9.830018838573736867e-17
1488 9.517661282467159367 2.25936417196332906 4.124156731419245613e-16 4.099470443202392236e-16 0.2716078413955725357 -1.010136580703750018e-16 -9.503922434556434928e-17
1489 9.523595218178696697 2.260973514504272863 4.119029657057645716e-16 4.092589135422996452e-16 0.2712411356635253679 -8.641252170319338932e-17 -1.159786490102385171e-16
1490 9.529528472133732109 2.26258035664708812 4.112736145184237037e-16 4.081763562160452805e-16 0.2708508008113271193 -1.060840194197206294e-16 -1.824768662256061836e-16
1491 9.535461045114878686 2.26418378086814176 4.098473973355625547e-16 4.057622663435480532e-16 0.270305664350107111 -2.404320566316099528e-16 -4.069678867377351163e-16
1492 9.541392937903394156 2.265783258484929341 4.076171067458282012e-16 4.02023954188069302e-16 0.2696712317443488161 -3.760260251027308356e-16 -6.302778063486895155e-16
1493 9.547324151279184434 2.267380512873442111 4.052431197846174887e-16 3.97822398841627166e-16 0.2693272121489370119 -4.002989721231260453e-16 -7.084614675564420222e-16
1494 9.553254686020803632 2.268979341415082285 4.032536491376291689e-16 3.940897997138966631e-16 0.2696234618706327968 -3.355006175838333488e-16 -6.294585519229376387e-16
1495 9.559184542905466486 2.270584024279451718 4.019971599307899225e-16 3.914845378663626087e-16 0.2706416262496256775 -2.119161921989690963e-16 -4.393966676398975881e-16
1496 9.56511372270905369 2.272197976002253483 4.01016214513066729e-16 3.897069645086203468e-16 0.2722359400818229469 -1.654625687931079565e-16 -2.998350863118282102e-16
1497 9.57104222620611722 2.273821466265743663 3.998676987999594955e-16 3.883944433669903056e-16 0.2738760762645006674 -1.937498389166388516e-16 -2.214168747221625259e-16
1498 9.576970054169892776 2.275452489594914418 3.983780111170694334e-16 3.873625409410584858e-16 0.2751781965930010787 -2.513327447455430369e-16 -1.740974782820769672e-16
1499 9.58289720737230688 2.277087966908715178 3.965466799199824964e-16 3.864593973061253358e-16 0.2759610310584634241 -3.090082883407046258e-16 -1.523912600846982867e-16
1500 9.588823686583983985 2.278724697235920971 3.94495508759976498e-16 3.855454623828022898e-16 0.2762038328444679225 -3.46142138870764694e-16 -1.542296397862820099e-16
1501 9.594749492574255356 2.280360004888762226 3.923931687814475195e-16 3.845288307360369767e-16 0.2759950712759768887 -3.548173160030912748e-16 -1.715795332596351911e-16
1502 9.600674626111173282 2.281992069526146416 3.904072410133943072e-16 3.834116656445132614e-16 0.2754789681515369404 -3.35208128302842794e-16 -1.885681973730767714e-16
1503 9.606599087961511074 2.283619985879793646 3.886711990689311332e-16 3.822551948393049419e-16 0.2748098933751186301 -2.93062662945636979e-16 -1.952247840981954841e-16
1504 9.612522878890773725 2.285243629177907909 3.873024693940319609e-16 3.811515879195602587e-16 0.2741195664405248755 -2.310825200913092099e-16 -1.863218668241389795e-16
1505 9.618445999663206791 2.286863407757954825 3.863487750481547126e-16 3.801628236810458487e-16 0.2734979954250423284 -1.610303377626233462e-16 -1.66951854107010779e-16
1506 9.624368451041798167 2.288479978282327743 3.858167395582820408e-16 3.792990133744558147e-16 0.2729871380933793223 -8.98438042477438202e-17 -1.458699759127603321e-16
1507 9.63029023378828164 2.29009398598381031 3.856881670182804575e-16 3.785115215470399864e-16 0.2725851018929164038 -2.171424515804289512e-17 -1.329972216481845421e-16
1508 9.636211348663138665 2.291705871865466815 3.858805084535028599e-16 3.777316859635005288e-16 0.2722574282092432574 3.248765007973755786e-17 -1.317190210651309175e-16
1509 9.642131796425605472 2.293315762853644468 3.863106479962437911e-16 3.768023714897771281e-16 0.2719510869075934534 7.266138951602636764e-17 -1.569845927854343305e-16
1510 9.648051577833667736 2.294923441900209138 3.867464529952307253e-16 3.753776942951886928e-16 0.2716079728905156365 7.36267059046051183e-17 -2.406908802303562705e-16
1511 9.653970693644058798 2.296528477845880989 3.865630873169771213e-16 3.724633304456857371e-16 0.2711918970513145233 -3.098203892180462645e-17 -4.924200378040063007e-16
1512 9.65988914461225967 2.298131313596310399 3.857394947252345942e-16 3.680736427584161087e-16 0.2708505363351235151 -1.39172398129601932e-16 -7.417786034048059562e-16
1513 9.665806931492497256 2.299734448700827549 3.847636097173466562e-16 3.631278336344114572e-16 0.2709314909957207806 -1.649255758185663577e-16 -8.35846858054056198e-16
1514 9.671724055037735468 2.301341441755503592 3.839829939891249242e-16 3.584730088892752031e-16 0.2716139031447955543 -1.319396398021722192e-16 -7.867582960627341832e-16
1515 9.677640515999673454 2.302955120488945795 3.830428040149418401e-16 3.539990482451092569e-16 0.2727744296646135713 -1.589286508331805382e-16 -7.562732517711017597e-16
1516 9.683556315128742042 2.304576170433067173 3.817473146939671123e-16 3.498919943225673124e-16 0.2740510756792454705 -2.190125253275681031e-16 -6.9432934464918143e-16
1517 9.689471453174098414 2.306203516667342246 3.800492924560478869e-16 3.464661438444719029e-16 0.2751462283229514361 -2.870958893268888738e-16 -5.792312772740835623e-16
1518 9.695385930883620773 2.307835060667460247 3.779899221838618909e-16 3.439281253194918634e-16 0.2758867396550744311 -3.482302347316047671e-16 -4.291674977753296996e-16
1519 9.701299749003903017 2.309468389964042245 3.756372457629698781e-16 3.423512495458637749e-16 0.2762193981673469745 -3.97871308878842537e-16 -2.666722981628167422e-16
1520 9.707212908280256514 2.311101320249585367 3.731572631351608568e-16 3.416601390506897058e-16 0.2761826571887193715 -4.194472954503881391e-16 -1.168897010840134762e-16
1521 9.713125409456706549 2.312732219068520223 3.707358027830941267e-16 3.416987964061112646e-16 0.2758697402687783073 -4.095947772112650198e-16 6.538967639073113151e-18
1522 9.719037253275988775 2.314360122097313344 3.68587380086937716e-16 3.422791091015892165e-16 0.2753935838491070598 -3.634502887779029633e-16 9.817193661670043596e-17
1523 9.724948440479554534 2.315984686485842658 3.668502474982924515e-16 3.431974399140940857e-16 0.2748592805570934661 -2.939046410955655444e-16 1.55371955842895157e-16
1524 9.730858971807572644 2.317606038097366206 3.655698700799173446e-16 3.442613253148712715e-16 0.2743461214795165914 -2.166504638874292288e-16 1.800182214193868161e-16
1525 9.736768847998931165 2.319224570313511702 3.646906552942851485e-16 3.452585201325886187e-16 0.2738993852372826332 -1.48786898940861508e-16 1.687523083012919819e-16
1526 9.742678069791244511 2.320840746074650518 3.640751389445233659e-16 3.459565001810187721e-16 0.273530866647227533 -1.041735216145399525e-16 1.181301515220544417e-16
1527 9.74858663792086233 2.322454942703519709 3.63573964009779869e-16 3.461701216162408438e-16 0.2732260998464394741 -8.483109821427375116e-17 3.615851411498055061e-17
1528 9.754494553122874834 2.324067363490271099 3.630434249031796036e-16 3.457741446501728169e-16 0.2729556453640666902 -8.981132308813675904e-17 -6.703222211626869112e-17
1529 9.760401816131121677 2.325678031506754895 3.623925755765190616e-16 3.446597435569220142e-16 0.2726890034404013119 -1.101899661883009482e-16 -1.886701172690297564e-16
1530 9.766308427678204396 2.327286907615629286 3.614965124920265823e-16 3.426725524955600825e-16 0.2724156422039541448 -1.51721813302382077e-16 -3.3647210383505295e-16
1531 9.772214388495497062 2.328894278852542854 3.600182224414188985e-16 3.394161612955160437e-16 0.2721907934307594146 -2.503323019319194173e-16 -5.51434344540682164e-16
1532 9.778119699313155166 2.330501546849561123 3.569673831907830993e-16 3.339129470911414769e-16 0.2722032387856693214 -5.166831708078785346e-16 -9.320117945114967058e-16
1533 9.784024360860124503 2.332111173280908556 3.519593562382986501e-16 3.258717578718294763e-16 0.2726326026464053198 -8.482411791884281231e-16 -1.361987044035915348e-15
1534 9.789928373864157152 2.333725281236377125 3.456031461395488341e-16 3.16325658270630919e-16 0.2734216678384313592 -1.076709621833895876e-15 -1.617060659089420392e-15
1535 9.795831739051815035 2.335344800699628465 3.388961250451333969e-16 3.06767306571494735e-16 0.2743684242970469422 -1.136259767886652768e-15 -1.619313601396391897e-15
1536 9.801734457148478796 2.336969379639044941 3.327131658867839437e-16 2.98391983240369518e-16 0.275255709142329108 -1.047591327473848755e-15 -1.41904804184706694e-15
1537 9.807636528878356685 2.338597750513395024 3.275703033511192976e-16 2.919034877578887208e-16 0.2759283689371852533 -8.714609758052281781e-16 -1.099479242437064685e-15
1538 9.813537954964489884 2.340228214092707759 3.23665411093375049e-16 2.874338303752839792e-16 0.2763131751414472648 -6.61758528072898989e-16 -7.574687584879329987e-16
1539 9.819438736128754286 2.341859068578607594 3.208820896349186422e-16 2.846662750812657675e-16 0.2764095979630694644 -4.717384487613096355e-16 -4.690662795325725273e-16
1540 9.825338873091864045 2.343488907023620893 3.189865177314482086e-16 2.830550306383099726e-16 0.2762675219700354012 -3.213109582057101478e-16 -2.731157256139593681e-16
1541 9.831238366573368026 2.345116766383423812 3.177024261635869659e-16 2.820450230312778779e-16 0.2759621216988661363 -2.176850422541967582e-16 -1.712210827612926738e-16
1542 9.837137217291653357 2.346742147209458285 3.167910242422685609e-16 2.812174153554418742e-16 0.2755719433378682748 -1.545218170392358732e-16 -1.403150891769135527e-16
1543 9.843035425963940099 2.348364939850653421 3.160789741866339569e-16 2.803566457033307782e-16 0.2751630540181010942 -1.207362314496916123e-16 -1.459533401054716154e-16
1544 9.848932993306277695 2.349985298083982155 3.154728249180958369e-16 2.794654580745506319e-16 0.2747801199289375829 -1.027907071892240168e-16 -1.511274719864450563e-16
1545 9.85482992003353786 2.351603499358663196 3.148908648579506225e-16 2.786898603140394857e-16 0.2744441243224818305 -9.869941495917084061e-17 -1.315400324671630315e-16
1546 9.860726206859411036 2.353219824458595788 3.142921242959376851e-16 2.782179350451972824e-16 0.274155648277131736 -1.015563681683437462e-16 -8.004638300995799782e-17
1547 9.866621854496401056 2.354834480496686311 3.136703597530528732e-16 2.781614395323327904e-16 0.2739022102302106076 -1.054730410201233297e-16 -9.583617486714980229e-18
1548 9.87251686365581449 2.356447585524784838 3.130148785583522495e-16 2.785318391810891405e-16 0.2736687122061360888 -1.112045969136510024e-16 6.283955050109404516e-17
1549 9.878411235047760641 2.358059242220816643 3.123028763722224515e-16 2.791686857152985889e-16 0.2734525522984305734 -1.208066305427287101e-16 1.080548423437520623e-16
1550 9.884304969381142669 2.359669757474259111 3.115021276799260031e-16 2.797955249618637993e-16 0.2732883889291291557 -1.358790732264398411e-16 1.063683733793867252e-16
1551 9.890198067363655809 2.361280039026694588 3.104924227991518327e-16 2.799879484949241085e-16 0.2732782086727147397 -1.71355338877684177e-16 3.265587831001615779e-17
1552 9.896090529701785599 2.362891747788103736 3.092708828475746128e-16 2.794885721865116977e-16 0.2735498941597049316 -2.07327857530289251e-16 -8.475745716777151076e-17
1553 9.901982357100806098 2.364506519444359078 3.079517729355546404e-16 2.782946751996524893e-16 0.2740992548214101765 -2.2391218133635298e-16 -2.026579257593310829e-16
1554 9.907873550264783447 2.36612536042509447 3.067612686148990871e-16 2.766424446713441763e-16 0.2748195556832915831 -2.021037719794791854e-16 -2.804878706923819711e-16
1555 9.913764109896577637 2.367748354733665295 3.058885520296290053e-16 2.748208691528190398e-16 0.2755542408813717592 -1.481710409511319696e-16 -3.092696361069395432e-16
1556 9.919654036697847843 2.369374788780528096 3.053976464135693447e-16 2.730931098342064331e-16 0.2761678838746787212 -8.335558729287692066e-17 -2.933728765616548314e-16
1557 9.92554333136905953 2.371003466406090165 3.051987156600564795e-16 2.715275666094461881e-16 0.276578496521617534 -3.378198843955420918e-17 -2.658571497194539109e-16
1558 9.931431994609496883 2.372633046418005875 3.05136465624654094e-16 2.701057317538558578e-16 0.2767613816270093063 -1.057229818623135643e-17 -2.41478771340626072e-16
1559 9.93732002711726814 2.374262310789394981 3.050050553708147705e-16 2.687658063216930524e-16 0.2767373861601173934 -2.232058271251225438e-17 -2.275919539258474098e-16
1560 9.943207429589323354 2.375890327945316738 3.046678883997158446e-16 2.674429206025810462e-16 0.2765551040235753044 -5.727534653207443908e-17 -2.247217090616041193e-16
1561 9.9490942027214615 2.377516512588855324 3.041028886323542877e-16 2.661163854074694195e-16 0.276273313908916518 -9.598809010216276918e-17 -2.253657208155661477e-16
1562 9.954980347208348235 2.379140603589736003 3.033576027085380927e-16 2.64857697403753841e-16 0.2759470627894242134 -1.266305037734239986e-16 -2.138619433303328351e-16
1563 9.960865863743524784 2.380762589232663817 3.025092198058730176e-16 2.637877013791446285e-16 0.2756187188721770931 -1.441629337257898824e-16 -1.818209271992953883e-16
1564 9.966750753019423925 2.382382609666994 3.016436649710794101e-16 2.630140006759512219e-16 0.2753140902664504286 -1.470965654920718997e-16 -1.31486431111770807e-16
1565 9.972635015727380647 2.384000863134903447 3.007962648617065783e-16 2.62610623121577505e-16 0.2750430583318448918 -1.440265831864718079e-16 -6.855922042960479027e-17
1566 9.97851865255764281 2.385617537647104935 2.99953492762092513e-16 2.625709791304304554e-16 0.2748038947827503575 -1.432552153449798769e-16 -6.73872389878885008e-18
1567 9.984401664199380022 2.387232786169958043 2.9907385899022071e-16 2.628215995770241785e-16 0.274590652408891911 -1.495368718075085432e-16 4.260522821319079111e-17
1568 9.990284051340687199 2.388846765911246006 2.980906429992466583e-16 2.63175509157419776e-16 0.2744040607057824377 -1.671634739720175105e-16 6.017065982856418505e-17
1569 9.996165814668593441 2.390459770362078018 2.969426682623408434e-16 2.633859154270283272e-16 0.2742673012120461773 -1.951959480262799115e-16 3.577644171648777993e-17
1570 10.00204695486906203 2.392072451955574053 2.956260090479649048e-16 2.631903026385759292e-16 0.2742414290514555986 -2.239019196228637441e-16 -3.326455195016675038e-17
1571 10.00792747262698867 2.393686031539494774 2.942017740996085141e-16 2.624621357360624342e-16 0.274423150364779378 -2.422211121671902499e-16 -1.238400989764403916e-16
1572 10.01380736862619969 2.395301800078140086 2.927538266936002273e-16 2.61274498091532164e-16 0.2748244570526126029 -2.462799282071823887e-16 -2.020041008515696083e-16
1573 10.01968664354945027 2.396920715205222763 2.914416557924517078e-16 2.598548643655561851e-16 0.275388716773046216 -2.232093916531771879e-16 -2.414895651687404882e-16
1574 10.02556529807841024 2.398543082311713093 2.904241549200518415e-16 2.584947402335252318e-16 0.2760050182554129594 -1.731022194287392631e-16 -2.313909622483464917e-16
1575 10.03144333289366408 2.400168538274362273 2.898017284259981417e-16 2.574214207678698004e-16 0.2765596349156360656 -1.05901388848913249e-16 -1.826175832445827725e-16
1576 10.03732074867469493 2.401796241253754349 2.895691941230858358e-16 2.567551139185643379e-16 0.2769710884396832107 -3.956820119678511817e-17 -1.133792440165543431e-16
1577 10.04319754609987569 2.403425129164296514 2.896863162476094086e-16 2.565195042169156427e-16 0.2772018523581162852 1.993167833091784517e-17 -4.009572746403226261e-17
1578 10.04907372584646019 2.405054153685737273 2.900366180186734746e-16 2.566429898880841251e-16 0.2772542124707520483 5.962012258574794593e-17 2.101682452327742575e-17
1579 10.05494928859057069 2.406682443480337774 2.905130733913621389e-16 2.569744686535071224e-16 0.2771582375619539018 8.109952651499609088e-17 5.642243212386973357e-17
1580 10.06082423500718903 2.408309385506856248 2.910275308628481881e-16 2.573816505097222294e-16 0.2769578513993584123 8.757720534395542971e-17 6.931544590280332551e-17
1581 10.06669856577014777 2.409934634970186895 2.91484244912237627e-16 2.577918133418481628e-16 0.2766986901743253013 7.775555820907582538e-17 6.983021435666791147e-17
1582 10.07257228155213014 2.411558074640617999 2.917898414437894828e-16 2.581473866228477026e-16 0.2764194826235957247 5.203324563375782214e-17 6.054267624404893686e-17
1583 10.07844538302465587 2.413179746950789628 2.91901098878854581e-16 2.584403380188189307e-16 0.2761474108026222285 1.894553692078564192e-17 4.988539853646634597e-17
1584 10.08431787085808651 2.414799780951480734 2.918001203069689575e-16 2.586662621834569429e-16 0.2758972284560809451 -1.719698975750821348e-17 3.847564362123342732e-17
1585 10.09018974572162541 2.416418333222038584 2.915057963971983834e-16 2.588576286169415124e-16 0.2756736312760842966 -5.012957718681074785e-17 3.259374478209149204e-17
1586 10.09606100828332131 2.41803555915673174 2.910537205188689088e-16 2.590626801109311723e-16 0.2754764258462254478 -7.700609080148184838e-17 3.492823820526914049e-17
1587 10.10193165921007541 2.419651630913333129 2.904728282674083736e-16 2.593154441235535674e-16 0.2753084763104436949 -9.895882407254387511e-17 4.306001568118883736e-17
1588 10.10780169916765203 2.421266819293366623 2.897853540410461582e-16 2.59616557471049835e-16 0.2751865982751446893 -1.171279437699599239e-16 5.130197741456153644e-17
1589 10.11367112882068575 2.422881636769489866 2.890153998203610883e-16 2.599229630992807188e-16 0.2751519850357689867 -1.311940422621388435e-16 5.220906887647775772e-17
1590 10.11953994883269914 2.424496996232724744 2.881561948932720768e-16 2.601464325987187916e-16 0.2752728990207044535 -1.464168418953735137e-16 3.808136724555229363e-17
1591 10.12540815986612053 2.426113954420663354 2.872273985080297956e-16 2.602087498610671685e-16 0.2755739040549068375 -1.58292309512114017e-16 1.062056607490429505e-17
1592 10.13127576258229112 2.42773337789410304 2.862581940794054085e-16 2.600625186567078003e-16 0.2760226414201937262 -1.651960533193936907e-16 -2.49243783033396774e-17
1593 10.13714275764149164 2.429355680318138422 2.852810561238901124e-16 2.596990466724666024e-16 0.2765419551244834295 -1.665655161707436197e-16 -6.195839423392161276e-17
1594 10.14300914570295298 2.430980730520530653 2.843228724378263013e-16 2.591332570286332128e-16 0.2770389829405454085 -1.633514050621822816e-16 -9.645596625578839512e-17
1595 10.14887492742487396 2.4326079503797291 2.833732530057856278e-16 2.584320537688201166e-16 0.2774375139336652252 -1.61908086924551461e-16 -1.195536596145928064e-16
1596 10.15474010346443201 2.434236505242458382 2.824527450570409871e-16 2.576539042619165357e-16 0.277693774875651278 -1.569608325393266276e-16 -1.326865179276537521e-16
1597 10.16060467447780269 2.435865501920827736 2.815797893204394911e-16 2.568974093207025722e-16 0.2777977396054225889 -1.488677869167103255e-16 -1.290073745899609278e-16
1598 10.16646864112016324 2.437494143423267534 2.80801637501931327e-16 2.562680295151080874e-16 0.2777657673800520421 -1.32714250915448394e-16 -1.073410964982666405e-16
1599 10.17233200404570148 2.439121820743272107 2.801909141826736467e-16 2.558648076789964369e-16 0.2776298805238249234 -1.041699359416809e-16 -6.877679550388341482e-17
1600 10.17819476390762112 2.440748143673189485 2.798610331850751472e-16 2.557413994183514416e-16 0.2774273710051663455 -5.627296782501176131e-17 -2.105167963954372581e-17
1601 10.18405692135814533 2.442372924406642554 2.79885867093127488e-16 2.55912632814883514e-16 0.2771927486969907872 4.236743513868135718e-18 2.921296078675681094e-17
1602 10.18991847704851139 2.443996132139812261 2.802650844313564834e-16 2.563283691361533432e-16 0.2769527917145868656 6.470231649526220319e-17 7.093320986587546755e-17
1603 10.19577943162896716 2.445617837051489385 2.809042091411259837e-16 2.569192948567281379e-16 0.2767247300293104728 1.090590596923706864e-16 1.008344732238067876e-16
1604 10.20163978574876573 2.447238160295119425 2.816293356383417819e-16 2.575398337690770433e-16 0.2765172665323928358 1.237469114194189759e-16 1.058984523577386857e-16
1605 10.20749954005615301 2.448857244611522876 2.822387392823245293e-16 2.581213713739416752e-16 0.2763340920503055131 1.040087912321882196e-16 9.925280876683495504e-17
1606 10.21335869519835882 2.450475259072252054 2.825450067003759137e-16 2.586213330541053232e-16 0.2761797085504081872 5.227694084873297506e-17 8.53387126415143074e-17
1607 10.21921725182158625 2.452092450009592639 2.824595013494108211e-16 2.590522745403540944e-16 0.2760673139776276819 -1.459644129002476151e-17 7.356512817581301569e-17
1608 10.22507521057099389 2.453709236337310973 2.819869655847073781e-16 2.594836827898658604e-16 0.2760263853072521534 -8.067382611006839026e-17 7.365231735507432071e-17
1609 10.23093257209068518 2.45532632193909528 2.81224282275314103e-16 2.599895828294609399e-16 0.2761056010065736088 -1.302226259916915339e-16 8.637875096254900946e-17
1610 10.23678933702369953 2.456944590465711897 2.803306159700137394e-16 2.606151988608393544e-16 0.2763356948630201759 -1.526025473455505894e-16 1.068302558598419743e-16
1611 10.24264550601199808 2.458564807416299125 2.794866539503505467e-16 2.613825894271709673e-16 0.2766965352836398551 -1.441296899573568356e-16 1.310530116576995661e-16
1612 10.24850107969645485 2.460187428773302099 2.788350533082120717e-16 2.62233100278905478e-16 0.2771352982393663344 -1.112900046043668096e-16 1.452628350625186073e-16
1613 10.25435605871685141 2.461812475702741754 2.784874113166110577e-16 2.630661712715059774e-16 0.2775777354616700832 -5.938147079436510539e-17 1.422986348366996929e-16
1614 10.26021044371187685 2.463439568032910199 2.784273603583245377e-16 2.637432634932744148e-16 0.2779552876728790811 -1.025847216908090844e-17 1.156672917653250219e-16
1615 10.26606423531912071 2.465068057925269063 2.786193672431010316e-16 2.641279479221929718e-16 0.2782222050598388008 3.280375218774102207e-17 6.572208434825833556e-17
1616 10.27191743417508007 2.466697192609328848 2.790065713877333862e-16 2.641439838035612015e-16 0.2783605248752967221 6.615926233008725839e-17 2.739955387466121676e-18
1617 10.27777004091516844 2.468326255634746058 2.795383030519978872e-16 2.637863333702849216e-16 0.2783764145242654253 9.086300031214152529e-17 -6.1115772511627087e-17
1618 10.28362205617372105 2.469954661748421376 2.801392489565339806e-16 2.631533930426825882e-16 0.2782922583452587806 1.027007891411218993e-16 -1.081685899401875781e-16
1619 10.28947348058400735 2.471582000872633689 2.807466866658933181e-16 2.624032078634592296e-16 0.2781379663456644002 1.038207013210367774e-16 -1.282184991606115823e-16
1620 10.2953243147782505 2.473208039202577257 2.812908176216034825e-16 2.617175038452571696e-16 0.27794364825957113 9.300994950487807515e-17 -1.172094611397820147e-16
1621 10.30117455938763626 2.474832691220316683 2.817284216998059567e-16 2.612435455932033673e-16 0.2777346417705096604 7.480851934432918377e-17 -8.102327385250486743e-17
1622 10.3070242150423379 2.47645597781153759 2.819926307144609115e-16 2.61061985035293029e-16 0.277529134109670117 4.517113580418659425e-17 -3.104094169066740035e-17
1623 10.31287328237153389 2.478077984865041827 2.82038608022987168e-16 2.611863076213696367e-16 0.2773382409781300351 7.861412096839456095e-18 2.125724870421902601e-17
1624 10.31872176200342217 2.479698835243257182 2.818585789960395713e-16 2.615325669749224106e-16 0.2771682894445464118 -3.078528291079410471e-17 5.921096358941045523e-17
1625 10.32456965456524323 2.481318685660698797 2.814791161196191421e-16 2.619948639333855137e-16 0.2770250752635552982 -6.489533278394928148e-17 7.906152835681680323e-17
1626 10.33041696068329252 2.482937757827945457 2.809317416975547061e-16 2.624443496346542933e-16 0.2769197232413366794 -9.362076412271408938e-17 7.687826306590642566e-17
1627 10.33626368098293646 2.484556403200205654 2.802439531997714633e-16 2.628098584456538149e-16 0.2768744380686124495 -1.17648409650013319e-16 6.252144440588500346e-17
1628 10.34210981608862312 2.486175176059210568 2.794598281931921842e-16 2.630491385122419203e-16 0.2769239354339099735 -1.341404888809149749e-16 4.09337093477096323e-17
1629 10.34795536662389281 2.487794830403290636 2.78667412577169798e-16 2.631888944960223512e-16 0.2771024127916755786 -1.355723089535763349e-16 2.391048463468949914e-17
1630 10.35380033321138171 2.489416035058610088 2.779068855478368135e-16 2.633074265891444209e-16 0.2773953354523931436 -1.30129561206367597e-16 2.028136893487463762e-17
1631 10.35964471647282181 2.491039250213667788 2.772425429512792506e-16 2.635052829882276685e-16 0.2777670352439746138 -1.136833110860848612e-16 3.38574866099292077e-17
1632 10.36548851702903917 2.492664594200257433 2.767226943567755343e-16 2.638619800731152778e-16 0.2781590307944832308 -8.896614033711758669e-17 6.104462577656321197e-17
1633 10.37133173549995213 2.494291834519616113 2.763954078747558211e-16 2.644351120837749536e-16 0.278511281477109629 -5.601691184334807536e-17 9.809474903332187445e-17
1634 10.37717437250455887 2.495920475964957141 2.762896710804150302e-16 2.651999550573963938e-16 0.2787788069386831769 -1.809924305940865771e-17 1.309201680281365925e-16
1635 10.38301642866092678 2.49754989072851119 2.764050430052938029e-16 2.660556517337187316e-16 0.2789388819545445819 1.975047511195621324e-17 1.464863824266335697e-16
1636 10.38885790458617819 2.499179443641470044 2.767326205598274021e-16 2.668499605401921225e-16 0.2789902142390549011 5.608343944677508943e-17 1.359909103458530891e-16
1637 10.39469880089647802 2.500808585175040566 2.77218376538961468e-16 2.674222704550436652e-16 0.2789474350359383292 8.317287457269495602e-17 9.799294874251558589e-17
1638 10.40053911820701593 2.502436903022426939 2.777911577653990996e-16 2.67685194013387487e-16 0.2788340143808216709 9.808336190991310462e-17 4.502316999470705008e-17
1639 10.4063788571319904 2.504064135623490284 2.783592268342310691e-16 2.67634383796206563e-16 0.2786757478577157054 9.728607482921591909e-17 -8.701629541135414047e-18
1640 10.4122180182845927 2.505690157647066929 2.788492245194977491e-16 2.67392478835630496e-16 0.2784959547883251729 8.392406205067394876e-17 -4.143212821649117681e-17
1641 10.41805660227699803 2.507314949808069571 2.791889458656346228e-16 2.67160326735998692e-16 0.2783127936661674573 5.819131774555467443e-17 -3.976563954132811667e-17
1642 10.42389460972034776 2.508938565360473216 2.793390853887917599e-16 2.671568596212755805e-16 0.2781386901381170951 2.572013445366878626e-17 -5.939452515199726413e-19
1643 10.42973204122474407 2.510561104586230829 2.793045264435107317e-16 2.675542763889582903e-16 0.2779817040630122582 -5.920814946926776154e-18 6.808746965859238938e-17
1644 10.43556889739924287 2.512182707298783679 2.791098420937012752e-16 2.683980308180471737e-16 0.2778486140053876841 -3.335760130663355866e-17 1.445705516329473985e-16
1645 10.44140517885185204 2.513803571133806702 2.787901239896956006e-16 2.695628846680857479e-16 0.2777493354672647685 -5.478652123987485593e-17 1.996079965348271727e-16
1646 10.44724088618953495 2.515423995897728027 2.784292072995880775e-16 2.708567893476678073e-16 0.2777013880910399468 -6.185234147220967444e-17 2.217437881583202406e-16
1647 10.45307602001821401 2.517044432676327936 2.781188634374204026e-16 2.720400955844077929e-16 0.2777307152244095634 -5.319061128680437545e-17 2.028098175747929569e-16
1648 10.45891058094277781 2.518665519692865562 2.779216535988235696e-16 2.729288521812237626e-16 0.2778694167794131809 -3.380360355430196916e-17 1.523411604045588494e-16
1649 10.46474456956709886 2.520287847373601675 2.778978938357324901e-16 2.734673478552990259e-16 0.278109331298334983 -4.073043876107826268e-18 9.231222126232231262e-17
1650 10.4705779864940407 2.521911858917189608 2.78066910609179458e-16 2.736939567035476334e-16 0.2784252473867215305 2.897672565523233235e-17 3.885047793087241758e-17
1651 10.47641083232548276 2.523537731405183671 2.784122572440598081e-16 2.737184475675094561e-16 0.2787715589695584639 5.921301977946750306e-17 4.199195433569486844e-18
1652 10.48224310766233458 2.525165340983608786 2.788118718727188575e-16 2.736752897737438474e-16 0.2790966715568842793 6.852448783946672463e-17 -7.400544179254897391e-18
1653 10.48807481310455891 2.526794315829084869 2.791507617335838351e-16 2.736193266316943623e-16 0.2793580538189793239 5.811729521369368223e-17 -9.597296417408404794e-18
1654 10.49390594925118947 2.528424137396956262 2.793256348601104496e-16 2.735189976706218755e-16 0.2795305229006506131 2.999247123910234905e-17 -1.720740938979302598e-17
1655 10.49973651670035046 2.5300542488663611 2.79279240428093231e-16 2.732879393195449773e-16 0.2796074873842949726 -7.957879450839038719e-18 -3.963265469652494381e-17
1656 10.50556651604927616 2.531684143055605407 2.790198084781548647e-16 2.72836132280641614e-16 0.2795974346332101845 -4.450381389376766847e-17 -7.750447229042387601e-17
1657 10.5113959478943233 2.533313417555536073 2.785919960536071536e-16 2.72155379366045948e-16 0.2795183140514299058 -7.339549452528400981e-17 -1.167899620238960932e-16
1658 10.51722481283098887 2.534941796783870771 2.7805067076476646e-16 2.712958438405334734e-16 0.2793918660805299603 -9.28787839921334244e-17 -1.47476232966331249e-16
1659 10.52305311145391897 2.536569127766398868 2.774798052254747977e-16 2.704474331301993875e-16 0.2792391157276729041 -9.795670954628933147e-17 -1.455816051381902848e-16
1660 10.52888084435691063 2.53819535954443376 2.769622996621138132e-16 2.698084797890962302e-16 0.2790775622988631577 -8.880910645677535339e-17 -1.09650754133745114e-16
1661 10.53470801213291885 2.539820516711147391 2.765657064221958218e-16 2.695693902062536214e-16 0.2789201700297311293 -6.806594228315069683e-17 -4.103412793831581474e-17
1662 10.54053461537405489 2.541444676982701711 2.763296121326959262e-16 2.698077074459435123e-16 0.2787760584182763512 -4.052397820249778347e-17 4.090553247573436624e-17
1663 10.54636065467158268 2.543067961584563275 2.762521659640504517e-16 2.704903879886859326e-16 0.2786527002044714707 -1.329439334840517455e-17 1.171888012700077372e-16
1664 10.5521861306159046 2.544690545169064233 2.763009578355472598e-16 2.714758642480640769e-16 0.2785592736196910169 8.376411799384038905e-18 1.691829953193060187e-16
1665 10.55801104379655975 2.546312686212416132 2.764187525358834986e-16 2.725512403801672409e-16 0.2785101793796795899 2.022451947386146469e-17 1.846344993736073479e-16
1666 10.56383539480220257 2.547934763828304305 2.765169819283235516e-16 2.734853745872413772e-16 0.2785261449814247503 1.686692038174436462e-17 1.603997225799601778e-16
1667 10.56965918422059403 2.549557311106906976 2.765232373272655569e-16 2.741345172532997308e-16 0.278633631061216358 1.07421493594120696e-18 1.114747043157777032e-16
1668 10.57548241263858202 2.551180856831360977 2.764498020834371392e-16 2.745013172304746108e-16 0.2788319243819920024 -1.261195791761671583e-17 6.299517282357035086e-17
1669 10.58130508064208364 2.552805816332184285 2.763712743052228958e-16 2.746690845567460598e-16 0.279101564632868171 -1.348785970089366412e-17 2.881556323890466446e-17
1670 10.58712718881607628 2.554432398929063375 2.763956441820844206e-16 2.747898206772686978e-16 0.2794071847297315836 4.186149968128913044e-18 2.073951829752664666e-17
1671 10.59294873774457812 2.556060559136219101 2.766244007453852947e-16 2.750173116235401053e-16 0.2797050214374206534 3.929856482231847803e-17 3.908114184587498668e-17
1672 10.59876972801063921 2.557690023545828861 2.770893172146284895e-16 2.754595703808385486e-16 0.2799559135171081348 7.987662331778315418e-17 7.598383473750436822e-17
1673 10.60459016019633083 2.559320367499342108 2.777893578714733095e-16 2.761523826476799143e-16 0.2801338587789219958 1.202844897124077746e-16 1.19042471560310868e-16
1674 10.61041003488274015 2.560951107164181728 2.786538835639232853e-16 2.770582277261572838e-16 0.2802286677011445182 1.485613480877190706e-16 1.55661731273542896e-16
1675 10.6162293526499667 2.562581780467690251 2.795510873826747667e-16 2.780933036805600212e-16 0.2802440560454891316 1.541915457409296819e-16 1.778859586116309921e-16
1676 10.6220481140771259 2.564212002879575625 2.803651555079248007e-16 2.791478396422421668e-16 0.2801933286112806565 1.399173855463853674e-16 1.812476255324313836e-16
1677 10.62786631974235441 2.565841494988087224 2.80970341909420265e-16 2.800672660710117819e-16 0.2800945354114270369 1.040259127851935132e-16 1.58040850315285956e-16
1678 10.63368397022281719 2.567470086005826158 2.813009936728457294e-16 2.807515748004180814e-16 0.2799663360552511748 5.684138111294951906e-17 1.17637519558755117e-16
1679 10.63950106609472179 2.569097700935772277 2.813737308149705185e-16 2.811618688338288721e-16 0.279825190827814374 1.250522116801107565e-17 7.053916997337664452e-17
1680 10.64531760793332893 2.570724340249211703 2.812401343552101778e-16 2.813080952332298106e-16 0.279684072122933669 -2.297055135595679504e-17 2.51421409149728042e-17
1681 10.65113359631297563 2.572350060709334141 2.80985241787742e-16 2.812446182101081987e-16 0.2795526597736481822 -4.383034902992719419e-17 -1.091526562126568272e-17
1682 10.65694903180709296 2.573974965070457976 2.80702968015947241e-16 2.810771692402115188e-16 0.279438865839518269 -4.854332632353503851e-17 -2.87966180369920269e-17
1683 10.66276391498822207 2.575599206581531853 2.8047882569766739e-16 2.809253911268722755e-16 0.2793513799283872667 -3.854997270105955285e-17 -2.61041385256870214e-17
1684 10.66857824642803898 2.577223009697036549 2.803761247972185118e-16 2.808858451665911267e-16 0.2793024573133836008 -1.766508118488825635e-17 -6.802107828147250513e-18
1685 10.67439202669737242 2.578846697527777732 2.803821097534670606e-16 2.810268153316008217e-16 0.2793090800183206657 1.029540649428974004e-18 2.424988741888455913e-17
1686 10.68020525636622153 2.580470718250916562 2.804810696404276627e-16 2.813755008500130776e-16 0.2793927799920819521 1.702483073749378028e-17 5.998705247054447883e-17
1687 10.68601793600377192 2.582095547496193966 2.806046098577613503e-16 2.81909127858156645e-16 0.2795583024563188523 2.125558334407671241e-17 9.181263875882964628e-17
1688 10.69183006617841158 2.583721568115006306 2.806824395297545533e-16 2.825447126987972292e-16 0.279789706219262857 1.33921678545677441e-17 1.09365215780688813e-16
1689 10.69764164745773805 2.585349003739802143 2.806684050556102312e-16 2.831727059354505199e-16 0.2800596104973339107 -2.415142757419744379e-18 1.080691233326844547e-16
1690 10.70345268040856546 2.586977864018896955 2.80513339573860432e-16 2.837044798732442393e-16 0.2803311989086676448 -2.668718303599840539e-17 9.151971316591536393e-17
1691 10.70926316559692815 2.588607952924432798 2.802350312465145672e-16 2.840723872044662911e-16 0.2805690711361743528 -4.790211664389803357e-17 6.332379653319270138e-17
1692 10.71507310358807707 2.590238925165221584 2.798358675983794666e-16 2.842409990775185583e-16 0.2807475241669681321 -6.871006332835115873e-17 2.902401691502048434e-17
1693 10.72088249494647982 2.591870363093693452 2.79357430433915541e-16 2.842393159934557133e-16 0.2808540849708681675 -8.236355775265062353e-17 -2.897450317602276722e-19
1694 10.72669134023580995 2.593501849735081244 2.788528613220336135e-16 2.841262357789104914e-16 0.2808888491135782539 -8.687036322541055792e-17 -1.946872902011694991e-17
1695 10.73249964001893275 2.595133023216548374 2.783654755788835379e-16 2.83987693851121345e-16 0.2808612840410552591 -8.391982042358914169e-17 -2.385464463129167354e-17
1696 10.73830739485789643 2.596763607572948551 2.779333134729182838e-16 2.838896602127726246e-16 0.2807861655350140651 -7.441819256220253471e-17 -1.68813648293206158e-17
1697 10.74411460531391604 2.59839342189824718 2.775931405244695551e-16 2.838790316445738447e-16 0.2806798509688249732 -5.858317170988724952e-17 -1.830407851827819994e-18
1698 10.74992127194735403 2.600022373699348854 2.773783477078918025e-16 2.839660183584331957e-16 0.2805575591830618554 -3.699418749428023679e-17 1.498189210093435189e-17
1699 10.75572739531770594 2.601650443830860748 2.773092677792394523e-16 2.841266590813443627e-16 0.2804319197698836308 -1.18988836135417164e-17 2.767005268831402e-17
1700 10.76153297598358627 2.603277670500833363 2.774011139498285527e-16 2.843155455536550909e-16 0.2803128118120245538 1.582180209253638154e-17 3.253836674614108022e-17
1701 10.76733801450271066 2.604904139163005894 2.776814132877097106e-16 2.845204107436245263e-16 0.2802083767154305849 4.829003121226211314e-17 3.529421971779985854e-17
1702 10.77314251143188173 2.606529983585237353 2.781553555089517231e-16 2.847308966507818975e-16 0.280126943005181761 8.165848083753293991e-17 3.626593843262098135e-17
1703 10.77894646732698369 2.608155399776476813 2.787800394240779545e-16 2.849798850967616482e-16 0.2800792420894387957 1.07640737453586358e-16 4.290377788463800392e-17
1704 10.78474988274296997 2.609780666322095044 2.794753460698900462e-16 2.852828889424833878e-16 0.2800795137115860145 1.198210519773045609e-16 5.221615493858223884e-17
1705 10.79055275823386317 2.611406162272275289 2.801462674290034632e-16 2.856384485122219663e-16 0.2801450858540825983 1.156295232413931277e-16 6.127869231517138928e-17
1706 10.79635509435275154 2.613032317717409292 2.806969327776658407e-16 2.859912509050253185e-16 0.2802847740650538655 9.491288996826261742e-17 6.080915527011746209e-17
1707 10.80215689165179604 2.614659482199664708 2.810418007570490524e-16 2.86286671041656975e-16 0.2804847143900645601 5.944709201463591448e-17 5.092345214748115214e-17
1708 10.80795815068223398 2.616287881968672124 2.81138138999493195e-16 2.865041655721816313e-16 0.2807236688985997874 1.660797636359543513e-17 3.749439402799689196e-17
1709 10.81375887199439134 2.617917564317609358 2.809776360488424056e-16 2.866254176438107452e-16 0.2809707948356077734 -2.767204397054237656e-17 2.090486588586231488e-17
1710 10.81955905613769708 2.619548393239252704 2.806138402373530973e-16 2.866673029068144097e-16 0.2811944890059124846 -6.272722782666122852e-17 7.222035966427751506e-18
1711 10.82535870366069375 2.62118008960913107 2.801609345454748928e-16 2.866415949290476002e-16 0.2813700657150288165 -7.809915290550840829e-17 -4.433089101123163376e-18
1712 10.8311578151110588 2.622812294547874234 2.797170211996260359e-16 2.866072663387157275e-16 0.2814837573873631427 -7.655558047763616069e-17 -5.92017605330115551e-18
1713 10.83695639103562591 2.624444634313747304 2.793863974902632356e-16 2.866326094374636423e-16 0.2815329835407998638 -5.702334849170078514e-17 4.370976160625344813e-18
1714 10.84275443198039568 2.626076772072163834 2.792206500742812733e-16 2.867932662072048142e-16 0.2815240923928624683 -2.85894316274240324e-17 2.771135650463578346e-17
1715 10.84855193849056221 2.627708440217944919 2.791868606701076877e-16 2.871170368149963409e-16 0.2814690102488348056 -5.828801753730638446e-18 5.585167103885960891e-17
1716 10.85434891111052558 2.629339453511669866 2.792477838018999048e-16 2.876153844896039575e-16 0.281381934114978971 1.051044079284402846e-17 8.597479437004015471e-17
1717 10.8601453503839096 2.630969707294195992 2.792844320189735395e-16 2.882464468039612993e-16 0.2812767581842382514 6.323120855286841588e-18 1.088806932376210168e-16
1718 10.86594125685357248 2.632599166854824091 2.792537592209043696e-16 2.889222094129721802e-16 0.2811655472334292361 -5.292634602708400227e-18 1.166037920506451749e-16
1719 10.87173663106162103 2.634227854416589132 2.791469211669590996e-16 2.895384579502644487e-16 0.2810581245644416803 -1.843674856915950808e-17 1.063443119619878706e-16
1720 10.87753147354941241 2.635855839744912998 2.790131037079747715e-16 2.899946116785328235e-16 0.2809626962973154063 -2.30946271036712538e-17 7.872440813228564357e-17
1721 10.88332578485756308 2.637483239119822631 2.789346327840315211e-16 2.902113272704376249e-16 0.2808872941618765218 -1.354399284934576027e-17 3.740486640914389953e-17
1722 10.88911956552594695 2.639110224500586188 2.789652281960839568e-16 2.901851349727727383e-16 0.2808415347718377642 5.281216770219389363e-18 -4.521174659825140313e-18
1723 10.89491281609369189 2.64073703846253105 2.791320370933037856e-16 2.899358399527950007e-16 0.2808376167961417202 2.87962940148364534e-17 -4.303591002255190824e-17
1724 10.90070553709917434 2.642364003456218136 2.794005633801890692e-16 2.895369572730224054e-16 0.2808893419053600793 4.636004603674488415e-17 -6.886558337366057266e-17
1725 10.90649772908001225 2.64399151060218518 2.797157654463040827e-16 2.890848893265078455e-16 0.2810085820634921627 5.442340814413922743e-17 -7.805494001129456946e-17
1726 10.91228939257304908 2.645619877484973959 2.800299679243150601e-16 2.886419359665014249e-16 0.2811826577321975829 5.425576310042628439e-17 -7.648817003985100526e-17
1727 10.91808052811434493 2.647249325745103299 2.802742221577903107e-16 2.882542727768501627e-16 0.2813950149978278747 4.218110226254855421e-17 -6.694688732084436514e-17
1728 10.92387113623916228 2.648879927490157105 2.80423063981947115e-16 2.879395455160890587e-16 0.2816198385963726847 2.570634468077327959e-17 -5.435627715122944713e-17
1729 10.92966121748195008 2.65051159277700199 2.80476403744960836e-16 2.877054106462535231e-16 0.281829141723485721 9.213102559138377024e-18 -4.044091024384337077e-17
1730 10.93545077237633301 2.652144097112319798 2.804309037335309885e-16 2.875747505701720859e-16 0.281999677857325548 -7.859696472550232831e-18 -2.25702918924321858e-17
1731 10.94123980145509556 2.653777133059114224 2.802510300326082362e-16 2.875643547478431138e-16 0.2821171073918837813 -3.107429955832619115e-17 -1.795942906316703534e-18
1732 10.94702830525017312 2.655410367219046108 2.799218997910893919e-16 2.87708743896644484e-16 0.2821769304877986828 -5.686444942247482133e-17 2.494638417691633773e-17
1733 10.95281628429264309 2.657043488555875577 2.7942569828568803e-16 2.880134459303317106e-16 0.2821829953929722579 -8.573743049887105923e-17 5.264871055760003293e-17
1734 10.95860373911271601 2.658676240979703564 2.788163482506969777e-16 2.88481158856792138e-16 0.2821447824399795912 -1.052976131244997547e-16 8.082227284106360305e-17
1735 10.96439067023973557 2.660308439154011939 2.781817115131414204e-16 2.890995731691490265e-16 0.2820745071731801112 -1.096771506044650234e-16 1.068736107738901396e-16
1736 10.9701770782021768 2.661939970461126848 2.776636855540349965e-16 2.898322707071242694e-16 0.281984729274214807 -8.953270415260325244e-17 1.26635336989743146e-16
1737 10.97596296352764966 2.663570788061464967 2.773975447683408183e-16 2.906287009963238672e-16 0.2818868132666210169 -4.600243334634708663e-17 1.376629711164174596e-16
1738 10.98174832674290435 2.66520090059184156 2.774825662428337962e-16 2.91426164110398781e-16 0.281790346974875483 1.469728644571749275e-17 1.378539232275847001e-16
1739 10.98753316837384197 2.666830363785794411 2.779445190219648863e-16 2.921754519752254458e-16 0.2817034729939209559 7.986292830876657312e-17 1.295377487366595157e-16
1740 10.99331748894552341 2.668459278266059886 2.787409400997382951e-16 2.928059435884220678e-16 0.2816339551748810455 1.376985844471127411e-16 1.090099258619186784e-16
1741 10.99910128898218531 2.670087795386356433 2.797423194978373401e-16 2.932736509034635748e-16 0.2815905702711047343 1.731507714927267049e-16 8.087232729768798843e-17
1742 11.00488456900725431 2.671716128090202425 2.807822463090989335e-16 2.93551347783259156e-16 0.2815839759710974111 1.798322453036672678e-16 4.802150773176148067e-17
1743 11.01066732954336125 2.673344556067776878 2.817104794769261624e-16 2.936465862885687135e-16 0.2816257256190130009 1.605317171118555399e-16 1.647086241088898229e-17
1744 11.01644957111236245 2.674973429189386298 2.824355650668443951e-16 2.935897689739917748e-16 0.2817279705307006443 1.254099469127926598e-16 -9.827055597153645478e-18
1745 11.02223129423534864 2.676603039376413307 2.828732907640759789e-16 2.934406172143214964e-16 0.2818807033148180152 7.57153019641465416e-17 -2.579942323089959732e-17
1746 11.02801249943266626 2.678233599489537653 2.830442725749270245e-16 2.932920727097628485e-16 0.2820702608415915913 2.957810852707946968e-17 -2.569668349556199579e-17
1747 11.03379318722392632 2.679865197242905506 2.829949082364395631e-16 2.932036601353728635e-16 0.282275001975007489 -8.5402904700481778e-18 -1.529584087685758157e-17
1748 11.03957335812801688 2.681497777771748581 2.828192690982683951e-16 2.932008796455834823e-16 0.2824702616618475215 -3.038921048043387403e-17 -4.810823505989764554e-19
1749 11.04535301266311187 2.683131161439759271 2.825824199076330721e-16 2.932827129769506376e-16 0.2826344473538024982 -4.098347584369885979e-17 1.416012590247836663e-17
1750 11.05113215134667826 2.684765085464237089 2.823179627140180546e-16 2.934342882585510791e-16 0.2827531621034621856 -4.57647397403063122e-17 2.62303445736715339e-17
1751 11.05691077469547601 2.686399253494021977 2.820079155486225382e-16 2.936460856494930106e-16 0.2828205841539964127 -5.365893765771219039e-17 3.665514239461427209e-17
1752 11.06268888322556521 2.688033380075841361 2.816156742256301427e-16 2.939114712858199143e-16 0.2828385860432657828 -6.789007804975400013e-17 4.593358860322915839e-17
1753 11.06846647745229362 2.68966722260056823 2.810921069517028325e-16 2.942664437580485472e-16 0.2828145708303667072 -9.062835104094767571e-17 6.144495927275264471e-17
1754 11.07424355789029846 2.691300598745538064 2.804115942043495796e-16 2.947294949185986768e-16 0.2827589637277205803 -1.178057361971960313e-16 8.016026603136942503e-17
1755 11.08002012505349754 2.692933391263983012 2.795727860088796021e-16 2.953180975714035298e-16 0.2826830228603164352 -1.452216577531317762e-16 1.019039316256565703e-16
1756 11.08579617945507856 2.69456554407232618 2.78631276870110956e-16 2.960339916279817378e-16 0.282597332903455345 -1.630165816338688461e-16 1.239527022201972286e-16
1757 11.09157172160749205 2.696197054364461554 2.776604434837245162e-16 2.968295840941570466e-16 0.282511116809793017 -1.681087919251192963e-16 1.377642036511308071e-16
1758 11.09734675202243182 2.697827965387122884 2.767564991456408847e-16 2.976455536538370438e-16 0.2824323496815330237 -1.565401912421111352e-16 1.413051949535289929e-16
1759 11.10312127121083314 2.699458363680832917 2.760355985411774728e-16 2.983945269917095319e-16 0.2823685316032911174 -1.248527098559815621e-16 1.297146239915599054e-16
1760 11.10889527968285506 2.701088382640789654 2.755907980739732834e-16 2.990021495583697656e-16 0.2823277820715893727 -7.704175991516968891e-17 1.052433964242799732e-16
1761 11.11466877794787322 2.70271821032275561 2.754960898566787191e-16 2.994116896728788175e-16 0.2823195755828723508 -1.640540531165275681e-17 7.094074581729794948e-17
1762 11.12044176651446925 2.704348093315986912 2.757156273294090954e-16 2.995778103077417671e-16 0.2823540608946887298 3.803174657407335842e-17 2.87780386977105564e-17
1763 11.12621424589042363 2.705978340993403286 2.762225086516509574e-16 2.995130233451505758e-16 0.2824421266716763967 8.781772279597344385e-17 -1.122440948595635086e-17
1764 11.13198621658271215 2.707609224113369351 2.769603435439627008e-16 2.992649272108958946e-16 0.2825770964962300846 1.278419274873428951e-16 -4.298670113838400812e-17
1765 11.13775767909750236 2.709240944503130688 2.778720870741848502e-16 2.98879589243794349e-16 0.2827470382719680653 1.579883321012070814e-16 -6.677196020553350859e-17
1766 11.14352863394015536 2.710873598919373961 2.788834434277399455e-16 2.984105324800743638e-16 0.2829337528344872399 1.752647992848245564e-16 -8.12860266884077827e-17
1767 11.14929908161522754 2.712507158998389123 2.799032176242724483e-16 2.979117315071964892e-16 0.2831155597311242889 1.76739102625924636e-16 -8.644819278143518466e-17
1768 11.15506902262647593 2.714141481811172429 2.808333678943029578e-16 2.974486301962522557e-16 0.2832726003783914148 1.612203437859649792e-16 -8.02680544894251381e-17
1769 11.16083845747686532 2.715776343163326167 2.816118551267776052e-16 2.970573413032163344e-16 0.283390781516607293 1.349448409928111261e-16 -6.782695367416218235e-17
1770 11.16660738666857888 2.71741148042633851 2.82197666328036543e-16 2.967817402421587471e-16 0.2834634300888205782 1.015548090362866603e-16 -4.7777531508022607e-17
1771 11.17237581070302888 2.719046632999868596 2.825813298261609467e-16 2.966536849485208854e-16 0.2834908857797158732 6.651679279679346359e-17 -2.220129742621903163e-17
1772 11.17814373008086903 2.720681572990315544 2.828062841281152145e-16 2.966758582158339088e-16 0.2834788077083611468 3.900435348053955857e-17 3.84457620317976789e-18
1773 11.18391114530200525 2.722316123473879745 2.829259746695074429e-16 2.96845674515339313e-16 0.283436023864024278 2.075470380845886585e-17 2.944666267765534588e-17
1774 11.18967805686561157 2.723950165331407103 2.83009778195579413e-16 2.971709727724299359e-16 0.2833725506234556213 1.453305423288966986e-17 5.641262884453884965e-17
1775 11.19544446527013903 2.725583635768383584 2.830716657070739549e-16 2.976806824353172148e-16 0.2832981511891199955 1.073335469759122339e-17 8.840062352549225993e-17
1776 11.20121037101332995 2.72721652253037794 2.831371992240108031e-16 2.983932509926076136e-16 0.2832215888531144921 1.136668336224334107e-17 1.235938729248329503e-16
1777 11.20697577459222494 2.728848857866989608 2.831845817241455985e-16 2.993056008922982499e-16 0.283150582928576422 8.21913379736352589e-18 1.582593969131940241e-16
1778 11.21274067650317541 2.730480715640721812 2.831742143422473874e-16 3.00390020327228706e-16 0.2830923538652431737 -1.798518591647828809e-18 1.881235334067042437e-16
1779 11.21850507724184354 2.732112213362825948 2.830775368733417222e-16 3.015689056940231473e-16 0.2830544778246626425 -1.677292594880949463e-17 2.045291129691229136e-16
1780 11.22426897730321294 2.733743517742820206 2.828795544075066454e-16 3.02763915432615904e-16 0.2830454964813888252 -3.43516795664419965e-17 2.073445819849017309e-16
1781 11.23003237718158509 2.73537484741903647 2.825854929694314976e-16 3.038681727050606739e-16 0.2830744282768186681 -5.102664082863386828e-17 1.916148529786077148e-16
1782 11.23579527737058115 2.737006476622917628 2.822239025088383642e-16 3.047711191706412594e-16 0.283150930660403144 -6.274996499898521962e-17 1.5669622206902542e-16
1783 11.24155767836313835 2.738638656446770625 2.818087855781179073e-16 3.054317136301986054e-16 0.2832710001256633081 -7.204511807816222058e-17 1.146486744300880713e-16
1784 11.24731958065150828 2.740271576505966422 2.813540908599107765e-16 3.058578420309519321e-16 0.283423977511307934 -7.892081725735147296e-17 7.396259577552328775e-17
1785 11.25308098472724794 2.741905337831599621 2.808778773490826535e-16 3.060880193913095726e-16 0.2835944945554190744 -8.266294946811202118e-17 3.99550602309887918e-17
1786 11.25884189108121092 2.743539931780226482 2.803859530263390356e-16 3.061560646925438757e-16 0.2837635164297139245 -8.539746262753300335e-17 1.181258132699343308e-17
1787 11.26460230020354203 2.745175245288109966 2.799143944338637597e-16 3.061230722701340886e-16 0.2839129139403304691 -8.186905656796208215e-17 -5.727938244968066187e-18
1788 11.27036221258367021 2.746811087336717527 2.795115719740003111e-16 3.060274091420822485e-16 0.2840291468166047384 -6.994154459531142346e-17 -1.660986564411450624e-17
1789 11.27612162871029788 2.748447225766318613 2.792228560766609385e-16 3.059012911603244273e-16 0.2841050625834287691 -5.013368465553995648e-17 -2.189958774388610726e-17
1790 11.28188054907139026 2.750083423774774882 2.790944865219524468e-16 3.057652864365361178e-16 0.2841398446508441311 -2.229247630436983304e-17 -2.361838902704703426e-17
1791 11.28763897415417539 2.751719468910351019 2.791853958550414516e-16 3.056231025192167086e-16 0.284137711452497721 1.578854353824988538e-17 -2.469358087621636342e-17
1792 11.29339690444513522 2.753355191522532941 2.795356369286830191e-16 3.054680997199634098e-16 0.2841060875851934564 6.083282116593654563e-17 -2.692219238925265696e-17
1793 11.29915434042999856 2.754990472989702344 2.80170558765240618e-16 3.053005434056781417e-16 0.2840538293865477737 1.102880346020749155e-16 -2.910508904195317144e-17
1794 11.30491128259374634 2.756625246136902518 2.810713826273869819e-16 3.051320073338600495e-16 0.2839898688184638864 1.564895110233533535e-16 -2.927778512190500176e-17
1795 11.31066773142060633 2.758259491228060689 2.82191354186888188e-16 3.049871360532855276e-16 0.2839224446287990089 1.945761164030593362e-16 -2.516893479427825702e-17
1796 11.31642368739405846 2.759893231068462516 2.834094326643918165e-16 3.049015893673442471e-16 0.2838589474553995795 2.116386379224321279e-16 -1.486356127767043877e-17
1797 11.32217915099683481 2.761526528241004641 2.845618941610914784e-16 3.049295463980720907e-16 0.2838062902276792254 2.002549367666515802e-16 4.857891944000410073e-18
1798 11.32793412271092848 2.763159486153911271 2.854867081199164636e-16 3.051039740758912019e-16 0.2837715703037674286 1.607119860593958616e-16 3.031162998626434984e-17
1799 11.33368860301760073 2.764792252942456674 2.860713547314883975e-16 3.05425307516687881e-16 0.2837625655481004205 1.016071759926357113e-16 5.584533088041014895e-17
1800 11.33944259239738983 2.766425023247706783 2.862739257290295514e-16 3.058569330329211616e-16 0.283787365625904564 3.520831409020468854e-17 7.501965695657644827e-17
1801 11.34519609133011819 2.768058040623087468 2.861276437239774581e-16 3.063135093389834222e-16 0.2838544812595195088 -2.542704277839713975e-17 7.936304442718760191e-17
1802 11.350949100294903 2.769691537705928575 2.857581658577358756e-16 3.067044708848727892e-16 0.2839620256592116365 -6.42288770738033665e-17 6.796353277382326296e-17
1803 11.35670161977017045 2.771325691303337724 2.853066182256512688e-16 3.069245098928430498e-16 0.2841003029768353061 -7.85023019177078184e-17 3.825414510006249306e-17
1804 11.36245365023365927 2.772960603156109372 2.849175176860175e-16 3.06911637861201849e-16 0.2842562695392261696 -6.765151753258187599e-17 -2.238014049209789664e-18
1805 11.36820519216243142 2.774596278865200549 2.84675604004923829e-16 3.066731689355927246e-16 0.28441321294080113 -4.206423492858340053e-17 -4.146525680002392557e-17
1806 11.37395624603288447 2.776232629383690753 2.846113070408181831e-16 3.062627886726095026e-16 0.2845546745443312542 -1.118097955696638469e-17 -7.136345230015965124e-17
1807 11.37970681232075343 2.777869491960450521 2.847254423472075785e-16 3.058010288131761932e-16 0.2846678324622212708 1.984934516714132099e-17 -8.030495667091235377e-17
1808 11.38545689150111606 2.779506661686719671 2.849478506195962713e-16 3.054193426911290274e-16 0.2847453472234603988 3.868244063552806248e-17 -6.63848992617121896e-17
1809 11.3912064840483982 2.781143924207587936 2.852045550168271901e-16 3.052371515476071207e-16 0.2847855667260747459 4.465118227204979621e-17 -3.169034128554929282e-17
1810 11.39695559043637374 2.782781082783110094 2.854023435511363356e-16 3.053439284046497418e-16 0.2847915457373731973 3.440625926970371807e-17 1.857434375680553351e-17
1811 11.40270421113816823 2.78441797645147382 2.854623814872617238e-16 3.057955414716717123e-16 0.2847694999111722858 1.044476704660432225e-17 7.856687928774437385e-17
1812 11.40845234662625352 2.786054489112820498 2.853009580760909655e-16 3.06622055705593891e-16 0.2847272274557429705 -2.808511134357539203e-17 1.438003578192386217e-16
1813 11.41419999737244417 2.787690551371870828 2.84896614597912245e-16 3.077935719827128093e-16 0.2846728498363209625 -7.035527505700297675e-17 2.038424121039576428e-16
1814 11.41994716384789577 2.789326137985258303 2.842381326450362198e-16 3.092188378443311151e-16 0.2846140470649639598 -1.145847074030213064e-16 2.480154103111784835e-16
1815 11.42569384652309772 2.790961263992641772 2.833879793494190896e-16 3.10765637999839492e-16 0.2845578284490153931 -1.479505399322315919e-16 2.69186650636460624e-16
1816 11.43144004586786977 2.792595982216751871 2.824357250665610666e-16 3.122487333468220924e-16 0.2845107705557281541 -1.657329047814270575e-16 2.581219159083496585e-16
1817 11.43718576235135131 2.794230383687559716 2.814970826297712393e-16 3.134923314836601725e-16 0.2844795259896334416 -1.633775790471668084e-16 2.164573483370686441e-16
1818 11.44293099644200318 2.79586460034505313 2.806923189507684117e-16 3.143504702843277894e-16 0.2844712200609849639 -1.400867532324980434e-16 1.493778627749598981e-16
1819 11.44867574860759341 2.797498806050176423 2.801419977311578281e-16 3.147676512504271326e-16 0.2844931564524079137 -9.580349667053589159e-17 7.262557552294670816e-17
1820 11.45442001931519727 2.799133217506968752 2.799248150146229091e-16 3.147576709608461769e-16 0.2845528018270402915 -3.781174577649255078e-17 -1.737579207181721318e-18
1821 11.46016380903119369 2.800768049915371982 2.800991010233885325e-16 3.143826540020390457e-16 0.2846499037924395958 3.034592131431970966e-17 -6.529632070925021438e-17
1822 11.46590711822126352 2.802720383027543338 2.808308745429383894e-16 3.1361229921169338e-16 0.2848831089622407275 1.067798901765121159e-16 -1.124096427548543854e-16
1823 11.47276022060168543 2.804673549587874071 2.820333821010440022e-16 3.127649651224520891e-16 0.2850564982198424135 1.755009534560465813e-16 -1.236648697592601942e-16
1824 11.47961207829490782 2.806627519966712114 2.835656571003217328e-16 3.119964174093616525e-16 0.2852256074230264948 2.236697506478898733e-16 -1.121866997953881745e-16
1825 11.4864626917320809 2.808582104284953473 2.852314223609975735e-16 3.113892204359089658e-16 0.2853670358707096066 2.431997895712262177e-16 -8.865005151570271161e-17
1826 11.49331206139482831 2.810537008193068953 2.86780306070816992e-16 3.109083521803178734e-16 0.2854655141725113698 2.261762753563008009e-16 -7.021895207313905787e-17
1827 11.50016018773955473 2.812491903004745719 2.879791502791681642e-16 3.104931053422608875e-16 0.2855160071753063411 1.750934165608903071e-16 -6.064756962165950261e-17
1828 11.50700707114555854 2.814446486562749872 2.886555684438399764e-16 3.100683930337044579e-16 0.2855223682172077782 9.881005879300229844e-17 -6.204127915301610396e-17
1829 11.51385271189240633 2.816400522789781924 2.887420975441717252e-16 3.096409438860041227e-16 0.2854942319872544321 1.26423239763974789e-17 -6.245240720110298885e-17
1830 11.52069711016073761 2.818353858935277678 2.882793640987133389e-16 3.093212346962583181e-16 0.285443760065484553 -6.761988963562605742e-17 -4.671955385608717748e-17
1831 11.52754026604212001 2.820306426530423849 2.874298837838329029e-16 3.092943031764356115e-16 0.2853832622928694218 -1.241582950146163514e-16 -3.936255525601163883e-18
1832 11.53438217954278855 2.822258234921022346 2.863913803579154159e-16 3.096966092091776439e-16 0.2853241124759654523 -1.518130927863748802e-16 5.881090187375103444e-17
1833 11.54122285057357189 2.824209365866459542 2.853909069740722752e-16 3.105774926000389695e-16 0.2852769038364152965 -1.462802637521400163e-16 1.28794885332281009e-16
1834 11.54806227892966497 2.826159974154431875 2.84633489819809541e-16 3.119014321754498916e-16 0.2852523279359861497 -1.107628875588783317e-16 1.936097822721344156e-16
1835 11.5549004642727482 2.828110291462027526 2.842316597963249719e-16 3.135132945368449602e-16 0.2852616489024660806 -5.877335684368089436e-17 2.357577986026505559e-16
1836 11.56173740612980971 2.830060619628091967 2.841853170173493037e-16 3.15226068497406703e-16 0.2853151538702680678 -6.779524258678782021e-18 2.505631486052687724e-16
1837 11.56857310391735716 2.832011306219229585 2.843932465379305126e-16 3.167840355844225287e-16 0.2854195603315028418 3.042372496630886418e-17 2.279578293136904767e-16
1838 11.57540755699013069 2.83396260114635723 2.846733361092606471e-16 3.180073807416246467e-16 0.2855606047165561989 4.098947127462803828e-17 1.790294117055442758e-16
1839 11.58224076470470543 2.835914635306615583 2.848416503790618729e-16 3.187075643658899884e-16 0.2857208841711566527 2.463630143638102776e-17 1.024864668253551689e-16
1840 11.58907272648419173 2.837867384838105522 2.847913152808582949e-16 3.188112980030082428e-16 0.2858777479030843449 -7.36893507480862026e-18 1.518635036544456994e-17
1841 11.59590344187149746 2.839820682506708938 2.845391231415785972e-16 3.18350861299559278e-16 0.2860101944515376915 -3.692705108592238368e-17 -6.741911036028774553e-17
1842 11.60273291056351042 2.841774265899277729 2.842074626553024062e-16 3.174536743679832699e-16 0.2861042643898053517 -4.857201377435899006e-17 -1.313939338628199609e-16
1843 11.60956113242429133 2.843727839182667694 2.84007916638052004e-16 3.16289384762645135e-16 0.2861550346299814307 -2.92290532236825121e-17 -1.705425310468777281e-16
1844 11.61638810747967021 2.845681127691801482 2.840871628879128498e-16 3.150386491564587416e-16 0.286165576704514979 1.160993303706105762e-17 -1.832384076267100792e-16
1845 11.62321383589755897 2.847633914339633421 2.844763486527113194e-16 3.13857461271343864e-16 0.2861443008337241634 5.702788304412001255e-17 -1.730809568544911641e-16
1846 11.63003831795833243 2.849586056495538866 2.850969425838862325e-16 3.129249685429732248e-16 0.2861020985602116817 9.095302077554323447e-17 -1.366642924399335198e-16
1847 11.63686155401891931 2.851537488269514142 2.85784024155892401e-16 3.123236254795892227e-16 0.2860502058608609399 1.007157040982157979e-16 -8.814774329699531819e-17
1848 11.64368354447371701 2.853488215802767236 2.863743708742367169e-16 3.121472184432579566e-16 0.2859991781177049219 8.655164464173201192e-17 -2.58633081990646576e-17
1849 11.65050428971533591 2.855438312891174668 2.867539651293724502e-16 3.124624521044255563e-16 0.285958938176496702 5.56630594352355872e-17 4.622533081087960706e-17
1850 11.65732379009830311 2.857387921135735365 2.868886010610467299e-16 3.133283771836736811e-16 0.2859394394666480155 1.974638902067596028e-17 1.270009667178689817e-16
1851 11.66414204590868486 2.859337252101267879 2.867975603060138787e-16 3.147779831281878633e-16 0.2859509602771992953 -1.335493653274491475e-17 2.126453738162961258e-16
1852 11.67095905734184491 2.861286579680647701 2.865757375358987354e-16 3.167534924137935583e-16 0.286002666636015368 -3.254553233875340148e-17 2.898440106342939253e-16
1853 11.67777482448943083 2.863236218216775875 2.863646737381976839e-16 3.190903799053224966e-16 0.2861005209307671548 -3.097264510980165335e-17 3.429275305620317262e-16
1854 11.68458934733540566 2.865186393420368738 2.863318268792422739e-16 3.214907802909725591e-16 0.2862315440566343683 -4.821006409523022032e-18 3.523120935354584471e-16
1855 11.69140262576011757 2.867137224987065025 2.866311504153711355e-16 3.236027279043392107e-16 0.2863801951902744669 4.394040683214405235e-17 3.100318756743298276e-16
1856 11.69821465955107165 2.869088694892954816 2.873803010420702604e-16 3.251494974661168561e-16 0.2865262664354149558 1.099946924203246361e-16 2.271057863790351871e-16
1857 11.7050254484192866 2.871040656218327491 2.885677487803926752e-16 3.259699163708207676e-16 0.2866508300293544864 1.74379930269171468e-16 1.204807477219154482e-16
1858 11.71183499202037304 2.87299287473822007 2.900153771067930915e-16 3.260527913317283892e-16 0.2867410521071279139 2.126270523214900503e-16 1.217264012294069488e-17
1859 11.71864328997961735 2.874945083454031547 2.9140073432201298e-16 3.255469663176626593e-16 0.286792099268335654 2.035179439429376056e-16 -7.430896935937434842e-17
1860 11.72545034192000202 2.876897031773467006 2.924032498486984357e-16 3.246864958999394197e-16 0.2868063595027480761 1.47302992446439994e-16 -1.264318248130585354e-16
1861 11.7322561474914675 2.878848519209177059 2.927850647630837432e-16 3.236791398209168628e-16 0.2867911737170403264 5.611163332926728825e-17 -1.48041348853853429e-16
1862 11.73906070639897337 2.880799411918666841 2.924783598434010239e-16 3.227199168607688124e-16 0.2867563183330139598 -4.508170703341680191e-17 -1.409935273090906372e-16
1863 11.74586401842651995 2.882749646089451279 2.916556294050209283e-16 3.219260249427534121e-16 0.2867120738767396371 -1.209530392622533056e-16 -1.167133678909082502e-16
1864 11.7526660834543879 2.884699224676291696 2.906196034923878073e-16 3.214184508582765605e-16 0.2866682482995516201 -1.523384261461193583e-16 -7.463426950899424916e-17
1865 11.75946690146756168 2.886648213838181931 2.896910447888921334e-16 3.213046489581961364e-16 0.2866341327989859189 -1.365613641849644386e-16 -1.673662921183187949e-17
1866 11.76626647255443281 2.888596742685477281 2.89079798416453233e-16 3.216445974572876162e-16 0.2866189886431764755 -8.991132839701380754e-17 5.000474852379310685e-17
1867 11.77306479689616481 2.890545004138865615 2.888573129113063713e-16 3.224170295541937122e-16 0.2866322110447206417 -3.273252270876649759e-17 1.136417904450450323e-16
1868 11.77986187474825641 2.892493246881311819 2.88954097900064047e-16 3.235314008317933266e-16 0.2866820188494677568 1.424181667245974459e-17 1.639786463205296883e-16
1869 11.78665770641661581 2.894441756085465389 2.892872263002732373e-16 3.248225075285661451e-16 0.286773801586950261 4.902850730237042693e-17 1.900199264641217903e-16
1870 11.79345229223083891 2.896390737227990897 2.897362855573679261e-16 3.260688613370799386e-16 0.2868958509834294013 6.610286518177278711e-17 1.834670067955061393e-16
1871 11.80024563251737391 2.898340301101734795 2.902519134947122689e-16 3.270840762998838044e-16 0.2870342445495215333 7.591588942405562068e-17 1.494700757581233615e-16
1872 11.80703772757489389 2.900290435627554508 2.908526463742012682e-16 3.277779477129256853e-16 0.287170899545086622 8.846210305243601602e-17 1.021774012067805694e-16
1873 11.81382857765374439 2.902241012305807111 2.915651682435026408e-16 3.281223822145082407e-16 0.2872886708138301382 1.049430473765065162e-16 5.072967971231662381e-17
1874 11.82061818294074307 2.904191822031172432 2.924334247042450278e-16 3.281785023097050199e-16 0.2873756769322997617 1.279037032224941276e-16 8.267105775097020738e-18
1875 11.82740654355006882 2.90614262334681106 2.934515230900024202e-16 3.28053807966825678e-16 0.2874271375565576325 1.500045660330981957e-16 -1.837221338533419282e-17
1876 11.83419365952047642 2.908093186929550544 2.945749962796424937e-16 3.278269002117295868e-16 0.2874448242568123923 1.655606391972852728e-16 -3.343826387576545544e-17
1877 11.84097953081867338 2.910043326925053186 2.957052616768034722e-16 3.275612428970197553e-16 0.2874351280781466955 1.665921318184764615e-16 -3.915577571590744385e-17
1878 11.84776415734829058 2.911992917170802553 2.967808425849534749e-16 3.272862366496927234e-16 0.2874068357508113847 1.585611674450007594e-16 -4.054117296098728811e-17
1879 11.85454753896360991 2.913941895499434054 2.977291905797686445e-16 3.270028266891587896e-16 0.287369374226939811 1.398302720024513227e-16 -4.178771093134876104e-17
1880 11.86132967548694062 2.915890261683750762 2.984800006776858214e-16 3.267075549742484583e-16 0.2873318734915122352 1.107243976042053205e-16 -4.354467641511771821e-17
1881 11.8681105667282818 2.917838074542959959 2.989971862690319013e-16 3.263819969219341431e-16 0.2873030425389330178 7.628504619861459424e-17 -4.801992065650932698e-17
1882 11.87489021250577181 2.919785451368108298 2.992745853703749207e-16 3.260367220336148494e-16 0.2872915111689225975 4.092397834490035733e-17 -5.093751920682762307e-17
1883 11.88166861266533481 2.921732567820002568 2.993099555278963841e-16 3.257087087217924611e-16 0.2873058997327895825 5.219027819578095419e-18 -4.839985794674473344e-17
1884 11.88844576709796286 2.923679649834250327 2.990784332277438146e-16 3.255273726768312736e-16 0.2873536396814245775 -3.416845059912388711e-17 -2.676187861822820299e-17
1885 11.89522167575325717 2.925626956886799857 2.986204858317702254e-16 3.25606796468377322e-16 0.2874396974089838408 -6.759707502497956458e-17 1.17236521991630169e-17
1886 11.90199633864812867 2.927574677570747852 2.979864809020587268e-16 3.259617522025765178e-16 0.2875536262044802727 -9.360193074528051134e-17 5.240423298486176969e-17
1887 11.90876975587001141 2.92952291567225398 2.973264573179798997e-16 3.265173579183120935e-16 0.2876829156956433597 -9.746114140200817325e-17 8.204247322562502273e-17
1888 11.91554192757438635 2.93147166510530699 2.967489186588244796e-16 3.271386868642469055e-16 0.287811344738485464 -8.529684489480993591e-17 9.176424450539344311e-17
1889 11.92231285397697071 2.933420814151370681 2.963556465314972167e-16 3.277155947946164471e-16 0.2879233070435299746 -5.809315182786600245e-17 8.521936252494057581e-17
1890 11.92908253534135277 2.935370176172397372 2.962113908007966482e-16 3.282026654806967824e-16 0.2880077231882673394 -2.131300605417908167e-17 7.196206646924960288e-17
1891 11.93585097196328348 2.937319532365392671 2.962787753424802918e-16 3.286234645322562371e-16 0.288059824269588538 9.957533315681306924e-18 6.218222266438416748e-17
1892 11.94261816415309418 2.939268672145291195 2.964447881328181704e-16 3.290683323190801207e-16 0.2880808071920403224 2.453651561470964138e-17 6.575099048495673082e-17
1893 11.94938411221779617 2.94121742241849482 2.965758612615793293e-16 3.296544707445648627e-16 0.288076197851885929 1.937603247233726683e-17 8.664657106164798482e-17
1894 11.95614881644443805 2.943165663530910692 2.965616044687505354e-16 3.304656869194499072e-16 0.2880538847850198092 -2.107913919244713068e-18 1.199409914342153424e-16
1895 11.9629122770860814 2.945113334370200953 2.963715034966716157e-16 3.31427077214195425e-16 0.2880225172972463721 -2.811222482479002002e-17 1.421708674853089866e-16
1896 11.96967449435147834 2.947060431358625276 2.960388955832360037e-16 3.323693222478734369e-16 0.2879906023443191132 -4.919526551799383363e-17 1.393652788834531738e-16
1897 11.97643546839915274 2.949007006148549159 2.95714675028465132e-16 3.330712682043118536e-16 0.2879663122766716321 -4.796352958280247913e-17 1.038422923893856365e-16
1898 11.98319519933619937 2.950953164823800101 2.955510455406037648e-16 3.33365864295846719e-16 0.2879577071431982938 -2.421096118459956302e-17 4.358905372440299903e-17
1899 11.98995368722165544 2.952899067116519394 2.95711667001129957e-16 3.331977518783459843e-16 0.2879727367071954203 2.377025903854494922e-17 -2.48788405889019554e-17
1900 11.99671093207396133 2.954844918521472685 2.962400874029016175e-16 3.326748587208355193e-16 0.2880181889115701055 7.821495861131848698e-17 -7.739683504970830816e-17
1901 12.00346693388171815 2.956790955930694409 2.9714158298673299e-16 3.320867798547333118e-16 0.2880987294402589383 1.334608117331544819e-16 -8.70614168729979893e-17
1902 12.01022169261669248 2.958737354082817017 2.983194693207081577e-16 3.317942098629081969e-16 0.2882051746668977121 1.744108399665604374e-16 -4.332113935902593529e-17
1903 12.01697520824795085 2.960684211542647493 2.996223848910325625e-16 3.320642081644068046e-16 0.288326257202104419 1.929595656554518681e-16 3.998628627326327445e-17
1904 12.0237274807559178 2.962631528465302644 3.008767924449418532e-16 3.329745626423752254e-16 0.2884474071070503576 1.858098197427909047e-16 1.348467656513995287e-16
1905 12.03047851014524561 2.964579208750752759 3.01983133336509392e-16 3.343747892668894958e-16 0.2885543624524337103 1.639075432483236939e-16 2.0744754872961869e-16
1906 12.03722829645551506 2.966527086192187301 3.028989109116672708e-16 3.359537006593863388e-16 0.2886367251360408837 1.357000366778458211e-16 2.33963289432979954e-16
1907 12.04397683976896971 2.968474962350347468 3.036659100272745787e-16 3.373326932264104942e-16 0.2886897024685610713 1.136749610855420505e-16 2.043769323900790762e-16
1908 12.05072414021475602 2.970422643304700294 3.04311419849380716e-16 3.38202173921861736e-16 0.2887139460078818609 9.568696942412477085e-17 1.288872297079148976e-16
1909 12.05747019796944386 2.972369967104690591 3.0486106946064953e-16 3.384274706344679783e-16 0.2887141779085448112 8.149216666280210933e-17 3.340294776140402192e-17
1910 12.06421501325387702 2.974316819478542318 3.052917552894586611e-16 3.380814699464239641e-16 0.2886974535332123004 6.386611728758687471e-17 -5.130821365844654442e-17
1911 12.07095858632674457 2.976263139649511835 3.055859279414660823e-16 3.373957475252319097e-16 0.2886716964848556333 4.363070361241353937e-17 -1.017040554764508014e-16
1912 12.07770091747548413 2.978208920271394611 3.057149334436521694e-16 3.366842304626961164e-16 0.2886448271090990003 1.913718867165473742e-17 -1.055492675747264694e-16
1913 12.08444200700537685 2.980154205685473734 3.057365336488034904e-16 3.362066973972893214e-16 0.2886245134736640794 3.20485038216410651e-18 -7.085219869181416796e-17
1914 12.0911818552277861 2.982099091018607151 3.057119273033620619e-16 3.3612320759695642e-16 0.2886182959486926491 -3.651547661879866158e-18 -1.238977100123037845e-17
1915 12.09792046244858099 2.984043720974314695 3.057426223717690677e-16 3.364629539894715558e-16 0.288633541470015742 4.555944576488347417e-18 5.042717982692946694e-17
1916 12.10465782895769671 2.98598828236184799 3.058717466789691097e-16 3.371403042167663709e-16 0.2886765136744240401 1.916892676780895881e-17 1.005548620915908721e-16
1917 12.11139395502067906 2.98793299188825312 3.060584525539271429e-16 3.380446567189709217e-16 0.2887516684156257174 2.772220332400819132e-17 1.342788166056558693e-16
1918 12.11812884087285624 2.989878012853141698 3.062603752068474175e-16 3.390887329843825214e-16 0.288851093455886665 2.998712103490035607e-17 1.550536350813924607e-16
1919 12.12486248671652511 2.99182344002854439 3.064331494172661384e-16 3.401817213566768945e-16 0.288964624835648054 2.56630705719312031e-17 1.623473646009677731e-16
1920 12.13159489272127267 2.993769280067978045 3.065580986118993898e-16 3.412122163863177007e-16 0.2890791804828872213 1.856278525191360035e-17 1.53093087110586826e-16
1921 12.13832605902727657 2.99571545169188802 3.066848395310741107e-16 3.420404571041993442e-16 0.2891816959898518835 1.883243672242641958e-17 1.230683114183357724e-16
1922 12.14505598575119372 2.997661807701108128 3.068497630810242485e-16 3.425353654403991889e-16 0.2892623685684570511 2.451050910794976248e-17 7.35519899110474711e-17
1923 12.15178467299403309 2.999608168450331291 3.06986476359941107e-16 3.426085833219381572e-16 0.2893163634734892686 2.032171513454100611e-17 1.088345582212328491e-17
1924 12.15851212085026667 3.001554355314874023 3.070138466857030447e-16 3.422718769874405312e-16 0.2893438175639128085 4.069205628818609509e-18 -5.00588602237738824e-17
1925 12.16523832941739158 3.00350021647471932 3.068362195104773573e-16 3.416563561931097471e-16 0.2893487014828175496 -2.641308309154885254e-17 -9.152767229776934917e-17
1926 12.17196329880510142 3.005445642376385784 3.063994898124292414e-16 3.409727059357584936e-16 0.2893372880525982294 -6.495348208174689907e-17 -1.016772272174511394e-16
1927 12.17868702914335266 3.00739057216686323 3.057463965290543648e-16 3.404749453663668597e-16 0.2893168115263475282 -9.715048188394136654e-17 -7.404406140778300281e-17
1928 12.18540952058868676 3.009334994473908953 3.050019407813411595e-16 3.403528572414482517e-16 0.2892946274089076564 -1.107614572085028626e-16 -1.816448951516319199e-17
1929 12.1921307733283637 3.011278946206291884 3.043294009302152308e-16 3.406893370590939956e-16 0.2892779180216623613 -1.000801227105629686e-16 5.007129522992239207e-17
1930 12.1988507875820531 3.013222511662895453 3.038843350861959499e-16 3.414049762226961705e-16 0.2892737384175437243 -6.624210165085048261e-17 1.065133234951480541e-16
1931 12.20556956360104373 3.015165821119361933 3.037276779037519103e-16 3.423295578060423984e-16 0.2892889385852610018 -2.332062445339871084e-17 1.37636969753687015e-16
1932 12.21228710166513309 3.017109043937557633 3.03866411852787058e-16 3.432424297117140742e-16 0.2893293478364343252 2.065630488756256961e-17 1.359188615186324367e-16
1933 12.21900340207754176 3.019052378277257809 3.042522368991435369e-16 3.439907580055872712e-16 0.2893992679313019956 5.74566525605389234e-17 1.114402478230184713e-16
1934 12.22571846515835681 3.020995977658992082 3.048205293123870691e-16 3.44521426130349241e-16 0.2894920659159749832 8.464509008407955769e-17 7.904108902114865055e-17
1935 12.23243229123709419 3.022939933876898522 3.054783648212741789e-16 3.448770471409882032e-16 0.2895985587329852895 9.800026024364873038e-17 5.297821586080960598e-17
1936 12.23914488064503736 3.024884259985324952 3.061613521309588702e-16 3.451229727852473528e-16 0.2897070218462337032 1.017659633278554951e-16 3.664322856395045912e-17
1937 12.2458562337079897 3.026828888654673921 3.06853357774625046e-16 3.452782218667034379e-16 0.2898054773206840684 1.031286995981629312e-16 2.313656836605256594e-17
1938 12.2525663507400342 3.028773690426429077 3.075481505387300982e-16 3.453362268716911187e-16 0.2898846596262570352 1.035631326845266734e-16 8.646002575519412058e-18
1939 12.2592752320387639 3.03071850318311542 3.08231562329156094e-16 3.452740815491808157e-16 0.2899396900255871712 1.018854910297669842e-16 -9.264848496717856776e-18
1940 12.26598287788233499 3.032663162604415596 3.088755383023559159e-16 3.451250874098649958e-16 0.28997022757798252 9.602393995481445254e-17 -2.221667404172214471e-17
1941 12.27268928852850216 3.034607526390012744 3.094508634872053582e-16 3.449586708338533714e-16 0.2899795436129588566 8.580314844757474874e-17 -2.481912238797626613e-17
1942 12.27939446421562764 3.036551489441571494 3.098852539423681782e-16 3.449183279300105912e-16 0.289973176388835685 6.479628302377609659e-17 -6.017789259244277216e-18
1943 12.28609840516550378 3.03849499080737484 3.100992882788360906e-16 3.451357650135308842e-16 0.2899577041563108359 3.193252441436469881e-17 3.244019203965839987e-17
1944 12.29280111158766431 3.040438015201293975 3.100756016284309285e-16 3.456798946686391223e-16 0.2899399364451351047 -3.534544360101524076e-18 8.1195541401200607e-17
1945 12.29950258368475424 3.042380592309267495 3.098435605334913675e-16 3.46504607133158201e-16 0.2899265840396929028 -3.463176917740583411e-17 1.230870407519579278e-16
1946 12.30620282165847357 3.044322795981730501 3.094516606053199184e-16 3.474839217729113527e-16 0.2899242418592237747 -5.850122269395707378e-17 1.461880947387959889e-16
1947 12.3129018257155618 3.046264742768969747 3.089992796866159073e-16 3.484333931508698593e-16 0.2899392907653541851 -6.754201690113105765e-17 1.417593209743050293e-16
1948 12.319599596073326 3.048206585707039729 3.085892137676309868e-16 3.491130503755026326e-16 0.2899771881630798243 -6.123552004001753631e-17 1.014938371429762446e-16
1949 12.32629613296428417 3.050148505657064746 3.082806246151704658e-16 3.493439139616625315e-16 0.2900421017786609101 -4.609038923802569734e-17 3.448142121054675939e-17
1950 12.33299143663956521 3.0520906475466556 3.081006627144069668e-16 3.490380585310738446e-16 0.2901286776834471892 -2.688377640262098389e-17 -4.569049878106481771e-17
1951 12.33968550737086289 3.054033100539116585 3.080358243405437237e-16 3.482544868989811935e-16 0.290228594992728961 -9.687724861797861613e-18 -1.170761376162167897e-16
1952 12.34637834545082491 3.055975883627421563 3.081146644610544594e-16 3.471810556392884013e-16 0.290331373883340238 1.178194346183326391e-17 -1.604146002052211168e-16
1953 12.3530699511919444 3.057918942335512202 3.083744273144514459e-16 3.461036447212876303e-16 0.2904260338628840699 3.882635915366796126e-17 -1.610389734765196115e-16
1954 12.35976032492410148 3.059862163575062244 3.08855330815488862e-16 3.453432021959917643e-16 0.2905038075304261502 7.189315105388808964e-17 -1.136831177584660711e-16
1955 12.36644946699101411 3.061805401474434252 3.095699132349360849e-16 3.45159588445584145e-16 0.2905597832528910018 1.068468832241300559e-16 -2.74545754474664065e-17
1956 12.37313737774596056 3.063748505069813444 3.104879283070575803e-16 3.456611785035369909e-16 0.2905931872247971559 1.372901199722970652e-16 7.501332094049239961e-17
1957 12.37982405754714854 3.06569134106052088 3.115399842471702008e-16 3.467544653182234804e-16 0.2906066489848643797 1.573650337769639935e-16 1.635322894547165626e-16
1958 12.38650950675312501 3.067633808678141616 3.126042676027240985e-16 3.48183385293844723e-16 0.2906050247084293603 1.592232931102092036e-16 2.137751595212704694e-16
1959 12.39319372571860711 3.069575847038155558 3.135694319912428837e-16 3.496236241872650946e-16 0.2905942743520302241 1.444210633975504505e-16 2.155081921883764298e-16
1960 12.39987671479106623 3.071517437288059593 3.143680147491382197e-16 3.508097288008677967e-16 0.2905806838601347475 1.195168362220589364e-16 1.775138136212597766e-16
1961 12.40655847430829084 3.073458602363691838 3.149512233061696443e-16 3.516154955414274394e-16 0.290570507386693988 8.729973996348491658e-17 1.206141886534288675e-16
1962 12.41323900459710217 3.075399406294756943 3.153591140739802656e-16 3.520617138112747044e-16 0.2905698997191044075 6.10678789351060257e-17 6.680612907208411935e-17
1963 12.4199183059732654 3.077339952777597976 3.156784563134926196e-16 3.523229795287609514e-16 0.2905848064082030002 4.781952077272884137e-17 3.912292161416639492e-17
1964 12.42659637874254486 3.079280379670194634 3.160085046985437613e-16 3.525452670713158201e-16 0.2906203527961166988 4.943179177185749113e-17 3.329230505202120927e-17
1965 12.43327322320277339 3.08122085161392123 3.16441545297535593e-16 3.528702102207725008e-16 0.2906805626153731725 6.486900537634817175e-17 4.867612634517009404e-17
1966 12.43994883964670528 3.08316150591373761 3.170058941346001095e-16 3.533389285230867088e-16 0.290761353827915181 8.455438555523596422e-17 7.022640155833813387e-17
1967 12.44662322836538237 3.085102429246740385 3.176968471306172527e-16 3.53919599438973132e-16 0.29085515091270292 1.035420794386723386e-16 8.701586713859199114e-17
1968 12.45329638965172059 3.087043645956312865 3.184934930087181422e-16 3.545041592671629433e-16 0.2909526181263950573 1.194025390416545616e-16 8.76147478149355497e-17
1969 12.45996832380400043 3.088985113287068263 3.193606051738717141e-16 3.549730580006095224e-16 0.2910436983928200716 1.299880391855586292e-16 7.029220599911462346e-17
1970 12.46663903112897032 3.090926733173642749 3.202235820840458234e-16 3.55200426106040335e-16 0.2911200947005690987 1.293919173116542998e-16 3.409082531684004357e-17
1971 12.47330851194434054 3.092868374747090865 3.209686617720472044e-16 3.551332498631422676e-16 0.2911768790183243971 1.11735338354390958e-16 -1.007403684527330212e-17
1972 12.47997676658047261 3.094809899472801273 3.214666596949157711e-16 3.547782446889787581e-16 0.2912128901423237659 7.469563095590556329e-17 -5.324788369398891727e-17
1973 12.48664379538116087 3.096751182519583701 3.216186200199556071e-16 3.542195927776284426e-16 0.2912301718051640842 2.279700100522735058e-17 -8.380864005973286664e-17
1974 12.49330959870349389 3.098692127291788001 3.213665101513731593e-16 3.536089339680695391e-16 0.2912329497941989476 -3.782833069284427643e-17 -9.16275254054136879e-17
1975 12.49997417691683133 3.100632673106626935 3.207474446488139182e-16 3.531217268280016312e-16 0.2912266052581277687 -9.290599756220217131e-17 -7.311740870765529364e-17
1976 12.50663753040103288 3.102572797886811173 3.199290642052904552e-16 3.529368892731710142e-16 0.2912169275796087642 -1.228406753979654537e-16 -2.774451693462211551e-17
1977 12.51329965954410461 3.104512518325134529 3.191421055778278046e-16 3.531366591475822136e-16 0.2912097352270188733 -1.18145898249182884e-16 2.999140035040182259e-17
1978 12.5199605647395007 3.106451889326157012 3.186565073918669632e-16 3.537147874557637458e-16 0.2912107672339923625 -7.291612601536606081e-17 8.681020191417048166e-17
1979 12.52662024638329186 3.108391002673328796 3.18667411259819279e-16 3.545584111377720395e-16 0.2912255667909992574 1.63759644543871343e-18 1.266995481772622819e-16
1980 12.53327870487146178 3.110329982224022238 3.191733923803763909e-16 3.554691756853281242e-16 0.2912589594953799432 7.600468743729659866e-17 1.368082166578648269e-16
1981 12.5399359405975428 3.11226897742155062 3.199892380685976662e-16 3.562469344692858686e-16 0.2913147998109124059 1.225727240808794636e-16 1.168505444153043987e-16
1982 12.54659195395074889 3.114208118874914 3.20842108461427944e-16 3.567608683732739471e-16 0.2913902701511646431 1.281588476898968713e-16 7.722765085713553835e-17
1983 12.55324674531477491 3.11614749091013099 3.214356358812488431e-16 3.570203742294478294e-16 0.2914784254698559729 8.920435824641974903e-17 3.900250028577471008e-17
1984 12.55990031506729032 3.118087122673859568 3.216117172285620839e-16 3.571248751572514666e-16 0.2915709782754327684 2.646905028689055525e-17 1.570887748911156772e-17
1985 12.56655266358016654 3.120026982075451372 3.213615230492001616e-16 3.572102290577336517e-16 0.2916587241332469493 -3.761680618625253586e-17 1.283299691410798275e-17
1986 12.57320379122037934 3.121966984798875355 3.208230119975486096e-16 3.574076478286927044e-16 0.291733806981072652 -8.098023642071555767e-17 2.968744781953674897e-17
1987 12.57985369835147083 3.123907013766212604 3.202557507059655549e-16 3.577387482909737211e-16 0.2917912923278586645 -8.531929581740554391e-17 4.979937588866389386e-17
1988 12.58650238533544474 3.125846941915164656 3.199108354095450801e-16 3.581473579845667788e-16 0.2918296684649159256 -5.188672408162779556e-17 6.146847834401300009e-17
1989 12.59314985253491237 3.127786652270671208 3.200220544752626398e-16 3.585372895668862729e-16 0.2918504424754622129 1.673411365219152916e-17 5.866943201701944577e-17
1990 12.59979610031529695 3.129726052144596871 3.206582672002926955e-16 3.588243426304545571e-16 0.2918572593518011238 9.574265977245520971e-17 4.319816740629074613e-17
1991 12.60644112904692093 3.131665081095361014 3.217330507867794926e-16 3.590361639991102565e-16 0.291854964739237166 1.617721724128137784e-16 3.188251421190308502e-17
1992 12.6130849391068125 3.133603714113272876 3.230184691157401737e-16 3.592849235982949418e-16 0.2918488873140724915 1.935115648883020064e-16 3.744917762152835853e-17
1993 12.61972753088008758 3.135541962166469521 3.242654474847105669e-16 3.597104680948313421e-16 0.291844441828682688 1.877590979464371756e-16 6.407476889251364204e-17
1994 12.62636890476081497 3.137479871789690566 3.252391435457944227e-16 3.603906696734242094e-16 0.2918469850651854158 1.466375193105395183e-16 1.024375840700684648e-16
1995 12.63300906115231648 3.13941752386495132 3.258189288357194332e-16 3.612974419304898969e-16 0.2918616940816318728 8.733101214692794321e-17 1.365839050634516618e-16
1996 12.63964800046690407 3.141355029461713411 3.260282577159768657e-16 3.623005673804805093e-16 0.2918931230687109579 3.15362498611293211e-17 1.511249417378864846e-16
1997 12.64628572312508936 3.143292523802474481 3.259425566512861571e-16 3.632074159433114999e-16 0.2919449203295366169 -1.291358120481206816e-17 1.36645473412144865e-16
1998 12.6529222295543633 3.145230131671667984 3.256573742076546269e-16 3.638518741010545844e-16 0.2920155237018613459 -4.297964616663833163e-17 9.712583718788838842e-17
1999 12.65955752018765068 3.147167935142144657 3.252444818117612291e-16 3.641603610560260246e-16 0.2920985051359332729 -6.223812345263231866e-17 4.650037001891471387e-17
2000 12.6661915954615889 3.149105967620962954 3.247362109320262117e-16 3.642044446800904465e-16 0.2921865342589814452 -7.662921464819955925e-17 6.646246372925734558e-18
2001 12.67282445581476402 3.151044206677913184 3.241221944555297596e-16 3.64080327617166041e-16 0.2922711939939442449 -9.258885175906081832e-17 -1.871587616907094651e-17
2002 12.67945610168606585 3.152982580555551806 3.234376901398891063e-16 3.639140276438222068e-16 0.2923450430010726686 -1.032367624733868587e-16 -2.508131863472450978e-17
2003 12.68608653351326687 3.154920984844527432 3.227415767287791649e-16 3.638004398653934932e-16 0.292403149969160836 -1.050068632750904283e-16 -1.713441535362616689e-17
2004 12.69271575173194933 3.156859303072001577 3.221182205298547674e-16 3.638043993894998174e-16 0.2924436862873214804 -9.404884198043158666e-17 5.973930437106702298e-19
2005 12.69934375677484084 3.158797425552503313 3.216834603749098441e-16 3.639384192102339674e-16 0.2924676666646165435 -6.560642547346933357e-17 2.022393561359597296e-17
2006 12.70597054907159063 3.160735263257128835 3.215628123392110959e-16 3.641776437767604432e-16 0.292478199830597585 -1.820943013444562142e-17 3.610620765913848961e-17
2007 12.71259612904899683 3.162672756015516562 3.218037662061609142e-16 3.645142850843250383e-16 0.2924796349203944712 3.637386448700171378e-17 5.081862954551174795e-17
2008 12.71922049713163361 3.164609876147133072 3.223557829614929442e-16 3.649408539808112482e-16 0.2924768724851234958 8.33464747610563068e-17 6.440567867085514771e-17
2009 12.72584365374281035 3.166546629364080268 3.230864214494508025e-16 3.654552609446255751e-16 0.2924749529466761921 1.103359248440241324e-16 7.768214929013298267e-17
2010 12.7324655993057867 3.168483054514668495 3.238082792783772044e-16 3.660814289335935348e-16 0.292478881624922471 1.090298638356627445e-16 9.457680978118007542e-17
2011 12.73908633424511017 3.170419222489309519 3.243359932210988307e-16 3.668386128618810798e-16 0.2924935021548753511 7.972082033389118807e-17 1.143864488313527791e-16
2012 12.74570585898797503 3.17235523264913688 3.245682698672540194e-16 3.677422929714971512e-16 0.2925231220338784799 3.509603984461179747e-17 1.365423242450222696e-16
2013 12.75232417396549423 3.174291206812842603 3.244820882950522977e-16 3.687438728484853647e-16 0.2925711431261584505 -1.302405867194282627e-17 1.513622314988425742e-16
2014 12.75894127961378111 3.176227264699546193 3.241711305266566981e-16 3.697412521634932274e-16 0.2926372579032645027 -4.700160531974414066e-17 1.507549695894257325e-16
2015 12.76555717637475773 3.178163486217693734 3.237543203058311141e-16 3.706024922170284856e-16 0.292715457467498219 -6.301282850260680653e-17 1.302011541019743678e-16
2016 12.77217186469665045 3.180099908594554492 3.233517307922688855e-16 3.711980367483422733e-16 0.2927992944784744145 -6.087407734182490488e-17 9.005009479485902563e-17
2017 12.77878534503412844 3.182036518255371149 3.230910524271673795e-16 3.714498353469050158e-16 0.2928810887419964759 -3.942341346691779102e-17 3.808049148100345018e-17
2018 12.78539761784810658 3.183973255059861174 3.230688597208206465e-16 3.713237240981534629e-16 0.2929537952941960732 -3.35690298085754548e-18 -1.9075781936604886e-17
2019 12.79200868360523557 3.18591002638319809 3.233500561233247732e-16 3.708065942964734588e-16 0.2930124943616013167 4.254196575013546526e-17 -7.823613003414049176e-17
2020 12.79861854277713462 3.187846725630899769 3.239277343752485737e-16 3.6993953896670767e-16 0.2930550642380985171 8.741240408256495862e-17 -1.31200007261868768e-16
2021 12.80522719583944102 3.189783249909635909 3.247748451350806614e-16 3.688545525237841928e-16 0.2930820560986699963 1.282054482667982386e-16 -1.642065947857581791e-16
2022 12.81183464327076393 3.191719513558407773 3.258122288252502366e-16 3.677267683115868065e-16 0.2930960698159911226 1.570308272185923694e-16 -1.707149335811096787e-16
2023 12.81844088555162209 3.193655456568852191 3.269590296153557801e-16 3.667459617497576628e-16 0.2931009820406852984 1.736251718007892955e-16 -1.484937133547409426e-16
2024 12.82504592316345793 3.195591048649772503 3.28155352820080352e-16 3.660939241661380137e-16 0.2931012877741725475 1.81155872332441529e-16 -9.873622511681490975e-17
2025 12.83164975658779916 3.197526290503162727 3.29278930081900223e-16 3.658597964237420095e-16 0.2931016785879450026 1.701711757037987711e-16 -3.545977169729500978e-17
2026 12.83825238630562815 3.19946121376594661 3.302572087403418536e-16 3.660270096628818695e-16 0.2931068406673542071 1.481920096694674592e-16 2.532986459190803851e-17
2027 12.844853812797 3.201395880075797784 3.310625553497127707e-16 3.664740488385614969e-16 0.293121322081547675 1.220180770558132401e-16 6.773091231817806454e-17
2028 12.85145403654091822 3.203255464048111456 3.316615136075745389e-16 3.670192310632973179e-16 0.2931309450248525961 9.441531158122249928e-17 8.593845888482072029e-17
2029 12.85779790437157644 3.205115087366691817 3.321003976304959249e-16 3.675395501356130632e-16 0.2931727796006760589 6.919081280418486151e-17 8.202918687129602414e-17
2030 12.86414100116628312 3.206974854699597088 3.32395304138749318e-16 3.679613552206139453e-16 0.2932311088417876022 4.649816183442010942e-17 6.650636915785255903e-17
2031 12.87048332732755185 3.208834838193615813 3.325827075249941488e-16 3.682694122616712404e-16 0.2933008142167078391 2.955164169430870502e-17 4.857751762735976477e-17
2032 12.87682488317691565 3.210695079821048292 3.326647488738861173e-16 3.6849263947940625e-16 0.2933771454280945656 1.293867226174074668e-17 3.520497711436667891e-17
2033 12.88316566894166293 3.212555582816250865 3.326457230022757972e-16 3.686724379211086814e-16 0.2934539872519477677 -3.000918514716201896e-18 2.835930377715718596e-17
2034 12.88950568501241278 3.214416311673834237 3.325592677141763352e-16 3.688715402701053679e-16 0.2935252252493381619 -1.363810090329258267e-17 3.140788707540689582e-17
2035 12.89584493185568803 3.216277200225225119 3.324324665316807424e-16 3.691409538064049301e-16 0.2935860189623784033 -2.000498866027142922e-17 4.250445171348890177e-17
2036 12.9021834099547732 3.218138164245601729 3.323082311199890106e-16 3.69516049249322584e-16 0.2936335724953777482 -1.96025755286244616e-17 5.918470949715348155e-17
2037 12.9085211185640496 3.219999116093137381 3.32205068854530853e-16 3.700288284412403185e-16 0.2936672954393305668 -1.627950961149431654e-17 8.091906227851419851e-17
2038 12.91485805793876551 3.221859976498960609 3.321273908809810857e-16 3.707073475738600577e-16 0.2936884919308462294 -1.225945097046933346e-17 1.07086625187861453e-16
2039 12.92119422859900801 3.223720683045186775 3.32046233404013426e-16 3.715008405738657584e-16 0.2936998175279764145 -1.281015333921535348e-17 1.252474495691279991e-16
2040 12.92752963105818331 3.225581195146598024 3.319386693028688455e-16 3.723501626881307497e-16 0.293704722351507741 -1.698031656859121316e-17 1.340759436974130944e-16
2041 12.93386426567527536 3.227441496427461587 3.318499281898485292e-16 3.731445163761958641e-16 0.2937070198594790016 -1.401057350888515747e-17 1.254136933818079744e-16
2042 12.94019813294801935 3.229301595351071974 3.318335646941418729e-16 3.738137693184364699e-16 0.2937106272481267988 -2.583804832620518437e-18 1.056754019681904195e-16
2043 12.94653123345935697 3.231161525001298163 3.319651965398509904e-16 3.743199383174339873e-16 0.2937194323191469336 2.078725450293616975e-17 7.993402923870402802e-17
2044 12.95286356780829884 3.233021341703032903 3.323059194211195351e-16 3.746790477154956777e-16 0.2937371564217000075 5.38133517019581034e-17 5.671729549076649796e-17
2045 12.95919513554181535 3.234881122362985639 3.328679231261519859e-16 3.749357732180126234e-16 0.2937670329690213467 8.877292064601035132e-17 4.055181924722228867e-17
2046 12.9655259366570963 3.236740960421482516 3.336124313268456205e-16 3.751731520419780053e-16 0.2938116488160352757 1.176151767641752062e-16 3.750039598589809137e-17
2047 12.97185597178671657 3.238600947229102633 3.344623206492822153e-16 3.754313879237687964e-16 0.2938706783978423109 1.342792060267786227e-16 4.080026452747798175e-17
2048 12.97818524157899667 3.240461144911155333 3.352981048858174044e-16 3.757469369388722444e-16 0.2939395145796061537 1.320666159036082303e-16 4.986154171702212753e-17
2049 12.98451374655973467 3.242321585690346009 3.359803147060398397e-16 3.761020391828680606e-16 0.2940134310082532787 1.078125421430305859e-16 5.611832974406681714e-17
2050 12.99084148734630695 3.244182265451607261 3.363985334216755205e-16 3.764348238251785965e-16 0.2940866826593693251 6.610087198668926402e-17 5.259772989133413544e-17
2051 12.99716846463217301 3.246043145305523403 3.365084633299465561e-16 3.766685896367181369e-16 0.2941537716864814356 1.737688603110201163e-17 3.695192626809823147e-17
2052 13.00349467912620227 3.247904159756812792 3.363291106695152697e-16 3.767336828383079668e-16 0.2942105418825873842 -2.835412878014868936e-17 1.02906810311700748e-17
2053 13.00982013041486596 3.249765229462540539 3.359530354959043543e-16 3.765883398045658489e-16 0.2942547806066402871 -5.946145776373169948e-17 -2.298026902209427973e-17
2054 13.01614481850282523 3.251626274000744665 3.354936701055829031e-16 3.762564809026161929e-16 0.2942862784983417135 -7.263927778918069467e-17 -5.247672435371013796e-17
2055 13.02246874412960054 3.253487222224947129 3.350525193486377785e-16 3.758016227736868764e-16 0.2943064971422820197 -6.976740798032283204e-17 -7.193521070649457344e-17
2056 13.02879190804977227 3.25534801959341058 3.347154783132577792e-16 3.753590202645273749e-16 0.2943180627163229923 -5.330900949782323037e-17 -7.000542630645282182e-17
2057 13.03511431093354211 3.257208632449657859 3.345021632671460468e-16 3.750742240083503466e-16 0.2943242723819203821 -3.374361061955298719e-17 -4.505098983646601008e-17
2058 13.04143595352587681 3.259069049909276927 3.344329202481343832e-16 3.750763806162705478e-16 0.2943287243970409972 -1.095464319243475161e-17 3.411877559464184553e-19
2059 13.04775683662497165 3.260929284349110446 3.345376767879555425e-16 3.754479036014484194e-16 0.2943350979456956229 1.657507556492386816e-17 5.878412521014208039e-17
2060 13.05407696104376214 3.262789370692678936 3.34870616557319347e-16 3.761694842131422107e-16 0.2943470257869995055 5.268563538315651724e-17 1.141856170558949642e-16
