time=0.0000, cycle=4

Searching for horizon 0
center = (0.000000, 0.000000, 0.000000)
r_mean = 0.500000
 iter      area            mass         meanradius       minradius        hmean            Sx              Sy              Sz             S
  0   5.0265461e+01   9.9999979e-01   5.0000000e-01   5.0000000e-01  -2.2790438e-02   1.5868757e-19  -1.9907450e-19   2.8062428e-20   2.5612478e-19
  1   5.0265461e+01   9.9999979e-01   5.0005825e-01   5.0005824e-01  -1.9862575e-02   1.8494587e-19  -1.9366293e-19  -3.2817051e-20   2.6979115e-19
  2   5.0265462e+01   9.9999980e-01   5.0010902e-01   5.0010901e-01  -1.7310832e-02   1.8309125e-19  -2.0047206e-19   1.7869246e-20   2.7208595e-19
  3   5.0265463e+01   9.9999981e-01   5.0015328e-01   5.0015326e-01  -1.5086896e-02   1.9330285e-19  -1.9659458e-19  -4.4883038e-21   2.7574547e-19
  4   5.0265465e+01   9.9999982e-01   5.0019185e-01   5.0019183e-01  -1.3148659e-02   1.9675532e-19  -2.0144567e-19   2.0358845e-20   2.8232516e-19
  5   5.0265466e+01   9.9999984e-01   5.0022547e-01   5.0022544e-01  -1.1459423e-02   1.7774723e-19  -1.9540501e-19  -1.3092833e-20   2.6447801e-19
  6   5.0265468e+01   9.9999985e-01   5.0025477e-01   5.0025474e-01  -9.9871994e-03   1.9083221e-19  -2.1677322e-19   1.2745501e-20   2.8908478e-19
  7   5.0265469e+01   9.9999987e-01   5.0028031e-01   5.0028028e-01  -8.7041118e-03   1.9308209e-19  -1.8602915e-19   7.9812192e-20   2.7974546e-19
  8   5.0265470e+01   9.9999988e-01   5.0030257e-01   5.0030254e-01  -7.5858628e-03   2.0126073e-19  -1.8561611e-19   1.4261226e-20   2.7415799e-19
  9   5.0265472e+01   9.9999989e-01   5.0032197e-01   5.0032194e-01  -6.6112765e-03   1.9651693e-19  -1.9710714e-19   4.9110178e-20   2.8263393e-19
 10   5.0265473e+01   9.9999990e-01   5.0033888e-01   5.0033884e-01  -5.7618971e-03   2.0787184e-19  -2.0564913e-19  -9.7749567e-21   2.9257105e-19
 11   5.0265474e+01   9.9999991e-01   5.0035361e-01   5.0035358e-01  -5.0216395e-03   1.9352954e-19  -1.9637658e-19   1.6724431e-20   2.7621939e-19
Found horizon 0 (hmean)
 mass_irr = 1.000000
 meanradius = 0.500354
 minradius = 0.500354
 hrms = 0.000000
 hmean = -0.005022
 Sx = 0.000000
 Sy = -0.000000
 Sz = 0.000000
 S  = 0.000000
time=0.5001, cycle=4

Searching for horizon 0
center = (-0.000000, -0.000000, -0.000000)
r_mean = 0.500354
 iter      area            mass         meanradius       minradius        hmean            Sx              Sy              Sz             S
  0   5.0161091e+01   9.9896106e-01   5.0035361e-01   5.0035358e-01  -1.6214501e+00   5.4536889e-16  -4.2264694e-16   1.8883766e-16   7.1534420e-16
  1   5.0162767e+01   9.9897775e-01   5.0450351e-01   5.0450347e-01  -1.4145471e+00   5.9206738e-16  -3.5721911e-16   1.8202345e-16   7.1503973e-16
  2   5.0167027e+01   9.9902017e-01   5.0815361e-01   5.0815358e-01  -1.2338642e+00   6.2678418e-16  -2.8861790e-16   1.6049247e-16   7.0846068e-16
  3   5.0172874e+01   9.9907839e-01   5.1136004e-01   5.1136000e-01  -1.0761182e+00   6.4788983e-16  -2.1037762e-16   1.3364257e-16   6.9417599e-16
  4   5.0179597e+01   9.9914532e-01   5.1417363e-01   5.1417358e-01  -9.3844877e-01   6.5689641e-16  -1.3486351e-16   1.0317861e-16   6.7848868e-16
  5   5.0186695e+01   9.9921598e-01   5.1664024e-01   5.1664019e-01  -8.1831994e-01   6.6115142e-16  -6.7593179e-17   6.6325863e-17   6.6789906e-16
  6   5.0193824e+01   9.9928694e-01   5.1880093e-01   5.1880088e-01  -7.1352469e-01   6.5314748e-16  -1.6685025e-18   2.9657901e-17   6.5382261e-16
  7   5.0200754e+01   9.9935593e-01   5.2069237e-01   5.2069230e-01  -6.2209692e-01   6.4250547e-16   5.0784795e-17  -2.0487016e-18   6.4451266e-16
  8   5.0207340e+01   9.9942148e-01   5.2234710e-01   5.2234701e-01  -5.4236985e-01   6.3388935e-16   9.1307821e-17  -3.1523872e-17   6.4120713e-16
  9   5.0213495e+01   9.9948274e-01   5.2379405e-01   5.2379402e-01  -4.7282170e-01   6.1591398e-16   1.2413699e-16  -5.3120612e-17   6.3054089e-16
 10   5.0219175e+01   9.9953926e-01   5.2505871e-01   5.2505869e-01  -4.1218015e-01   6.0235985e-16   1.4670092e-16  -7.5801261e-17   6.2458336e-16
 11   5.0224365e+01   9.9959091e-01   5.2616364e-01   5.2616361e-01  -3.5930389e-01   5.8784997e-16   1.6929504e-16  -9.1441402e-17   6.1853854e-16
 12   5.0229070e+01   9.9963773e-01   5.2712869e-01   5.2712866e-01  -3.1320150e-01   5.7570195e-16   1.9040319e-16  -1.0651970e-16   6.1565620e-16
 13   5.0233310e+01   9.9967992e-01   5.2797134e-01   5.2797130e-01  -2.7300773e-01   5.6418399e-16   2.0456164e-16  -1.2345372e-16   6.1269067e-16
 14   5.0237110e+01   9.9971773e-01   5.2870692e-01   5.2870688e-01  -2.3797980e-01   5.4925778e-16   2.1711000e-16  -1.3797876e-16   6.0651381e-16
 15   5.0240502e+01   9.9975148e-01   5.2934895e-01   5.2934893e-01  -2.0742979e-01   5.3685253e-16   2.3072659e-16  -1.4655832e-16   6.0243235e-16
 16   5.0243519e+01   9.9978150e-01   5.2990917e-01   5.2990916e-01  -1.8080054e-01   5.2458199e-16   2.3856415e-16  -1.5227255e-16   5.9605876e-16
 17   5.0246195e+01   9.9980812e-01   5.3039795e-01   5.3039794e-01  -1.5758689e-01   5.1836387e-16   2.4953814e-16  -1.6124893e-16   5.9747100e-16
 18   5.0248562e+01   9.9983167e-01   5.3082433e-01   5.3082432e-01  -1.3735206e-01   5.0617897e-16   2.5696010e-16  -1.6858416e-16   5.9217080e-16
 19   5.0250651e+01   9.9985246e-01   5.3119623e-01   5.3119622e-01  -1.1971700e-01   5.0018582e-16   2.6297138e-16  -1.7273722e-16   5.9091281e-16
 20   5.0252493e+01   9.9987078e-01   5.3152059e-01   5.3152058e-01  -1.0434273e-01   4.9085576e-16   2.6461560e-16  -1.7525231e-16   5.8452901e-16
 21   5.0254113e+01   9.9988690e-01   5.3180345e-01   5.3180344e-01  -9.0942132e-02   4.8544825e-16   2.6985327e-16  -1.7999352e-16   5.8384798e-16
 22   5.0255537e+01   9.9990106e-01   5.3205011e-01   5.3205009e-01  -7.9262005e-02   4.8032987e-16   2.6851622e-16  -1.8290411e-16   5.7988935e-16
 23   5.0256786e+01   9.9991349e-01   5.3226517e-01   5.3226515e-01  -6.9081597e-02   4.7482712e-16   2.7421543e-16  -1.8561451e-16   5.7888483e-16
 24   5.0257882e+01   9.9992440e-01   5.3245268e-01   5.3245266e-01  -6.0208447e-02   4.7103581e-16   2.7522600e-16  -1.8779811e-16   5.7696812e-16
 25   5.0258842e+01   9.9993395e-01   5.3261616e-01   5.3261614e-01  -5.2474766e-02   4.6621125e-16   2.7731354e-16  -1.9012685e-16   5.7480775e-16
 26   5.0259683e+01   9.9994231e-01   5.3275867e-01   5.3275865e-01  -4.5734284e-02   4.6392914e-16   2.7782591e-16  -1.9407529e-16   5.7452824e-16
 27   5.0260419e+01   9.9994963e-01   5.3288292e-01   5.3288289e-01  -3.9859494e-02   4.6045204e-16   2.7765866e-16  -1.9129004e-16   5.7070333e-16
 28   5.0261062e+01   9.9995603e-01   5.3299122e-01   5.3299120e-01  -3.4739245e-02   4.5886822e-16   2.8083103e-16  -1.9355691e-16   5.7174329e-16
 29   5.0261625e+01   9.9996163e-01   5.3308563e-01   5.3308561e-01  -3.0276652e-02   4.5590555e-16   2.7973326e-16  -1.9479227e-16   5.6924915e-16
 30   5.0262116e+01   9.9996652e-01   5.3316792e-01   5.3316790e-01  -2.6387263e-02   4.5446257e-16   2.8256319e-16  -1.9598054e-16   5.6990048e-16
 31   5.0262546e+01   9.9997079e-01   5.3323966e-01   5.3323964e-01  -2.2997095e-02   4.5113725e-16   2.8238055e-16  -1.9689206e-16   5.6747694e-16
 32   5.0262921e+01   9.9997452e-01   5.3330218e-01   5.3330216e-01  -2.0042777e-02   4.5269397e-16   2.8233508e-16  -1.9761833e-16   5.6894457e-16
 33   5.0263248e+01   9.9997777e-01   5.3335668e-01   5.3335666e-01  -1.7467958e-02   4.5237837e-16   2.8372549e-16  -1.9728567e-16   5.6926969e-16
 34   5.0263534e+01   9.9998061e-01   5.3340418e-01   5.3340416e-01  -1.5223897e-02   4.5045243e-16   2.8295010e-16  -1.9835731e-16   5.6772685e-16
 35   5.0263783e+01   9.9998310e-01   5.3344558e-01   5.3344556e-01  -1.3268110e-02   4.4958543e-16   2.8341073e-16  -1.9760508e-16   5.6700659e-16
 36   5.0264001e+01   9.9998526e-01   5.3348167e-01   5.3348165e-01  -1.1563568e-02   4.4743977e-16   2.8580435e-16  -1.9898415e-16   5.6699309e-16
 37   5.0264190e+01   9.9998715e-01   5.3351312e-01   5.3351310e-01  -1.0077998e-02   4.4798731e-16   2.8298945e-16  -1.9964289e-16   5.6624460e-16
 38   5.0264356e+01   9.9998879e-01   5.3354053e-01   5.3354051e-01  -8.7832723e-03   4.4632633e-16   2.8360798e-16  -1.9792473e-16   5.6463694e-16
 39   5.0264500e+01   9.9999023e-01   5.3356443e-01   5.3356441e-01  -7.6548758e-03   4.4763466e-16   2.8554907e-16  -2.0115178e-16   5.6778262e-16
 40   5.0264626e+01   9.9999148e-01   5.3358525e-01   5.3358523e-01  -6.6714420e-03   4.4550059e-16   2.8337586e-16  -1.9880161e-16   5.6417615e-16
 41   5.0264736e+01   9.9999257e-01   5.3360340e-01   5.3360338e-01  -5.8143485e-03   4.4600209e-16   2.8756120e-16  -1.9910964e-16   5.6679269e-16
 42   5.0264832e+01   9.9999353e-01   5.3361922e-01   5.3361920e-01  -5.0673654e-03   4.4399957e-16   2.8535370e-16  -2.0138292e-16   5.6490480e-16
 43   5.0264915e+01   9.9999436e-01   5.3363300e-01   5.3363298e-01  -4.4163473e-03   4.4385052e-16   2.8310515e-16  -1.9901201e-16   5.6281221e-16
Found horizon 0 (hmean)
 mass_irr = 0.999994
 meanradius = 0.533633
 minradius = 0.533633
 hrms = 0.000000
 hmean = -0.004416
 Sx = 0.000000
 Sy = 0.000000
 Sz = -0.000000
 S  = 0.000000
time=1.0003, cycle=4

Searching for horizon 0
center = (-0.000000, -0.000000, -0.000000)
r_mean = 0.533633
 iter      area            mass         meanradius       minradius        hmean            Sx              Sy              Sz             S
  0   4.9946292e+01   9.9681990e-01   5.3363300e-01   5.3363298e-01  -1.6114211e+00   5.2449809e-16   2.0542011e-16   2.1114163e-16   6.0156168e-16
  1   4.9975710e+01   9.9711341e-01   5.3804685e-01   5.3804683e-01  -1.4059736e+00   5.2899369e-16   5.2213835e-16   1.4084887e-16   7.5650591e-16
  2   5.0004124e+01   9.9739683e-01   5.4192615e-01   5.4192613e-01  -1.2265140e+00   5.1719609e-16   7.3962500e-16   8.0820678e-17   9.0612853e-16
  3   5.0031000e+01   9.9766484e-01   5.4533161e-01   5.4533158e-01  -1.0698121e+00   5.0239816e-16   8.7709357e-16   4.3351374e-17   1.0117195e-15
  4   5.0056031e+01   9.9791437e-01   5.4831810e-01   5.4831806e-01  -9.3302345e-01   4.8131799e-16   9.1483528e-16   5.5849384e-18   1.0337416e-15
  5   5.0079069e+01   9.9814399e-01   5.5093493e-01   5.5093488e-01  -8.1365092e-01   4.4537475e-16   9.0569956e-16  -1.0673821e-17   1.0093385e-15
  6   5.0100077e+01   9.9835332e-01   5.5322619e-01   5.5322612e-01  -7.0948963e-01   4.0638594e-16   8.6131377e-16  -2.4563416e-17   9.5268794e-16
  7   5.0119092e+01   9.9854277e-01   5.5523111e-01   5.5523108e-01  -6.1861400e-01   3.5753796e-16   7.9772967e-16  -3.1737740e-17   8.7476471e-16
  8   5.0136201e+01   9.9871319e-01   5.5698451e-01   5.5698450e-01  -5.3934343e-01   3.2682880e-16   7.2364522e-16  -4.2788251e-17   7.9517942e-16
  9   5.0151521e+01   9.9886576e-01   5.5851724e-01   5.5851722e-01  -4.7020675e-01   2.9752829e-16   6.4693868e-16  -3.6159348e-17   7.1299385e-16
 10   5.0165182e+01   9.9900179e-01   5.5985654e-01   5.5985651e-01  -4.0991176e-01   2.6901235e-16   5.7143014e-16  -2.9104361e-17   6.3225557e-16
 11   5.0177323e+01   9.9912268e-01   5.6102639e-01   5.6102636e-01  -3.5734437e-01   2.4689915e-16   5.0161133e-16  -1.7443120e-17   5.5935443e-16
 12   5.0188084e+01   9.9922981e-01   5.6204796e-01   5.6204795e-01  -3.1150151e-01   2.2961906e-16   4.3809478e-16   2.7807621e-18   4.9463085e-16
 13   5.0197598e+01   9.9932451e-01   5.6293980e-01   5.6293980e-01  -2.7153194e-01   2.1637948e-16   3.7951188e-16   2.1679866e-17   4.3740069e-16
 14   5.0205993e+01   9.9940807e-01   5.6371821e-01   5.6371821e-01  -2.3668500e-01   2.0574255e-16   3.3229443e-16   3.5133650e-17   3.9240790e-16
 15   5.0213388e+01   9.9948167e-01   5.6439749e-01   5.6439748e-01  -2.0630585e-01   2.0059504e-16   2.8066643e-16   5.3370200e-17   3.4908508e-16
 16   5.0219893e+01   9.9954641e-01   5.6499015e-01   5.6499015e-01  -1.7982263e-01   1.9496026e-16   2.4061977e-16   6.2662064e-17   3.1596505e-16
 17   5.0225607e+01   9.9960327e-01   5.6550718e-01   5.6550717e-01  -1.5673654e-01   1.8935292e-16   2.0719940e-16   7.9113231e-17   2.9162480e-16
 18   5.0230621e+01   9.9965317e-01   5.6595815e-01   5.6595815e-01  -1.3661242e-01   1.8035931e-16   1.7687160e-16   8.3425999e-17   2.6603184e-16
 19   5.0235017e+01   9.9969691e-01   5.6635148e-01   5.6635147e-01  -1.1907070e-01   1.8184966e-16   1.4797151e-16   1.0164623e-16   2.5553243e-16
 20   5.0238868e+01   9.9973523e-01   5.6669450e-01   5.6669449e-01  -1.0378029e-01   1.7880561e-16   1.2479422e-16   1.0744071e-16   2.4308136e-16
 21   5.0242240e+01   9.9976878e-01   5.6699361e-01   5.6699360e-01  -9.0452631e-02   1.7631914e-16   1.0402508e-16   1.1327408e-16   2.3396725e-16
 22   5.0245190e+01   9.9979812e-01   5.6725442e-01   5.6725440e-01  -7.8835922e-02   1.6999405e-16   8.8023633e-17   1.2451329e-16   2.2836308e-16
 23   5.0247769e+01   9.9982379e-01   5.6748181e-01   5.6748180e-01  -6.8710665e-02   1.7667240e-16   7.0981660e-17   1.3012237e-16   2.3061518e-16
 24   5.0250024e+01   9.9984622e-01   5.6768007e-01   5.6768006e-01  -5.9885489e-02   1.7040535e-16   5.5802144e-17   1.2452078e-16   2.1830549e-16
 25   5.0251994e+01   9.9986582e-01   5.6785291e-01   5.6785290e-01  -5.2193549e-02   1.7292069e-16   4.9226493e-17   1.4014382e-16   2.2795856e-16
 26   5.0253715e+01   9.9988294e-01   5.6800359e-01   5.6800357e-01  -4.5488727e-02   1.7015491e-16   3.6786316e-17   1.3941588e-16   2.2303074e-16
 27   5.0255217e+01   9.9989789e-01   5.6813493e-01   5.6813492e-01  -3.9645639e-02   1.6839320e-16   2.6909556e-17   1.4232594e-16   2.2211949e-16
 28   5.0256529e+01   9.9991094e-01   5.6824943e-01   5.6824942e-01  -3.4552987e-02   1.6762606e-16   1.9990770e-17   1.4681766e-16   2.2372651e-16
 29   5.0257674e+01   9.9992232e-01   5.6834924e-01   5.6834922e-01  -3.0114420e-02   1.7123914e-16   1.4455190e-17   1.4789338e-16   2.2672505e-16
 30   5.0258673e+01   9.9993226e-01   5.6843623e-01   5.6843622e-01  -2.6245951e-02   1.6574512e-16   2.6344322e-18   1.4398530e-16   2.1956810e-16
 31   5.0259545e+01   9.9994093e-01   5.6851206e-01   5.6851205e-01  -2.2874370e-02   1.6839307e-16   8.7017706e-19   1.5240304e-16   2.2712038e-16
 32   5.0260305e+01   9.9994850e-01   5.6857816e-01   5.6857815e-01  -1.9935868e-02   1.6664079e-16  -5.2738731e-18   1.4976940e-16   2.2411568e-16
 33   5.0260968e+01   9.9995510e-01   5.6863577e-01   5.6863576e-01  -1.7374824e-02   1.6775071e-16  -1.0114797e-17   1.5648869e-16   2.2963301e-16
 34   5.0261547e+01   9.9996085e-01   5.6868599e-01   5.6868597e-01  -1.5142760e-02   1.6990224e-16  -1.2090008e-17   1.5524001e-16   2.3046128e-16
 35   5.0262051e+01   9.9996587e-01   5.6872975e-01   5.6872974e-01  -1.3197423e-02   1.6678495e-16  -1.4176283e-17   1.5529719e-16   2.2833178e-16
 36   5.0262491e+01   9.9997025e-01   5.6876790e-01   5.6876788e-01  -1.1501983e-02   1.6473359e-16  -1.2811286e-17   1.5653838e-16   2.2760833e-16
 37   5.0262875e+01   9.9997406e-01   5.6880115e-01   5.6880113e-01  -1.0024342e-02   1.7049347e-16  -2.1906751e-17   1.5128798e-16   2.2898905e-16
 38   5.0263209e+01   9.9997739e-01   5.6883012e-01   5.6883011e-01  -8.7365246e-03   1.6667409e-16  -2.3017538e-17   1.6290192e-16   2.3419456e-16
 39   5.0263501e+01   9.9998029e-01   5.6885538e-01   5.6885536e-01  -7.6141459e-03   1.6601103e-16  -2.6492759e-17   1.5904311e-16   2.3142221e-16
 40   5.0263755e+01   9.9998282e-01   5.6887739e-01   5.6887738e-01  -6.6359546e-03   1.6489974e-16  -2.3034117e-17   1.6013884e-16   2.3101287e-16
 41   5.0263977e+01   9.9998502e-01   5.6889658e-01   5.6889656e-01  -5.7834286e-03   1.6697435e-16  -3.0248998e-17   1.6134584e-16   2.3415362e-16
 42   5.0264170e+01   9.9998694e-01   5.6891330e-01   5.6891328e-01  -5.0404247e-03   1.6763709e-16  -2.8180837e-17   1.6565568e-16   2.3735660e-16
 43   5.0264338e+01   9.9998862e-01   5.6892787e-01   5.6892785e-01  -4.3928736e-03   1.6306786e-16  -2.7993795e-17   1.6045791e-16   2.3048106e-16
Found horizon 0 (hmean)
 mass_irr = 0.999989
 meanradius = 0.568928
 minradius = 0.568928
 hrms = 0.000000
 hmean = -0.004393
 Sx = 0.000000
 Sy = -0.000000
 Sz = 0.000000
 S  = 0.000000
time=1.5006, cycle=4

Searching for horizon 0
center = (-0.000000, -0.000000, -0.000000)
r_mean = 0.568928
 iter      area            mass         meanradius       minradius        hmean            Sx              Sy              Sz             S
  0   4.9733458e+01   9.9469377e-01   5.6892787e-01   5.6892785e-01  -1.5673963e+00  -5.2223629e-17   6.4860145e-16   1.3719341e-15   1.5184250e-15
  1   4.9791031e+01   9.9526935e-01   5.7351843e-01   5.7351842e-01  -1.3675529e+00   1.4842677e-16   5.2860681e-16   1.2796503e-15   1.3924656e-15
  2   4.9843801e+01   9.9579662e-01   5.7754864e-01   5.7754862e-01  -1.1929913e+00   3.0411904e-16   3.8320072e-16   1.1197068e-15   1.2219143e-15
  3   4.9891762e+01   9.9627560e-01   5.8108321e-01   5.8108318e-01  -1.0405735e+00   3.8549475e-16   2.4670431e-16   9.3169412e-16   1.0380381e-15
  4   4.9935057e+01   9.9670778e-01   5.8418038e-01   5.8418034e-01  -9.0751889e-01   4.0675833e-16   1.0554140e-16   7.3729730e-16   8.4864517e-16
  5   4.9973927e+01   9.9709562e-01   5.8689222e-01   5.8689218e-01  -7.9140118e-01   3.8754713e-16  -2.5111538e-17   5.6499086e-16   6.8559321e-16
  6   5.0008665e+01   9.9744211e-01   5.8926516e-01   5.8926514e-01  -6.9007975e-01   3.6877009e-16  -1.3256869e-16   4.1137315e-16   5.6814937e-16
  7   5.0039594e+01   9.9775052e-01   5.9134040e-01   5.9134040e-01  -6.0168697e-01   3.3963515e-16  -2.2552015e-16   2.9483019e-16   5.0312644e-16
  8   5.0067048e+01   9.9802418e-01   5.9315444e-01   5.9315443e-01  -5.2458862e-01   3.0210870e-16  -2.9974611e-16   1.9825437e-16   4.6949141e-16
  9   5.0091351e+01   9.9826638e-01   5.9473952e-01   5.9473952e-01  -4.5734271e-01   2.8849088e-16  -3.5660106e-16   1.3048229e-16   4.7688252e-16
 10   5.0112819e+01   9.9848027e-01   5.9612406e-01   5.9612405e-01  -3.9869697e-01   2.6893645e-16  -4.0731381e-16   7.4119597e-17   4.9368520e-16
 11   5.0131746e+01   9.9866881e-01   5.9733305e-01   5.9733305e-01  -3.4755977e-01   2.4948976e-16  -4.3836425e-16   3.7124748e-17   5.0575350e-16
 12   5.0148407e+01   9.9883475e-01   5.9838849e-01   5.9838849e-01  -3.0297182e-01   2.3792899e-16  -4.6471541e-16   6.6627352e-18   5.2212547e-16
 13   5.0163052e+01   9.9898059e-01   5.9930968e-01   5.9930968e-01  -2.6409628e-01   2.2681207e-16  -4.9002456e-16  -2.5214155e-17   5.4055854e-16
 14   5.0175911e+01   9.9910862e-01   6.0011354e-01   6.0011353e-01  -2.3020355e-01   2.0822759e-16  -5.0500091e-16  -3.8391868e-17   5.4759345e-16
 15   5.0187190e+01   9.9922091e-01   6.0081489e-01   6.0081489e-01  -2.0065611e-01   1.9660319e-16  -5.3708368e-16  -6.3908220e-17   5.7549627e-16
 16   5.0197075e+01   9.9931931e-01   6.0142672e-01   6.0142672e-01  -1.7489803e-01   1.8981325e-16  -5.5362135e-16  -6.4482198e-17   5.8879846e-16
 17   5.0205732e+01   9.9940548e-01   6.0196039e-01   6.0196038e-01  -1.5244409e-01   1.8546583e-16  -5.6240099e-16  -7.3298690e-17   5.9671195e-16
 18   5.0213308e+01   9.9948088e-01   6.0242583e-01   6.0242582e-01  -1.3287115e-01   1.7322355e-16  -5.7255253e-16  -8.7522091e-17   6.0455183e-16
 19   5.0219935e+01   9.9954683e-01   6.0283173e-01   6.0283172e-01  -1.1581085e-01   1.6970419e-16  -5.8721798e-16  -8.3379963e-17   6.1690898e-16
 20   5.0225729e+01   9.9960449e-01   6.0318568e-01   6.0318567e-01  -1.0093911e-01   1.6520207e-16  -6.0300419e-16  -9.3473684e-17   6.3217332e-16
 21   5.0230793e+01   9.9965487e-01   6.0349431e-01   6.0349429e-01  -8.7976327e-02   1.6502700e-16  -6.0576906e-16  -9.7081388e-17   6.3530691e-16
 22   5.0235216e+01   9.9969889e-01   6.0376339e-01   6.0376337e-01  -7.6677659e-02   1.5915285e-16  -6.1023763e-16  -9.7240471e-17   6.3810289e-16
 23   5.0239079e+01   9.9973733e-01   6.0399799e-01   6.0399797e-01  -6.6829615e-02   1.5931787e-16  -6.1649762e-16  -1.0128679e-16   6.4475616e-16
 24   5.0242452e+01   9.9977088e-01   6.0420252e-01   6.0420249e-01  -5.8246059e-02   1.5247254e-16  -6.2015507e-16  -1.0416001e-16   6.4706221e-16
 25   5.0245396e+01   9.9980018e-01   6.0438081e-01   6.0438079e-01  -5.0764715e-02   1.5307233e-16  -6.2814220e-16  -1.0801430e-16   6.5548521e-16
 26   5.0247965e+01   9.9982574e-01   6.0453624e-01   6.0453621e-01  -4.4244108e-02   1.5274347e-16  -6.3087621e-16  -1.0508126e-16   6.5755413e-16
 27   5.0250207e+01   9.9984804e-01   6.0467172e-01   6.0467170e-01  -3.8560914e-02   1.4866563e-16  -6.3111633e-16  -1.1051574e-16   6.5774085e-16
 28   5.0252163e+01   9.9986750e-01   6.0478983e-01   6.0478980e-01  -3.3607617e-02   1.4367665e-16  -6.3714263e-16  -1.0538772e-16   6.6158921e-16
 29   5.0253870e+01   9.9988448e-01   6.0489277e-01   6.0489274e-01  -2.9290505e-02   1.5497460e-16  -6.3571573e-16  -1.0141108e-16   6.6214486e-16
 30   5.0255358e+01   9.9989928e-01   6.0498250e-01   6.0498247e-01  -2.5527889e-02   1.3757375e-16  -6.3843089e-16  -1.0572712e-16   6.6158806e-16
 31   5.0256656e+01   9.9991219e-01   6.0506072e-01   6.0506068e-01  -2.2248565e-02   1.4870326e-16  -6.3533222e-16  -1.1719698e-16   6.6294405e-16
 32   5.0257787e+01   9.9992345e-01   6.0512889e-01   6.0512886e-01  -1.9390467e-02   1.4573767e-16  -6.4042123e-16  -1.0891758e-16   6.6576411e-16
 33   5.0258774e+01   9.9993327e-01   6.0518831e-01   6.0518827e-01  -1.6899498e-02   1.4650350e-16  -6.4654219e-16  -1.1764802e-16   6.7329127e-16
 34   5.0259635e+01   9.9994183e-01   6.0524009e-01   6.0524006e-01  -1.4728507e-02   1.4969179e-16  -6.4342619e-16  -1.1587672e-16   6.7069539e-16
 35   5.0260385e+01   9.9994929e-01   6.0528523e-01   6.0528520e-01  -1.2836396e-02   1.4396268e-16  -6.5077204e-16  -1.0974772e-16   6.7548062e-16
 36   5.0261039e+01   9.9995580e-01   6.0532457e-01   6.0532454e-01  -1.1187344e-02   1.4484585e-16  -6.4411521e-16  -1.1482050e-16   6.7011079e-16
 37   5.0261609e+01   9.9996147e-01   6.0535886e-01   6.0535883e-01  -9.7501319e-03   1.4119746e-16  -6.4206503e-16  -1.1113609e-16   6.6673492e-16
 38   5.0262106e+01   9.9996642e-01   6.0538875e-01   6.0538872e-01  -8.4975477e-03   1.4393693e-16  -6.5178418e-16  -1.1670792e-16   6.7761434e-16
 39   5.0262540e+01   9.9997073e-01   6.0541480e-01   6.0541476e-01  -7.4058757e-03   1.4216159e-16  -6.3911161e-16  -1.1789536e-16   6.6526151e-16
 40   5.0262917e+01   9.9997448e-01   6.0543750e-01   6.0543746e-01  -6.4544457e-03   1.4542052e-16  -6.4924116e-16  -1.0919875e-16   6.7422961e-16
 41   5.0263247e+01   9.9997776e-01   6.0545728e-01   6.0545725e-01  -5.6252425e-03   1.4199841e-16  -6.5201603e-16  -1.1480848e-16   6.7710371e-16
 42   5.0263534e+01   9.9998061e-01   6.0547453e-01   6.0547449e-01  -4.9025647e-03   1.4243387e-16  -6.4717098e-16  -1.1278637e-16   6.7218929e-16
Found horizon 0 (hmean)
 mass_irr = 0.999981
 meanradius = 0.605475
 minradius = 0.605474
 hrms = 0.000000
 hmean = -0.004903
 Sx = 0.000000
 Sy = -0.000000
 Sz = -0.000000
 S  = 0.000000
time=2.0009, cycle=4

Searching for horizon 0
center = (-0.000000, -0.000000, -0.000000)
r_mean = 0.605475
 iter      area            mass         meanradius       minradius        hmean            Sx              Sy              Sz             S
  0   4.9513026e+01   9.9248695e-01   6.0547453e-01   6.0547449e-01  -1.5499990e+00   6.5549152e-16  -1.3303323e-16   3.9892635e-16   7.7878701e-16
  1   4.9599547e+01   9.9335373e-01   6.1031617e-01   6.1031614e-01  -1.3522555e+00   6.9048296e-16  -2.8055258e-16   3.4646940e-16   8.2189873e-16
  2   4.9677409e+01   9.9413311e-01   6.1456222e-01   6.1456218e-01  -1.1795610e+00   6.5779678e-16  -4.4213223e-16   3.6027626e-16   8.7061846e-16
  3   4.9747128e+01   9.9483047e-01   6.1828258e-01   6.1828254e-01  -1.0287853e+00   5.5112256e-16  -5.7314239e-16   3.6160301e-16   8.7349013e-16
  4   4.9809301e+01   9.9545193e-01   6.2153985e-01   6.2153983e-01  -8.9718330e-01   4.0578864e-16  -6.6857752e-16   3.7180965e-16   8.6596925e-16
  5   4.9864555e+01   9.9600391e-01   6.2438982e-01   6.2438982e-01  -7.8234625e-01   2.1314438e-16  -7.2370019e-16   3.9999601e-16   8.5391411e-16
  6   4.9913520e+01   9.9649281e-01   6.2688206e-01   6.2688206e-01  -6.8215286e-01   2.5554599e-17  -7.2972574e-16   4.2949067e-16   8.4712155e-16
  7   4.9956809e+01   9.9692484e-01   6.2906045e-01   6.2906044e-01  -5.9475080e-01  -1.6616432e-16  -7.3321269e-16   4.6307138e-16   8.8297595e-16
  8   4.9995001e+01   9.9730584e-01   6.3096373e-01   6.3096373e-01  -5.1851918e-01  -3.4876055e-16  -6.9716595e-16   4.8216140e-16   9.1659909e-16
  9   5.0028640e+01   9.9764131e-01   6.3262610e-01   6.3262609e-01  -4.5203659e-01  -5.0788809e-16  -6.7066553e-16   5.0231958e-16   9.7983035e-16
 10   5.0058225e+01   9.9793625e-01   6.3407761e-01   6.3407761e-01  -3.9406251e-01  -6.4363534e-16  -6.2824667e-16   5.2369333e-16   1.0407762e-15
 11   5.0084213e+01   9.9819525e-01   6.3534470e-01   6.3534469e-01  -3.4351236e-01  -7.5954062e-16  -5.9917345e-16   5.2644864e-16   1.1013896e-15
 12   5.0107015e+01   9.9842245e-01   6.3645055e-01   6.3645054e-01  -2.9943729e-01  -8.6586648e-16  -5.5626350e-16   5.3258479e-16   1.1587926e-15
 13   5.0127005e+01   9.9862159e-01   6.3741550e-01   6.3741549e-01  -2.6101069e-01  -9.5661445e-16  -5.3177654e-16   5.4123922e-16   1.2209985e-15
 14   5.0144516e+01   9.9879600e-01   6.3825737e-01   6.3825736e-01  -2.2751030e-01  -1.0257379e-15  -4.9756283e-16   5.5329463e-16   1.2672182e-15
 15   5.0159845e+01   9.9894865e-01   6.3899176e-01   6.3899175e-01  -1.9830584e-01  -1.0774787e-15  -4.7948413e-16   5.5065130e-16   1.3015692e-15
 16   5.0173255e+01   9.9908217e-01   6.3963231e-01   6.3963229e-01  -1.7284746e-01  -1.1349262e-15  -4.5403190e-16   5.5468245e-16   1.3423394e-15
 17   5.0184981e+01   9.9919892e-01   6.4019095e-01   6.4019093e-01  -1.5065529e-01  -1.1805088e-15  -4.2716103e-16   5.5442602e-16   1.3723906e-15
 18   5.0195230e+01   9.9930094e-01   6.4067811e-01   6.4067809e-01  -1.3131080e-01  -1.2261563e-15  -4.1207467e-16   5.5782793e-16   1.4087004e-15
 19   5.0204185e+01   9.9939008e-01   6.4110291e-01   6.4110289e-01  -1.1444896e-01  -1.2580227e-15  -3.9967979e-16   5.7007828e-16   1.4378297e-15
 20   5.0212006e+01   9.9946792e-01   6.4147330e-01   6.4147328e-01  -9.9751420e-02  -1.2798814e-15  -3.7736310e-16   5.5785052e-16   1.4462699e-15
 21   5.0218836e+01   9.9953589e-01   6.4179624e-01   6.4179621e-01  -8.6940686e-02  -1.2988212e-15  -3.6329748e-16   5.6327791e-16   1.4615757e-15
 22   5.0224797e+01   9.9959522e-01   6.4207778e-01   6.4207775e-01  -7.5774682e-02  -1.3199608e-15  -3.5430922e-16   5.6508535e-16   1.4789026e-15
 23   5.0230001e+01   9.9964699e-01   6.4232323e-01   6.4232320e-01  -6.6042359e-02  -1.3312898e-15  -3.4537633e-16   5.7397856e-16   1.4903251e-15
 24   5.0234541e+01   9.9969217e-01   6.4253719e-01   6.4253717e-01  -5.7559735e-02  -1.3555249e-15  -3.3550782e-16   5.7631285e-16   1.5106786e-15
 25   5.0238502e+01   9.9973159e-01   6.4272371e-01   6.4272369e-01  -5.0166410e-02  -1.3586967e-15  -3.2274885e-16   5.7415762e-16   1.5099273e-15
 26   5.0241958e+01   9.9976597e-01   6.4288630e-01   6.4288628e-01  -4.3722558e-02  -1.3676708e-15  -3.0681688e-16   5.7231863e-16   1.5140042e-15
 27   5.0244972e+01   9.9979596e-01   6.4302803e-01   6.4302800e-01  -3.8106285e-02  -1.3771755e-15  -3.0845366e-16   5.6697415e-16   1.5209260e-15
 28   5.0247601e+01   9.9982212e-01   6.4315157e-01   6.4315154e-01  -3.3211339e-02  -1.3895516e-15  -3.0457655e-16   5.8122400e-16   1.5366984e-15
 29   5.0249894e+01   9.9984492e-01   6.4325925e-01   6.4325922e-01  -2.8945098e-02  -1.3975996e-15  -3.0901227e-16   5.8268620e-16   1.5454114e-15
 30   5.0251893e+01   9.9986481e-01   6.4335310e-01   6.4335307e-01  -2.5226831e-02  -1.3968959e-15  -2.8879685e-16   5.7472170e-16   1.5378643e-15
 31   5.0253636e+01   9.9988215e-01   6.4343491e-01   6.4343488e-01  -2.1986167e-02  -1.4082452e-15  -2.9432708e-16   5.8159220e-16   1.5517837e-15
 32   5.0255156e+01   9.9989727e-01   6.4350621e-01   6.4350618e-01  -1.9161769e-02  -1.4078891e-15  -2.9063237e-16   5.8619921e-16   1.5524975e-15
 33   5.0256481e+01   9.9991045e-01   6.4356836e-01   6.4356833e-01  -1.6701954e-02  -1.4080287e-15  -2.7971669e-16   5.7072988e-16   1.5448361e-15
 34   5.0257636e+01   9.9992195e-01   6.4362253e-01   6.4362250e-01  -1.4556340e-02  -1.4148010e-15  -2.8397807e-16   5.8966888e-16   1.5588505e-15
 35   5.0258643e+01   9.9993197e-01   6.4366975e-01   6.4366971e-01  -1.2686347e-02  -1.4140054e-15  -2.7836347e-16   5.7880136e-16   1.5530320e-15
 36   5.0259521e+01   9.9994070e-01   6.4371090e-01   6.4371086e-01  -1.1056574e-02  -1.4147517e-15  -2.7986761e-16   5.7609274e-16   1.5529749e-15
 37   5.0260286e+01   9.9994831e-01   6.4374677e-01   6.4374673e-01  -9.6363112e-03  -1.4124571e-15  -2.8041066e-16   5.7482792e-16   1.5505136e-15
 38   5.0260953e+01   9.9995495e-01   6.4377803e-01   6.4377799e-01  -8.3983525e-03  -1.4287232e-15  -2.7730691e-16   5.8755854e-16   1.5695140e-15
 39   5.0261535e+01   9.9996073e-01   6.4380527e-01   6.4380523e-01  -7.3194273e-03  -1.4215285e-15  -2.7823295e-16   5.8621537e-16   1.5626277e-15
 40   5.0262042e+01   9.9996578e-01   6.4382902e-01   6.4382898e-01  -6.3790513e-03  -1.4213774e-15  -2.6885793e-16   5.7960804e-16   1.5583786e-15
 41   5.0262484e+01   9.9997017e-01   6.4384971e-01   6.4384967e-01  -5.5596034e-03  -1.4235430e-15  -2.7239619e-16   5.8012838e-16   1.5611609e-15
 42   5.0262869e+01   9.9997400e-01   6.4386775e-01   6.4386771e-01  -4.8453613e-03  -1.4190643e-15  -2.7890169e-16   5.7884106e-16   1.5577505e-15
Found horizon 0 (hmean)
 mass_irr = 0.999974
 meanradius = 0.643868
 minradius = 0.643868
 hrms = 0.000000
 hmean = -0.004845
 Sx = -0.000000
 Sy = -0.000000
 Sz = 0.000000
 S  = 0.000000
time=2.5012, cycle=4

Searching for horizon 0
center = (-0.000000, -0.000000, -0.000000)
r_mean = 0.643868
 iter      area            mass         meanradius       minradius        hmean            Sx              Sy              Sz             S
  0   4.9284642e+01   9.9019534e-01   6.4386775e-01   6.4386771e-01  -1.5437295e+00  -1.6070909e-16  -1.0644767e-15   6.5969282e-17   1.0785592e-15
  1   4.9401201e+01   9.9136556e-01   6.4900194e-01   6.4900190e-01  -1.3465680e+00  -8.5118074e-19  -9.9009988e-16   4.8918774e-16   1.1043564e-15
  2   4.9505087e+01   9.9240738e-01   6.5349934e-01   6.5349932e-01  -1.1744254e+00   1.0521306e-16  -8.6343409e-16   7.8100706e-16   1.1689997e-15
  3   4.9597366e+01   9.9333189e-01   6.5743596e-01   6.5743594e-01  -1.0241762e+00   1.6069217e-16  -7.1625017e-16   9.4622197e-16   1.1975693e-15
  4   4.9679104e+01   9.9415007e-01   6.6087953e-01   6.6087952e-01  -8.9306382e-01   1.9137751e-16  -5.6427909e-16   1.0177083e-15   1.1793076e-15
  5   4.9751335e+01   9.9487254e-01   6.6389018e-01   6.6389018e-01  -7.7867506e-01   2.1851763e-16  -4.1519060e-16   1.0418435e-15   1.1426159e-15
  6   4.9815039e+01   9.9550927e-01   6.6652117e-01   6.6652116e-01  -6.7889363e-01   2.2984271e-16  -2.8539271e-16   1.0138479e-15   1.0780372e-15
  7   4.9871127e+01   9.9606955e-01   6.6881948e-01   6.6881948e-01  -5.9186594e-01   2.3771534e-16  -1.8631531e-16   9.5155108e-16   9.9833433e-16
  8   4.9920441e+01   9.9656190e-01   6.7082654e-01   6.7082653e-01  -5.1597059e-01   2.1869912e-16  -9.5772175e-17   8.7360526e-16   9.0564219e-16
  9   4.9963746e+01   9.9699405e-01   6.7257876e-01   6.7257875e-01  -4.4978983e-01   2.1428627e-16  -2.1746783e-17   7.9245019e-16   8.2119963e-16
 10   5.0001734e+01   9.9737300e-01   6.7410814e-01   6.7410813e-01  -3.9208455e-01   2.0208851e-16   3.6612853e-17   7.1798255e-16   7.4677922e-16
 11   5.0035030e+01   9.9770501e-01   6.7544275e-01   6.7544274e-01  -3.4177392e-01   1.8690197e-16   9.1775666e-17   6.4150994e-16   6.7445543e-16
 12   5.0064190e+01   9.9799570e-01   6.7660720e-01   6.7660719e-01  -2.9791075e-01   1.6982513e-16   1.3481257e-16   5.7895264e-16   6.1822420e-16
 13   5.0089712e+01   9.9825004e-01   6.7762303e-01   6.7762301e-01  -2.5967158e-01   1.7187339e-16   1.7087914e-16   5.2278912e-16   5.7623658e-16
 14   5.0112036e+01   9.9847247e-01   6.7850909e-01   6.7850907e-01  -2.2633710e-01   1.5017549e-16   2.1016388e-16   4.8198756e-16   5.4683960e-16
 15   5.0131555e+01   9.9866691e-01   6.7928187e-01   6.7928185e-01  -1.9727946e-01   1.3302037e-16   2.3065661e-16   4.4594419e-16   5.1938725e-16
 16   5.0148613e+01   9.9883680e-01   6.7995580e-01   6.7995579e-01  -1.7194912e-01   1.3542385e-16   2.4073384e-16   3.8839713e-16   4.7659704e-16
 17   5.0163515e+01   9.9898519e-01   6.8054347e-01   6.8054346e-01  -1.4986947e-01   1.2758015e-16   2.6858946e-16   3.7936442e-16   4.8201075e-16
 18   5.0176529e+01   9.9911478e-01   6.8105588e-01   6.8105588e-01  -1.3062398e-01   1.2421196e-16   2.8326995e-16   3.4572429e-16   4.6389197e-16
 19   5.0187893e+01   9.9922790e-01   6.8150264e-01   6.8150264e-01  -1.1384873e-01   1.2103944e-16   3.0212957e-16   3.3204916e-16   4.6496179e-16
 20   5.0197812e+01   9.9932664e-01   6.8189215e-01   6.8189215e-01  -9.9227099e-02   1.1836297e-16   3.0679143e-16   3.0534570e-16   4.4873908e-16
 21   5.0206468e+01   9.9941280e-01   6.8223172e-01   6.8223172e-01  -8.6482779e-02   1.0875783e-16   3.1930675e-16   2.7518239e-16   4.3532794e-16
 22   5.0214022e+01   9.9948798e-01   6.8252774e-01   6.8252774e-01  -7.5374873e-02   1.1226717e-16   3.3536050e-16   2.8386363e-16   4.5348555e-16
 23   5.0220611e+01   9.9955356e-01   6.8278580e-01   6.8278579e-01  -6.5693701e-02   9.9938199e-17   3.5490036e-16   2.5627523e-16   4.4901993e-16
 24   5.0226360e+01   9.9961076e-01   6.8301075e-01   6.8301074e-01  -5.7255448e-02   9.7497951e-17   3.5880385e-16   2.6407171e-16   4.5604815e-16
 25   5.0231374e+01   9.9966066e-01   6.8320683e-01   6.8320683e-01  -4.9900897e-02   9.2412860e-17   3.4291441e-16   2.4688155e-16   4.3252853e-16
 26   5.0235746e+01   9.9970417e-01   6.8337775e-01   6.8337774e-01  -4.3490913e-02   9.0976207e-17   3.5032660e-16   2.2900458e-16   4.2830888e-16
 27   5.0239560e+01   9.9974211e-01   6.8352673e-01   6.8352673e-01  -3.7904217e-02   8.6816630e-17   3.5772509e-16   2.3569304e-16   4.3709905e-16
 28   5.0242885e+01   9.9977519e-01   6.8365659e-01   6.8365658e-01  -3.3035091e-02   8.4574208e-17   3.6479260e-16   2.3973668e-16   4.4463481e-16
 29   5.0245784e+01   9.9980403e-01   6.8376977e-01   6.8376977e-01  -2.8791388e-02   8.5481588e-17   3.7642965e-16   2.1545327e-16   4.4207069e-16
 30   5.0248311e+01   9.9982918e-01   6.8386842e-01   6.8386842e-01  -2.5092788e-02   8.7291255e-17   3.6284896e-16   2.2371702e-16   4.3511888e-16
 31   5.0250515e+01   9.9985111e-01   6.8395441e-01   6.8395440e-01  -2.1869284e-02   9.0974995e-17   3.7296215e-16   2.1780773e-16   4.4138127e-16
 32   5.0252436e+01   9.9987022e-01   6.8402935e-01   6.8402935e-01  -1.9059856e-02   8.0675631e-17   3.7004089e-16   2.3012517e-16   4.4316635e-16
 33   5.0254111e+01   9.9988688e-01   6.8409467e-01   6.8409466e-01  -1.6611321e-02   7.8511088e-17   3.7772698e-16   2.2870537e-16   4.4849504e-16
 34   5.0255571e+01   9.9990140e-01   6.8415160e-01   6.8415159e-01  -1.4477323e-02   7.0536657e-17   3.8061325e-16   1.9875953e-16   4.3514045e-16
 35   5.0256844e+01   9.9991406e-01   6.8420122e-01   6.8420121e-01  -1.2617462e-02   7.8930698e-17   3.6592888e-16   2.1341219e-16   4.3090459e-16
 36   5.0257953e+01   9.9992510e-01   6.8424446e-01   6.8424446e-01  -1.0996523e-02   7.1491155e-17   3.8248621e-16   2.0609211e-16   4.4031880e-16
 37   5.0258920e+01   9.9993472e-01   6.8428215e-01   6.8428215e-01  -9.5838160e-03   6.6158390e-17   3.7847925e-16   2.1150110e-16   4.3858430e-16
 38   5.0259763e+01   9.9994310e-01   6.8431500e-01   6.8431500e-01  -8.3525926e-03   7.4219649e-17   3.8080362e-16   2.0448998e-16   4.3856141e-16
 39   5.0260497e+01   9.9995041e-01   6.8434363e-01   6.8434363e-01  -7.2795396e-03   8.0555173e-17   3.7864445e-16   2.0558432e-16   4.3832142e-16
 40   5.0261138e+01   9.9995678e-01   6.8436859e-01   6.8436858e-01  -6.3443383e-03   6.8079658e-17   3.8366937e-16   2.0156227e-16   4.3870762e-16
 41   5.0261696e+01   9.9996233e-01   6.8439033e-01   6.8439033e-01  -5.5292800e-03   7.3264177e-17   3.7249978e-16   2.1175407e-16   4.3469933e-16
 42   5.0262182e+01   9.9996717e-01   6.8440929e-01   6.8440928e-01  -4.8189308e-03   7.4761509e-17   3.7741483e-16   2.0687634e-16   4.3683986e-16
Found horizon 0 (hmean)
 mass_irr = 0.999967
 meanradius = 0.684409
 minradius = 0.684409
 hrms = 0.000000
 hmean = -0.004819
 Sx = 0.000000
 Sy = 0.000000
 Sz = 0.000000
 S  = 0.000000
time=3.0015, cycle=4

Searching for horizon 0
center = (-0.000000, -0.000000, -0.000000)
r_mean = 0.684409
 iter      area            mass         meanradius       minradius        hmean            Sx              Sy              Sz             S
  0   4.9057566e+01   9.8791157e-01   6.8440929e-01   6.8440928e-01  -1.5346776e+00   1.0170105e-15   5.0523342e-16  -3.4722064e-16   1.1874903e-15
  1   4.9204250e+01   9.8938742e-01   6.8983443e-01   6.8983442e-01  -1.3383563e+00   1.0226644e-15   5.0371132e-16  -6.0564393e-17   1.1415934e-15
  2   4.9334174e+01   9.9069279e-01   6.9458068e-01   6.9458067e-01  -1.1670246e+00   9.9386194e-16   4.5391763e-16   6.1008112e-17   1.0943147e-15
  3   4.9448976e+01   9.9184481e-01   6.9873053e-01   6.9873052e-01  -1.0175377e+00   9.1393442e-16   3.5885746e-16   1.4257127e-16   9.9215995e-16
  4   4.9550213e+01   9.9285959e-01   7.0235714e-01   7.0235713e-01  -8.8713642e-01   8.4971016e-16   2.3959672e-16   1.1851938e-16   8.9076416e-16
  5   4.9639336e+01   9.9375209e-01   7.0552518e-01   7.0552518e-01  -7.7340117e-01   7.6943453e-16   1.7520968e-16   5.2764411e-17   7.9089317e-16
  6   4.9717683e+01   9.9453601e-01   7.0829170e-01   7.0829169e-01  -6.7421616e-01   6.8319555e-16   9.0949653e-17   1.9950805e-17   6.8951145e-16
  7   4.9786474e+01   9.9522381e-01   7.1070688e-01   7.1070687e-01  -5.8772781e-01   5.8672037e-16   2.1359284e-17  -3.8260383e-17   5.8835437e-16
  8   4.9846813e+01   9.9582671e-01   7.1281484e-01   7.1281483e-01  -5.1231690e-01   4.9463838e-16  -1.0441732e-17  -9.2171002e-17   5.0326102e-16
  9   4.9899691e+01   9.9635476e-01   7.1465427e-01   7.1465427e-01  -4.4656952e-01   4.2222652e-16  -2.3452058e-17  -1.2064808e-16   4.3975129e-16
 10   4.9945995e+01   9.9681694e-01   7.1625911e-01   7.1625911e-01  -3.8925051e-01   3.5429973e-16  -5.2905334e-17  -1.2290993e-16   3.7872698e-16
 11   4.9986518e+01   9.9722123e-01   7.1765906e-01   7.1765906e-01  -3.3928196e-01   3.0506467e-16  -6.4001169e-17  -1.5136177e-16   3.4651261e-16
 12   5.0021961e+01   9.9757471e-01   7.1888013e-01   7.1888012e-01  -2.9572305e-01   2.4920813e-16  -7.2080484e-17  -1.9284187e-16   3.2324646e-16
 13   5.0052947e+01   9.9788363e-01   7.1994505e-01   7.1994505e-01  -2.5775287e-01   2.0250540e-16  -6.2383774e-17  -1.8710627e-16   2.8268167e-16
 14   5.0080024e+01   9.9815350e-01   7.2087371e-01   7.2087371e-01  -2.2465596e-01   1.5951990e-16  -5.0641046e-17  -1.9374526e-16   2.5602410e-16
 15   5.0103677e+01   9.9838920e-01   7.2168349e-01   7.2168348e-01  -1.9580620e-01   1.1949168e-16  -2.0156373e-17  -2.0935943e-16   2.4190062e-16
 16   5.0124334e+01   9.9859498e-01   7.2238954e-01   7.2238954e-01  -1.7065985e-01   8.2759322e-17  -8.1920289e-18  -2.2307523e-16   2.3807304e-16
 17   5.0142368e+01   9.9877461e-01   7.2300513e-01   7.2300512e-01  -1.4874166e-01   5.3634763e-17   1.2176986e-17  -2.3582695e-16   2.4215557e-16
 18   5.0158109e+01   9.9893137e-01   7.2354180e-01   7.2354180e-01  -1.2963774e-01   3.3277109e-17   2.1099743e-17  -2.2713451e-16   2.3052690e-16
 19   5.0171846e+01   9.9906815e-01   7.2400967e-01   7.2400967e-01  -1.1298686e-01   8.6182885e-18   3.0269097e-17  -2.2251007e-16   2.2472477e-16
 20   5.0183833e+01   9.9918748e-01   7.2441753e-01   7.2441753e-01  -9.8474180e-02  -3.7562809e-18   6.2711572e-17  -2.3643905e-16   2.4464316e-16
 21   5.0194289e+01   9.9929158e-01   7.2477307e-01   7.2477306e-01  -8.5825178e-02  -4.1167396e-17   8.0001409e-17  -2.3618691e-16   2.5274342e-16
 22   5.0203411e+01   9.9938237e-01   7.2508299e-01   7.2508299e-01  -7.4800738e-02  -6.6152444e-17   7.1231026e-17  -2.4043303e-16   2.5934157e-16
 23   5.0211366e+01   9.9946155e-01   7.2535314e-01   7.2535313e-01  -6.5192214e-02  -7.3141010e-17   8.4140312e-17  -2.2635144e-16   2.5231760e-16
 24   5.0218304e+01   9.9953060e-01   7.2558861e-01   7.2558861e-01  -5.6817802e-02  -1.0872569e-16   1.0487928e-16  -2.1817929e-16   2.6537359e-16
 25   5.0224354e+01   9.9959081e-01   7.2579386e-01   7.2579386e-01  -4.9519031e-02  -9.6232434e-17   1.0902170e-16  -2.2489500e-16   2.6781369e-16
 26   5.0229630e+01   9.9964330e-01   7.2597276e-01   7.2597276e-01  -4.3157769e-02  -1.2858129e-16   1.2893811e-16  -2.1894626e-16   2.8477298e-16
 27   5.0234230e+01   9.9968907e-01   7.2612870e-01   7.2612869e-01  -3.7613617e-02  -1.3660500e-16   1.2577663e-16  -2.1379944e-16   2.8317996e-16
 28   5.0238240e+01   9.9972898e-01   7.2626461e-01   7.2626460e-01  -3.2781630e-02  -1.3850658e-16   1.2798556e-16  -2.0763585e-16   2.8049425e-16
 29   5.0241736e+01   9.9976376e-01   7.2638306e-01   7.2638306e-01  -2.8570342e-02  -1.6072616e-16   1.5167705e-16  -2.1515544e-16   3.0843264e-16
 30   5.0244784e+01   9.9979409e-01   7.2648631e-01   7.2648631e-01  -2.4900029e-02  -1.6173900e-16   1.3641439e-16  -2.1775779e-16   3.0362286e-16
 31   5.0247441e+01   9.9982052e-01   7.2657630e-01   7.2657629e-01  -2.1701204e-02  -1.6887723e-16   1.5670062e-16  -2.0088656e-16   3.0566323e-16
 32   5.0249757e+01   9.9984357e-01   7.2665472e-01   7.2665472e-01  -1.8913305e-02  -1.7851151e-16   1.5352399e-16  -2.1632939e-16   3.1974111e-16
 33   5.0251777e+01   9.9986366e-01   7.2672308e-01   7.2672308e-01  -1.6483549e-02  -1.6647964e-16   1.5700624e-16  -2.1932161e-16   3.1696751e-16
 34   5.0253536e+01   9.9988116e-01   7.2678266e-01   7.2678265e-01  -1.4365930e-02  -1.8755917e-16   1.6564292e-16  -1.9198022e-16   3.1539249e-16
 35   5.0255070e+01   9.9989642e-01   7.2683458e-01   7.2683458e-01  -1.2520351e-02  -1.8503275e-16   1.6394666e-16  -2.1160996e-16   3.2541420e-16
 36   5.0256408e+01   9.9990973e-01   7.2687984e-01   7.2687983e-01  -1.0911867e-02  -1.9500734e-16   1.7979100e-16  -2.1444041e-16   3.4108262e-16
 37   5.0257573e+01   9.9992132e-01   7.2691928e-01   7.2691927e-01  -9.5100201e-03  -1.9686759e-16   1.6865738e-16  -2.0200379e-16   3.2864524e-16
 38   5.0258589e+01   9.9993143e-01   7.2695365e-01   7.2695365e-01  -8.2882653e-03  -1.8636635e-16   1.7193059e-16  -2.1329254e-16   3.3134008e-16
 39   5.0259474e+01   9.9994023e-01   7.2698361e-01   7.2698361e-01  -7.2234674e-03  -1.9247155e-16   1.6900657e-16  -1.7248164e-16   3.0880161e-16
 40   5.0260246e+01   9.9994791e-01   7.2700972e-01   7.2700972e-01  -6.2954629e-03  -1.9431577e-16   1.8599673e-16  -2.0814645e-16   3.4011520e-16
 41   5.0260919e+01   9.9995460e-01   7.2703248e-01   7.2703248e-01  -5.4866785e-03  -2.0800971e-16   1.8231228e-16  -2.0241868e-16   3.4275229e-16
 42   5.0261505e+01   9.9996043e-01   7.2705231e-01   7.2705231e-01  -4.7817985e-03  -1.9890679e-16   1.8456619e-16  -1.8939440e-16   3.3090607e-16
Found horizon 0 (hmean)
 mass_irr = 0.999960
 meanradius = 0.727052
 minradius = 0.727052
 hrms = 0.000000
 hmean = -0.004782
 Sx = -0.000000
 Sy = 0.000000
 Sz = -0.000000
 S  = 0.000000
time=3.5015, cycle=4

Searching for horizon 0
center = (-0.000000, -0.000000, -0.000000)
r_mean = 0.727052
 iter      area            mass         meanradius       minradius        hmean            Sx              Sy              Sz             S
  0   4.8848573e+01   9.8580499e-01   7.2705231e-01   7.2705231e-01  -1.5121313e+00  -2.7203794e-17  -1.5042695e-15  -3.3815003e-16   1.5420481e-15
  1   4.9023387e+01   9.8756736e-01   7.3272036e-01   7.3272035e-01  -1.3183102e+00  -4.1307882e-16  -1.2244069e-15  -6.0259253e-17   1.2936142e-15
  2   4.9177526e+01   9.8911870e-01   7.3767241e-01   7.3767240e-01  -1.1492536e+00  -6.0038679e-16  -9.7874855e-16   1.7409917e-16   1.1613456e-15
  3   4.9313202e+01   9.9048219e-01   7.4199713e-01   7.4199712e-01  -1.0018225e+00  -5.5240903e-16  -8.1056924e-16   3.5406361e-16   1.0428515e-15
  4   4.9432453e+01   9.9167909e-01   7.4577272e-01   7.4577271e-01  -8.7326802e-01  -4.3385376e-16  -7.0626518e-16   4.8487013e-16   9.6028050e-16
  5   4.9537142e+01   9.9272862e-01   7.4906801e-01   7.4906800e-01  -7.6118404e-01  -2.4240754e-16  -6.5825474e-16   5.9029569e-16   9.1679317e-16
  6   4.9628951e+01   9.9364813e-01   7.5194344e-01   7.5194343e-01  -6.6346843e-01  -3.6706234e-17  -6.0199961e-16   6.5942368e-16   8.9363889e-16
  7   4.9709395e+01   9.9445311e-01   7.5445204e-01   7.5445203e-01  -5.7828527e-01   1.7473165e-16  -6.0195984e-16   7.0980466e-16   9.4694744e-16
  8   4.9779829e+01   9.9515739e-01   7.5664027e-01   7.5664026e-01  -5.0402995e-01   3.5434350e-16  -6.0991955e-16   7.5754476e-16   1.0351016e-15
  9   4.9841459e+01   9.9577323e-01   7.5854879e-01   7.5854878e-01  -4.3930351e-01   5.0476244e-16  -6.2051586e-16   7.7820953e-16   1.1159906e-15
 10   4.9895357e+01   9.9631149e-01   7.6021317e-01   7.6021317e-01  -3.8288511e-01   6.2052011e-16  -6.2063761e-16   8.0638694e-16   1.1918457e-15
 11   4.9942471e+01   9.9678176e-01   7.6166452e-01   7.6166452e-01  -3.3370937e-01   7.5219098e-16  -6.3620859e-16   8.2432016e-16   1.2845452e-15
 12   4.9983637e+01   9.9719249e-01   7.6293000e-01   7.6292999e-01  -2.9084745e-01   8.3846940e-16  -6.5192025e-16   8.4179449e-16   1.3552302e-15
 13   5.0019595e+01   9.9755112e-01   7.6403334e-01   7.6403334e-01  -2.5348921e-01   9.1415801e-16  -6.5447714e-16   8.4493473e-16   1.4063925e-15
 14   5.0050995e+01   9.9786417e-01   7.6499526e-01   7.6499526e-01  -2.2092845e-01   9.5868012e-16  -6.5706673e-16   8.6171180e-16   1.4468419e-15
 15   5.0078406e+01   9.9813738e-01   7.6583386e-01   7.6583385e-01  -1.9254948e-01   1.0065452e-15  -6.4942508e-16   8.4927278e-16   1.4683836e-15
 16   5.0102330e+01   9.9837578e-01   7.6656490e-01   7.6656490e-01  -1.6781525e-01   1.0509395e-15  -6.4695204e-16   8.4010226e-16   1.4929141e-15
 17   5.0123208e+01   9.9858377e-01   7.6720217e-01   7.6720216e-01  -1.4625790e-01   1.0684921e-15  -6.6179103e-16   8.2937349e-16   1.5058230e-15
 18   5.0141423e+01   9.9876520e-01   7.6775767e-01   7.6775766e-01  -1.2746948e-01   1.0920461e-15  -6.6297634e-16   8.1414562e-16   1.5149044e-15
 19   5.0157314e+01   9.9892344e-01   7.6824189e-01   7.6824188e-01  -1.1109443e-01   1.1253869e-15  -6.5147170e-16   8.1657924e-16   1.5354845e-15
 20   5.0171174e+01   9.9906146e-01   7.6866395e-01   7.6866395e-01  -9.6822806e-02   1.1434172e-15  -6.6897407e-16   8.2010333e-16   1.5580432e-15
 21   5.0183262e+01   9.9918181e-01   7.6903184e-01   7.6903184e-01  -8.4384453e-02   1.1448154e-15  -6.6431806e-16   8.0582645e-16   1.5496055e-15
 22   5.0193804e+01   9.9928675e-01   7.6935250e-01   7.6935250e-01  -7.3544208e-02   1.1609142e-15  -6.6388480e-16   7.9492938e-16   1.5557562e-15
 23   5.0202997e+01   9.9937826e-01   7.6963200e-01   7.6963199e-01  -6.4096206e-02   1.1759160e-15  -6.5514470e-16   7.7998344e-16   1.5557529e-15
 24   5.0211013e+01   9.9945803e-01   7.6987560e-01   7.6987559e-01  -5.5861913e-02   1.1772136e-15  -6.5775172e-16   7.8344596e-16   1.5595694e-15
 25   5.0218002e+01   9.9952759e-01   7.7008792e-01   7.7008792e-01  -4.8685426e-02   1.1879732e-15  -6.5075893e-16   7.7858748e-16   1.5623591e-15
 26   5.0224095e+01   9.9958822e-01   7.7027298e-01   7.7027297e-01  -4.2430863e-02   1.1904564e-15  -6.4112783e-16   7.6698037e-16   1.5545064e-15
 27   5.0229407e+01   9.9964108e-01   7.7043427e-01   7.7043426e-01  -3.6979798e-02   1.1997636e-15  -6.3857957e-16   7.8092060e-16   1.5674991e-15
 28   5.0234037e+01   9.9968716e-01   7.7057485e-01   7.7057484e-01  -3.2229013e-02   1.1900332e-15  -6.5759045e-16   7.5329056e-16   1.5543651e-15
 29   5.0238074e+01   9.9972733e-01   7.7069737e-01   7.7069736e-01  -2.8088503e-02   1.1981710e-15  -6.6035763e-16   7.7216444e-16   1.5709627e-15
 30   5.0241593e+01   9.9976234e-01   7.7080415e-01   7.7080415e-01  -2.4479962e-02   1.1748851e-15  -6.6185652e-16   7.7234920e-16   1.5540053e-15
 31   5.0244661e+01   9.9979286e-01   7.7089722e-01   7.7089721e-01  -2.1335006e-02   1.2008628e-15  -6.6832022e-16   7.5787094e-16   1.5694240e-15
 32   5.0247334e+01   9.9981946e-01   7.7097834e-01   7.7097833e-01  -1.8594080e-02   1.1811070e-15  -6.7257123e-16   7.4912486e-16   1.5519517e-15
 33   5.0249665e+01   9.9984265e-01   7.7104903e-01   7.7104902e-01  -1.6205277e-02   1.1831164e-15  -6.6488067e-16   7.6935942e-16   1.5600463e-15
 34   5.0251696e+01   9.9986286e-01   7.7111064e-01   7.7111064e-01  -1.4123365e-02   1.1731841e-15  -6.6035220e-16   7.6582806e-16   1.5488442e-15
 35   5.0253467e+01   9.9988047e-01   7.7116434e-01   7.7116433e-01  -1.2308917e-02   1.1869206e-15  -6.6337247e-16   7.5040891e-16   1.5530477e-15
 36   5.0255010e+01   9.9989582e-01   7.7121114e-01   7.7121113e-01  -1.0727572e-02   1.1978023e-15  -6.5985159e-16   7.6240973e-16   1.5656957e-15
 37   5.0256355e+01   9.9990921e-01   7.7125193e-01   7.7125192e-01  -9.3493842e-03   1.1936598e-15  -6.6604651e-16   7.6015894e-16   1.5640599e-15
 38   5.0257528e+01   9.9992087e-01   7.7128748e-01   7.7128747e-01  -8.1482531e-03   1.1753289e-15  -6.4554972e-16   7.3409153e-16   1.5287324e-15
 39   5.0258549e+01   9.9993103e-01   7.7131846e-01   7.7131845e-01  -7.1014327e-03   1.1906057e-15  -6.7093760e-16   7.4986048e-16   1.5588425e-15
 40   5.0259440e+01   9.9993989e-01   7.7134547e-01   7.7134546e-01  -6.1890986e-03   1.1786636e-15  -6.6810396e-16   7.4043378e-16   1.5439731e-15
 41   5.0260216e+01   9.9994761e-01   7.7136900e-01   7.7136899e-01  -5.3939734e-03   1.1931860e-15  -6.6715465e-16   7.4183937e-16   1.5553501e-15
 42   5.0260893e+01   9.9995434e-01   7.7138951e-01   7.7138950e-01  -4.7009991e-03   1.2053474e-15  -6.6455859e-16   7.5564141e-16   1.5701893e-15
Found horizon 0 (hmean)
 mass_irr = 0.999954
 meanradius = 0.771390
 minradius = 0.771389
 hrms = 0.000000
 hmean = -0.004701
 Sx = 0.000000
 Sy = -0.000000
 Sz = 0.000000
 S  = 0.000000
time=4.0083, cycle=4

Searching for horizon 0
center = (-0.000000, -0.000000, -0.000000)
r_mean = 0.771390
 iter      area            mass         meanradius       minradius        hmean            Sx              Sy              Sz             S
  0   4.8653863e+01   9.8383833e-01   7.7138951e-01   7.7138950e-01  -1.4893600e+00  -3.0861600e-15   1.1478971e-15  -2.3833435e-17   3.2928133e-15
  1   4.8855087e+01   9.8587072e-01   7.7729267e-01   7.7729266e-01  -1.2980320e+00  -2.8866184e-15   1.4932252e-15  -2.0761714e-16   3.2565922e-15
  2   4.9031911e+01   9.8765321e-01   7.8244315e-01   7.8244314e-01  -1.1312532e+00  -2.7677996e-15   1.7919759e-15  -4.6482441e-16   3.3298580e-15
  3   4.9187103e+01   9.8921501e-01   7.8693589e-01   7.8693588e-01  -9.8588705e-01  -2.6685649e-15   2.0280277e-15  -6.2581337e-16   3.4096594e-15
  4   4.9323171e+01   9.9058231e-01   7.9085419e-01   7.9085418e-01  -8.5919169e-01  -2.5430318e-15   2.1753272e-15  -7.5260914e-16   3.4300845e-15
  5   4.9442368e+01   9.9177853e-01   7.9427103e-01   7.9427102e-01  -7.4877384e-01  -2.4629912e-15   2.2398500e-15  -8.3455051e-16   3.4321609e-15
  6   4.9546709e+01   9.9282448e-01   7.9725025e-01   7.9725025e-01  -6.5254503e-01  -2.3887889e-15   2.2891846e-15  -9.0315500e-16   3.4296308e-15
  7   4.9637990e+01   9.9373861e-01   7.9984769e-01   7.9984768e-01  -5.6868326e-01  -2.3449903e-15   2.3044506e-15  -9.1102282e-16   3.4116616e-15
  8   4.9717803e+01   9.9453721e-01   8.0211211e-01   8.0211210e-01  -4.9560001e-01  -2.3024829e-15   2.2799270e-15  -9.2752193e-16   3.3704290e-15
  9   4.9787558e+01   9.9523465e-01   8.0408610e-01   8.0408610e-01  -4.3190986e-01  -2.2725930e-15   2.2506486e-15  -9.0020418e-16   3.3227197e-15
 10   4.9848500e+01   9.9584356e-01   8.0580684e-01   8.0580684e-01  -3.7640596e-01  -2.2552434e-15   2.2041474e-15  -8.8149975e-16   3.2743596e-15
 11   4.9901723e+01   9.9637505e-01   8.0730677e-01   8.0730676e-01  -3.2803567e-01  -2.2184723e-15   2.1671514e-15  -8.7683926e-16   3.2228888e-15
 12   4.9948193e+01   9.9683887e-01   8.0861418e-01   8.0861417e-01  -2.8588222e-01  -2.1866203e-15   2.1332080e-15  -8.2435758e-16   3.1640876e-15
 13   4.9988757e+01   9.9724356e-01   8.0975376e-01   8.0975375e-01  -2.4914644e-01  -2.1835292e-15   2.1275340e-15  -7.9217348e-16   3.1498793e-15
 14   5.0024158e+01   9.9759661e-01   8.1074703e-01   8.1074702e-01  -2.1713193e-01  -2.1367679e-15   2.0897752e-15  -7.5276490e-16   3.0821409e-15
 15   5.0055047e+01   9.9790456e-01   8.1161276e-01   8.1161276e-01  -1.8923169e-01  -2.1156715e-15   2.0782610e-15  -7.3454735e-16   3.0552896e-15
 16   5.0081995e+01   9.9817315e-01   8.1236733e-01   8.1236732e-01  -1.6491679e-01  -2.0900128e-15   2.0133215e-15  -7.1818626e-16   2.9895499e-15
 17   5.0105502e+01   9.9840738e-01   8.1302499e-01   8.1302498e-01  -1.4372667e-01  -2.0660992e-15   2.0084828e-15  -7.0308512e-16   2.9659902e-15
 18   5.0126005e+01   9.9861163e-01   8.1359819e-01   8.1359818e-01  -1.2525957e-01  -2.0502115e-15   2.0050852e-15  -6.8232806e-16   2.9477628e-15
 19   5.0143886e+01   9.9878972e-01   8.1409777e-01   8.1409776e-01  -1.0916547e-01  -2.0360636e-15   1.9748668e-15  -6.7302325e-16   2.9152383e-15
 20   5.0159479e+01   9.9894500e-01   8.1453318e-01   8.1453318e-01  -9.5139416e-02  -2.0183071e-15   1.9698310e-15  -6.7821951e-16   2.9006515e-15
 21   5.0173075e+01   9.9908039e-01   8.1491267e-01   8.1491267e-01  -8.2915619e-02  -1.9949538e-15   1.9742856e-15  -6.4120127e-16   2.8790247e-15
 22   5.0184930e+01   9.9919841e-01   8.1524341e-01   8.1524341e-01  -7.2262495e-02  -1.9961833e-15   1.9482871e-15  -6.6847320e-16   2.8683491e-15
 23   5.0195266e+01   9.9930130e-01   8.1553167e-01   8.1553167e-01  -6.2978163e-02  -1.9862882e-15   1.9457861e-15  -6.3730030e-16   2.8526437e-15
 24   5.0204277e+01   9.9939099e-01   8.1578290e-01   8.1578290e-01  -5.4886760e-02  -1.9885849e-15   1.9311502e-15  -6.1915733e-16   2.8402758e-15
 25   5.0212133e+01   9.9946918e-01   8.1600186e-01   8.1600185e-01  -4.7834984e-02  -1.9648321e-15   1.9300466e-15  -6.3503170e-16   2.8264660e-15
 26   5.0218981e+01   9.9953734e-01   8.1619269e-01   8.1619268e-01  -4.1689428e-02  -1.9674309e-15   1.9124405e-15  -6.2050395e-16   2.8130479e-15
 27   5.0224951e+01   9.9959674e-01   8.1635901e-01   8.1635900e-01  -3.6333289e-02  -1.9703007e-15   1.9066647e-15  -6.0528222e-16   2.8078144e-15
 28   5.0230155e+01   9.9964853e-01   8.1650396e-01   8.1650395e-01  -3.1665313e-02  -1.9577703e-15   1.9167178e-15  -6.0551420e-16   2.8059435e-15
 29   5.0234691e+01   9.9969366e-01   8.1663029e-01   8.1663028e-01  -2.7597079e-02  -1.9535438e-15   1.8984339e-15  -6.0356113e-16   2.7901023e-15
 30   5.0238644e+01   9.9973300e-01   8.1674039e-01   8.1674039e-01  -2.4051529e-02  -1.9515914e-15   1.9092241e-15  -6.0161723e-16   2.7956732e-15
 31   5.0242091e+01   9.9976729e-01   8.1683635e-01   8.1683634e-01  -2.0961505e-02  -1.9325242e-15   1.8926304e-15  -6.0891717e-16   2.7726305e-15
 32   5.0245095e+01   9.9979718e-01   8.1691998e-01   8.1691997e-01  -1.8268480e-02  -1.9447350e-15   1.8925826e-15  -5.8338714e-16   2.7756447e-15
 33   5.0247713e+01   9.9982323e-01   8.1699286e-01   8.1699286e-01  -1.5921447e-02  -1.9323973e-15   1.8994230e-15  -5.8765898e-16   2.7725999e-15
 34   5.0249995e+01   9.9984593e-01   8.1705639e-01   8.1705638e-01  -1.3875951e-02  -1.9420492e-15   1.8950655e-15  -6.0688348e-16   2.7804920e-15
 35   5.0251984e+01   9.9986572e-01   8.1711175e-01   8.1711174e-01  -1.2093253e-02  -1.9247527e-15   1.8864065e-15  -5.9179210e-16   2.7592428e-15
 36   5.0253718e+01   9.9988297e-01   8.1716000e-01   8.1715999e-01  -1.0539587e-02  -1.9229816e-15   1.8901922e-15  -5.8867120e-16   2.7599309e-15
 37   5.0255229e+01   9.9989800e-01   8.1720205e-01   8.1720204e-01  -9.1855285e-03  -1.9278866e-15   1.8694467e-15  -5.8573684e-16   2.7485751e-15
 38   5.0256545e+01   9.9991110e-01   8.1723870e-01   8.1723869e-01  -8.0054322e-03  -1.9164352e-15   1.8864910e-15  -5.9160893e-16   2.7534657e-15
 39   5.0257693e+01   9.9992252e-01   8.1727064e-01   8.1727063e-01  -6.9769481e-03  -1.9120623e-15   1.8715820e-15  -5.7395067e-16   2.7364613e-15
 40   5.0258694e+01   9.9993247e-01   8.1729847e-01   8.1729847e-01  -6.0805975e-03  -1.9301110e-15   1.8836864e-15  -5.7737023e-16   2.7580716e-15
 41   5.0259565e+01   9.9994114e-01   8.1732274e-01   8.1732273e-01  -5.2994045e-03  -1.9091298e-15   1.8769138e-15  -5.8318721e-16   2.7400163e-15
 42   5.0260325e+01   9.9994870e-01   8.1734388e-01   8.1734387e-01  -4.6185743e-03  -1.9217632e-15   1.8751413e-15  -5.7133044e-16   2.7451316e-15
Found horizon 0 (hmean)
 mass_irr = 0.999949
 meanradius = 0.817344
 minradius = 0.817344
 hrms = 0.000000
 hmean = -0.004619
 Sx = -0.000000
 Sy = 0.000000
 Sz = -0.000000
 S  = 0.000000
time=4.5144, cycle=4

Searching for horizon 0
center = (-0.000000, -0.000000, -0.000000)
r_mean = 0.817344
 iter      area            mass         meanradius       minradius        hmean            Sx              Sy              Sz             S
  0   4.8538980e+01   9.8267610e-01   8.1734388e-01   8.1734387e-01  -1.4197777e+00  -8.1123017e-16   3.8829665e-17  -1.6535375e-15   1.8422238e-15
  1   4.8756661e+01   9.8487712e-01   8.2326833e-01   8.2326832e-01  -1.2369658e+00  -5.1618694e-16   1.0961984e-16  -1.7999595e-15   1.8757184e-15
  2   4.8947415e+01   9.8680184e-01   8.2843065e-01   8.2843064e-01  -1.0777154e+00  -2.4899066e-16   1.0039133e-16  -1.9806625e-15   1.9987743e-15
  3   4.9114435e+01   9.8848401e-01   8.3292868e-01   8.3292867e-01  -9.3898956e-01  -2.7515439e-17   1.2308229e-17  -2.0563706e-15   2.0565915e-15
  4   4.9260575e+01   9.8995353e-01   8.3684781e-01   8.3684781e-01  -8.1814097e-01   1.1264823e-16  -8.7262287e-17  -2.0911427e-15   2.0959919e-15
  5   4.9388370e+01   9.9123681e-01   8.4026254e-01   8.4026254e-01  -7.1286316e-01   2.1930728e-16  -1.8622448e-16  -2.0675608e-15   2.0874824e-15
  6   4.9500071e+01   9.9235711e-01   8.4323779e-01   8.4323779e-01  -6.2114692e-01   2.6294817e-16  -2.5716350e-16  -2.0005670e-15   2.0340951e-15
  7   4.9597664e+01   9.9333487e-01   8.4583016e-01   8.4583016e-01  -5.4124292e-01   2.8477191e-16  -3.1114665e-16  -1.9108254e-15   1.9568242e-15
  8   4.9682900e+01   9.9418806e-01   8.4808895e-01   8.4808895e-01  -4.7162749e-01   2.6242343e-16  -3.1248824e-16  -1.8064114e-15   1.8519279e-15
  9   4.9757323e+01   9.9493241e-01   8.5005713e-01   8.5005713e-01  -4.1097390e-01   2.3936206e-16  -3.4016696e-16  -1.7355895e-15   1.7847349e-15
 10   4.9822288e+01   9.9558171e-01   8.5177211e-01   8.5177211e-01  -3.5812686e-01   2.0442958e-16  -3.2182404e-16  -1.6464879e-15   1.6900546e-15
 11   4.9878985e+01   9.9614802e-01   8.5326649e-01   8.5326649e-01  -3.1208028e-01   1.4603310e-16  -3.2149317e-16  -1.5413853e-15   1.5813135e-15
 12   4.9928456e+01   9.9664190e-01   8.5456867e-01   8.5456867e-01  -2.7195799e-01   1.1591004e-16  -3.0036475e-16  -1.4918945e-15   1.5262383e-15
 13   4.9971616e+01   9.9707257e-01   8.5570340e-01   8.5570340e-01  -2.3699696e-01   5.1562461e-17  -2.5511866e-16  -1.4313370e-15   1.4548092e-15
 14   5.0009265e+01   9.9744810e-01   8.5669222e-01   8.5669222e-01  -2.0653256e-01   2.9671699e-17  -2.2056530e-16  -1.3630104e-15   1.3810600e-15
 15   5.0042102e+01   9.9777552e-01   8.5755390e-01   8.5755390e-01  -1.7998596e-01  -1.1621240e-17  -2.0874377e-16  -1.3230462e-15   1.3394627e-15
 16   5.0070740e+01   9.9806098e-01   8.5830480e-01   8.5830480e-01  -1.5685290e-01  -5.7000507e-17  -1.5430031e-16  -1.2902942e-15   1.3007370e-15
 17   5.0095713e+01   9.9830984e-01   8.5895918e-01   8.5895917e-01  -1.3669412e-01  -7.3473608e-17  -1.5662595e-16  -1.2690488e-15   1.2807868e-15
 18   5.0117489e+01   9.9852679e-01   8.5952943e-01   8.5952943e-01  -1.1912697e-01  -1.1452693e-16  -1.2097484e-16  -1.2318535e-15   1.2430665e-15
 19   5.0136475e+01   9.9871592e-01   8.6002640e-01   8.6002640e-01  -1.0381807e-01  -1.5579194e-16  -1.0928530e-16  -1.2136334e-15   1.2284626e-15
 20   5.0153029e+01   9.9888078e-01   8.6045949e-01   8.6045948e-01  -9.0476988e-02  -1.9593884e-16  -8.4394960e-17  -1.2002214e-15   1.2190348e-15
 21   5.0167461e+01   9.9902448e-01   8.6083691e-01   8.6083691e-01  -7.8850657e-02  -1.8772447e-16  -5.8219589e-17  -1.1632494e-15   1.1797369e-15
 22   5.0180042e+01   9.9914975e-01   8.6116584e-01   8.6116584e-01  -6.8718595e-02  -2.2218113e-16  -2.8756644e-17  -1.1681021e-15   1.1893922e-15
 23   5.0191010e+01   9.9925893e-01   8.6145249e-01   8.6145249e-01  -5.9888662e-02  -2.2856915e-16  -1.5554840e-17  -1.1643465e-15   1.1866713e-15
 24   5.0200570e+01   9.9935410e-01   8.6170231e-01   8.6170231e-01  -5.2193506e-02  -2.5014923e-16  -6.8027380e-19  -1.1401716e-15   1.1672902e-15
 25   5.0208904e+01   9.9943705e-01   8.6192003e-01   8.6192003e-01  -4.5487233e-02  -2.5814484e-16   3.1141837e-18  -1.1277461e-15   1.1569182e-15
 26   5.0216169e+01   9.9950935e-01   8.6210977e-01   8.6210977e-01  -3.9642734e-02  -2.9183192e-16   1.5041197e-17  -1.1445548e-15   1.1812696e-15
 27   5.0222501e+01   9.9957236e-01   8.6227513e-01   8.6227513e-01  -3.4549248e-02  -2.7509711e-16   3.5488473e-17  -1.1120454e-15   1.1461164e-15
 28   5.0228020e+01   9.9962729e-01   8.6241924e-01   8.6241924e-01  -3.0110251e-02  -2.9471343e-16   2.0931712e-17  -1.1123668e-15   1.1509361e-15
 29   5.0232831e+01   9.9967516e-01   8.6254484e-01   8.6254484e-01  -2.6241633e-02  -2.9058128e-16   4.8082810e-17  -1.1107040e-15   1.1490921e-15
 30   5.0237024e+01   9.9971688e-01   8.6265430e-01   8.6265429e-01  -2.2870094e-02  -2.7876307e-16   3.0940094e-17  -1.0897813e-15   1.1252952e-15
 31   5.0240679e+01   9.9975324e-01   8.6274969e-01   8.6274969e-01  -1.9931756e-02  -3.0907977e-16   4.3120638e-17  -1.0760709e-15   1.1204098e-15
 32   5.0243864e+01   9.9978494e-01   8.6283283e-01   8.6283283e-01  -1.7370953e-02  -3.2735555e-16   6.0502368e-17  -1.1029234e-15   1.1520687e-15
 33   5.0246641e+01   9.9981256e-01   8.6290528e-01   8.6290528e-01  -1.5139172e-02  -3.2919013e-16   5.1151485e-17  -1.0747891e-15   1.1252351e-15
 34   5.0249061e+01   9.9983664e-01   8.6296843e-01   8.6296843e-01  -1.3194136e-02  -3.2053849e-16   7.1297488e-17  -1.0861736e-15   1.1347252e-15
 35   5.0251170e+01   9.9985762e-01   8.6302347e-01   8.6302346e-01  -1.1499000e-02  -3.2817770e-16   6.1307599e-17  -1.1035939e-15   1.1529869e-15
 36   5.0253008e+01   9.9987590e-01   8.6307143e-01   8.6307143e-01  -1.0021679e-02  -3.4098165e-16   7.0218786e-17  -1.0743274e-15   1.1293266e-15
 37   5.0254610e+01   9.9989184e-01   8.6311323e-01   8.6311323e-01  -8.7341393e-03  -3.4039144e-16   7.4844560e-17  -1.0840063e-15   1.1386560e-15
 38   5.0256006e+01   9.9990573e-01   8.6314966e-01   8.6314966e-01  -7.6120206e-03  -3.5392750e-16   8.1400558e-17  -1.0850116e-15   1.1441770e-15
 39   5.0257223e+01   9.9991784e-01   8.6318141e-01   8.6318141e-01  -6.6340688e-03  -3.3609929e-16   7.8531940e-17  -1.0734802e-15   1.1276035e-15
 40   5.0258284e+01   9.9992839e-01   8.6320908e-01   8.6320908e-01  -5.7817611e-03  -3.4466835e-16   8.4082428e-17  -1.0669633e-15   1.1244006e-15
 41   5.0259208e+01   9.9993759e-01   8.6323320e-01   8.6323320e-01  -5.0389547e-03  -3.5518834e-16   8.6688113e-17  -1.0753794e-15   1.1358320e-15
 42   5.0260014e+01   9.9994560e-01   8.6325422e-01   8.6325422e-01  -4.3915808e-03  -3.5603858e-16   6.8661983e-17  -1.0717848e-15   1.1314595e-15
Found horizon 0 (hmean)
 mass_irr = 0.999946
 meanradius = 0.863254
 minradius = 0.863254
 hrms = 0.000000
 hmean = -0.004392
 Sx = -0.000000
 Sy = 0.000000
 Sz = -0.000000
 S  = 0.000000
time=5.0193, cycle=4

Searching for horizon 0
center = (-0.000000, -0.000000, -0.000000)
r_mean = 0.863254
 iter      area            mass         meanradius       minradius        hmean            Sx              Sy              Sz             S
  0   4.8498334e+01   9.8226457e-01   8.6325422e-01   8.6325422e-01  -1.3247156e+00   1.6619550e-15   8.5572908e-16  -1.3025153e-15   2.2783575e-15
  1   4.8722790e+01   9.8453497e-01   8.6904231e-01   8.6904231e-01  -1.1537879e+00   1.3635786e-15   1.0238994e-15  -1.5975089e-15   2.3366111e-15
  2   4.8919066e+01   9.8651604e-01   8.7408033e-01   8.7408032e-01  -1.0049799e+00   1.0352166e-15   1.1837536e-15  -1.7960968e-15   2.3872389e-15
  3   4.9090611e+01   9.8824424e-01   8.7846596e-01   8.7846596e-01  -8.7541724e-01   7.8727157e-16   1.3161478e-15  -1.9850288e-15   2.5084619e-15
  4   4.9240478e+01   9.8975158e-01   8.8228412e-01   8.8228412e-01  -7.6260087e-01   6.0183734e-16   1.3901176e-15  -2.0996290e-15   2.5890301e-15
  5   4.9371359e+01   9.9106608e-01   8.8560858e-01   8.8560858e-01  -6.6435744e-01   4.6451270e-16   1.4093736e-15  -2.1499300e-15   2.6123370e-15
  6   4.9485625e+01   9.9221229e-01   8.8850348e-01   8.8850348e-01  -5.7879741e-01   3.6852318e-16   1.4005873e-15  -2.2389644e-15   2.6665363e-15
  7   4.9585361e+01   9.9321167e-01   8.9102455e-01   8.9102455e-01  -5.0427757e-01   2.7451659e-16   1.3393446e-15  -2.2824475e-15   2.6605958e-15
  8   4.9672396e+01   9.9408296e-01   8.9322026e-01   8.9322025e-01  -4.3936868e-01   1.6828346e-16   1.2616818e-15  -2.3447426e-15   2.6679539e-15
  9   4.9748334e+01   9.9484253e-01   8.9513274e-01   8.9513273e-01  -3.8282755e-01   1.0807809e-16   1.1801905e-15  -2.4053522e-15   2.6814641e-15
 10   4.9814578e+01   9.9550467e-01   8.9679864e-01   8.9679864e-01  -3.3357248e-01   2.6598390e-17   1.1004663e-15  -2.4005629e-15   2.6409157e-15
 11   4.9872360e+01   9.9608186e-01   8.9824985e-01   8.9824984e-01  -2.9066235e-01  -3.1292682e-17   1.0267110e-15  -2.4353811e-15   2.6431413e-15
 12   4.9922754e+01   9.9658499e-01   8.9951410e-01   8.9951409e-01  -2.5327800e-01  -1.0557673e-16   9.7373177e-16  -2.4667437e-15   2.6540770e-15
 13   4.9966701e+01   9.9702354e-01   9.0061553e-01   9.0061553e-01  -2.2070657e-01  -1.3847104e-16   9.0119607e-16  -2.4635797e-15   2.6268905e-15
 14   5.0005023e+01   9.9740579e-01   9.0157516e-01   9.0157516e-01  -1.9232726e-01  -1.6838461e-16   8.5494505e-16  -2.4646039e-15   2.6141073e-15
 15   5.0038436e+01   9.9773897e-01   9.0241128e-01   9.0241127e-01  -1.6759977e-01  -2.1755755e-16   8.2354375e-16  -2.4721348e-15   2.6147669e-15
 16   5.0067569e+01   9.9802937e-01   9.0313980e-01   9.0313979e-01  -1.4605353e-01  -2.4652853e-16   7.8017688e-16  -2.4705166e-15   2.6024804e-15
 17   5.0092967e+01   9.9828248e-01   9.0377459e-01   9.0377459e-01  -1.2727881e-01  -2.7931707e-16   7.2059650e-16  -2.4447161e-15   2.5639645e-15
 18   5.0115110e+01   9.9850309e-01   9.0432772e-01   9.0432772e-01  -1.1091871e-01  -3.1224371e-16   6.8337712e-16  -2.4604142e-15   2.5725743e-15
 19   5.0134412e+01   9.9869537e-01   9.0480972e-01   9.0480972e-01  -9.6662417e-02  -3.2389854e-16   6.7225096e-16  -2.4624576e-15   2.5730389e-15
 20   5.0151239e+01   9.9886295e-01   9.0522973e-01   9.0522973e-01  -8.4239171e-02  -3.6653287e-16   6.4710541e-16  -2.4457500e-15   2.5563225e-15
 21   5.0165907e+01   9.9900901e-01   9.0559574e-01   9.0559573e-01  -7.3413117e-02  -3.9642785e-16   6.1509962e-16  -2.4673498e-15   2.5735807e-15
 22   5.0178692e+01   9.9913631e-01   9.0591469e-01   9.0591469e-01  -6.3978786e-02  -3.9101955e-16   5.9864345e-16  -2.4512911e-15   2.5534484e-15
 23   5.0189837e+01   9.9924725e-01   9.0619264e-01   9.0619263e-01  -5.5757171e-02  -4.3892086e-16   6.0095508e-16  -2.4559369e-15   2.5662082e-15
 24   5.0199551e+01   9.9934395e-01   9.0643486e-01   9.0643485e-01  -4.8592313e-02  -4.4675431e-16   5.8235961e-16  -2.4518415e-15   2.5593474e-15
 25   5.0208018e+01   9.9942823e-01   9.0664594e-01   9.0664594e-01  -4.2348326e-02  -4.5093035e-16   5.8224648e-16  -2.4406644e-15   2.5493513e-15
 26   5.0215398e+01   9.9950168e-01   9.0682990e-01   9.0682990e-01  -3.6906812e-02  -4.6026991e-16   5.7019338e-16  -2.4695819e-15   2.5760054e-15
 27   5.0221830e+01   9.9956569e-01   9.0699021e-01   9.0699021e-01  -3.2164604e-02  -4.4964498e-16   5.3345882e-16  -2.4384600e-15   2.5363056e-15
 28   5.0227437e+01   9.9962148e-01   9.0712992e-01   9.0712992e-01  -2.8031809e-02  -4.6718387e-16   5.5222138e-16  -2.4502352e-15   2.5547724e-15
 29   5.0232323e+01   9.9967011e-01   9.0725168e-01   9.0725168e-01  -2.4430091e-02  -4.9491791e-16   5.3830699e-16  -2.4613805e-15   2.5677057e-15
 30   5.0236582e+01   9.9971248e-01   9.0735779e-01   9.0735779e-01  -2.1291192e-02  -5.0318830e-16   5.2901529e-16  -2.4582629e-15   2.5643931e-15
 31   5.0240294e+01   9.9974942e-01   9.0745027e-01   9.0745026e-01  -1.8555630e-02  -4.8834775e-16   5.3980052e-16  -2.4379830e-15   2.5443328e-15
 32   5.0243530e+01   9.9978161e-01   9.0753086e-01   9.0753086e-01  -1.6171567e-02  -5.2284686e-16   5.3297690e-16  -2.4458552e-15   2.5572721e-15
 33   5.0246349e+01   9.9980966e-01   9.0760110e-01   9.0760110e-01  -1.4093834e-02  -5.2152592e-16   5.1905105e-16  -2.4476236e-15   2.5558296e-15
 34   5.0248807e+01   9.9983411e-01   9.0766231e-01   9.0766231e-01  -1.2283064e-02  -5.0381207e-16   5.1148408e-16  -2.4323910e-15   2.5361326e-15
 35   5.0250949e+01   9.9985542e-01   9.0771566e-01   9.0771565e-01  -1.0704953e-02  -5.3000998e-16   5.0620953e-16  -2.4497350e-15   2.5570218e-15
 36   5.0252816e+01   9.9987399e-01   9.0776215e-01   9.0776215e-01  -9.3296041e-03  -5.3621811e-16   5.0830050e-16  -2.4352338e-15   2.5448503e-15
 37   5.0254442e+01   9.9989018e-01   9.0780267e-01   9.0780267e-01  -8.1309637e-03  -5.2198545e-16   5.0620796e-16  -2.4513342e-15   2.5569033e-15
 38   5.0255860e+01   9.9990428e-01   9.0783798e-01   9.0783798e-01  -7.0863263e-03  -5.1771370e-16   4.9020136e-16  -2.4317363e-15   2.5341007e-15
 39   5.0257096e+01   9.9991658e-01   9.0786876e-01   9.0786876e-01  -6.1759040e-03  -5.2878071e-16   4.9149427e-16  -2.4288815e-15   2.5338984e-15
 40   5.0258173e+01   9.9992729e-01   9.0789558e-01   9.0789558e-01  -5.3824519e-03  -5.4590760e-16   5.1563566e-16  -2.4394508e-15   2.5524136e-15
 41   5.0259112e+01   9.9993663e-01   9.0791896e-01   9.0791895e-01  -4.6909412e-03  -5.2920971e-16   5.0391688e-16  -2.4402410e-15   2.5473067e-15
Found horizon 0 (hmean)
 mass_irr = 0.999937
 meanradius = 0.907919
 minradius = 0.907919
 hrms = 0.000000
 hmean = -0.004691
 Sx = -0.000000
 Sy = 0.000000
 Sz = -0.000000
 S  = 0.000000
time=5.5228, cycle=4

Searching for horizon 0
center = (-0.000000, -0.000000, -0.000000)
r_mean = 0.907919
 iter      area            mass         meanradius       minradius        hmean            Sx              Sy              Sz             S
  0   4.8533753e+01   9.8262319e-01   9.0791896e-01   9.0791895e-01  -1.2082771e+00   5.4867377e-16  -1.6636985e-15  -1.6212212e-16   1.7593235e-15
  1   4.8754883e+01   9.8485917e-01   9.1341483e-01   9.1341483e-01  -1.0521216e+00   1.9269861e-16  -1.9621388e-15  -2.1016203e-16   1.9827480e-15
  2   4.8947955e+01   9.8680729e-01   9.1819472e-01   9.1819471e-01  -9.1623880e-01  -9.9385665e-17  -2.2636601e-15  -2.4541731e-16   2.2790929e-15
  3   4.9116479e+01   9.8850458e-01   9.2235285e-01   9.2235284e-01  -7.9797745e-01  -3.3955251e-16  -2.5928307e-15  -2.7929469e-16   2.6298426e-15
  4   4.9263543e+01   9.8998335e-01   9.2597086e-01   9.2597086e-01  -6.9503686e-01  -4.5126931e-16  -2.8801941e-15  -3.7174624e-16   2.9389381e-15
  5   4.9391852e+01   9.9127175e-01   9.2911951e-01   9.2911951e-01  -6.0541980e-01  -5.4841704e-16  -3.0833600e-15  -4.7083555e-16   3.1669475e-15
  6   4.9503782e+01   9.9239430e-01   9.3186016e-01   9.3186016e-01  -5.2739192e-01  -6.1077156e-16  -3.3015887e-15  -5.5265752e-16   3.4027871e-15
  7   4.9601408e+01   9.9337237e-01   9.3424604e-01   9.3424604e-01  -4.5944676e-01  -6.7229661e-16  -3.4095532e-15  -6.6297467e-16   3.5378766e-15
  8   4.9686550e+01   9.9422458e-01   9.3632336e-01   9.3632335e-01  -4.0027548e-01  -7.4872130e-16  -3.5429916e-15  -7.2279918e-16   3.6926700e-15
  9   4.9760797e+01   9.9496714e-01   9.3813223e-01   9.3813223e-01  -3.4874037e-01  -7.9566639e-16  -3.6160967e-15  -7.9092888e-16   3.7861337e-15
 10   4.9825537e+01   9.9561416e-01   9.3970752e-01   9.3970752e-01  -3.0385236e-01  -8.2069433e-16  -3.6280895e-15  -8.5499117e-16   3.8167502e-15
 11   4.9881984e+01   9.9617797e-01   9.4107952e-01   9.4107951e-01  -2.6475129e-01  -8.7703658e-16  -3.7048806e-15  -8.8496356e-16   3.9087714e-15
 12   4.9931197e+01   9.9666926e-01   9.4227456e-01   9.4227455e-01  -2.3068897e-01  -9.0141329e-16  -3.7020167e-15  -9.4535553e-16   3.9257064e-15
 13   4.9974102e+01   9.9709737e-01   9.4331554e-01   9.4331553e-01  -2.0101440e-01  -9.3678860e-16  -3.7255495e-15  -9.6793922e-16   3.9615903e-15
 14   5.0011504e+01   9.9747043e-01   9.4422238e-01   9.4422237e-01  -1.7516117e-01  -9.4812149e-16  -3.7150982e-15  -1.0071023e-15   3.9642331e-15
 15   5.0044109e+01   9.9779553e-01   9.4501241e-01   9.4501240e-01  -1.5263613e-01  -9.5650705e-16  -3.7265704e-15  -1.0182601e-15   3.9798350e-15
 16   5.0072531e+01   9.9807883e-01   9.4570071e-01   9.4570070e-01  -1.3301012e-01  -9.8800636e-16  -3.7155096e-15  -1.0578698e-15   3.9875126e-15
 17   5.0097306e+01   9.9832572e-01   9.4630040e-01   9.4630040e-01  -1.1590945e-01  -1.0038872e-15  -3.7019947e-15  -1.0565147e-15   3.9785396e-15
 18   5.0118902e+01   9.9854087e-01   9.4682291e-01   9.4682291e-01  -1.0100875e-01  -1.0190591e-15  -3.7011812e-15  -1.0548648e-15   3.9812012e-15
 19   5.0137725e+01   9.9872837e-01   9.4727820e-01   9.4727819e-01  -8.8024668e-02  -1.0130948e-15  -3.6583462e-15  -1.1095589e-15   3.9548677e-15
 20   5.0154133e+01   9.9889177e-01   9.4767491e-01   9.4767491e-01  -7.6710419e-02  -1.0320056e-15  -3.6791346e-15  -1.0930671e-15   3.9744009e-15
 21   5.0168433e+01   9.9903417e-01   9.4802060e-01   9.4802059e-01  -6.6851060e-02  -1.0608723e-15  -3.6676356e-15  -1.1089175e-15   3.9757639e-15
 22   5.0180898e+01   9.9915827e-01   9.4832183e-01   9.4832182e-01  -5.8259368e-02  -1.0563542e-15  -3.6440718e-15  -1.1152811e-15   3.9546170e-15
 23   5.0191762e+01   9.9926642e-01   9.4858433e-01   9.4858432e-01  -5.0772230e-02  -1.0653190e-15  -3.6286150e-15  -1.1056717e-15   3.9400839e-15
 24   5.0201231e+01   9.9936067e-01   9.4881307e-01   9.4881307e-01  -4.4247564e-02  -1.0782572e-15  -3.6170175e-15  -1.1110524e-15   3.9344493e-15
 25   5.0209484e+01   9.9944282e-01   9.4901241e-01   9.4901241e-01  -3.8561580e-02  -1.0727533e-15  -3.6030444e-15  -1.1243622e-15   3.9238908e-15
 26   5.0216677e+01   9.9951440e-01   9.4918613e-01   9.4918612e-01  -3.3606423e-02  -1.0822421e-15  -3.6024852e-15  -1.1030848e-15   3.9199418e-15
 27   5.0222946e+01   9.9957679e-01   9.4933751e-01   9.4933751e-01  -2.9288121e-02  -1.0741653e-15  -3.6040573e-15  -1.1225618e-15   3.9246918e-15
 28   5.0228410e+01   9.9963117e-01   9.4946944e-01   9.4946944e-01  -2.5524796e-02  -1.0858295e-15  -3.5853531e-15  -1.1225108e-15   3.9107305e-15
 29   5.0233172e+01   9.9967855e-01   9.4958441e-01   9.4958441e-01  -2.2245102e-02  -1.1100632e-15  -3.5771048e-15  -1.1465103e-15   3.9169382e-15
 30   5.0237323e+01   9.9971985e-01   9.4968461e-01   9.4968460e-01  -1.9386869e-02  -1.1106294e-15  -3.5527842e-15  -1.1096260e-15   3.8842043e-15
 31   5.0240940e+01   9.9975584e-01   9.4977193e-01   9.4977193e-01  -1.6895925e-02  -1.1035345e-15  -3.5801938e-15  -1.1043890e-15   3.9057971e-15
 32   5.0244093e+01   9.9978721e-01   9.4984803e-01   9.4984802e-01  -1.4725051e-02  -1.0936014e-15  -3.5758820e-15  -1.1737425e-15   3.9192560e-15
 33   5.0246841e+01   9.9981455e-01   9.4991435e-01   9.4991434e-01  -1.2833135e-02  -1.1024178e-15  -3.5867644e-15  -1.1233853e-15   3.9169119e-15
 34   5.0249235e+01   9.9983837e-01   9.4997215e-01   9.4997214e-01  -1.1184316e-02  -1.1127529e-15  -3.5499768e-15  -1.1403545e-15   3.8911390e-15
 35   5.0251322e+01   9.9985914e-01   9.5002252e-01   9.5002251e-01  -9.7473519e-03  -1.1057553e-15  -3.5609776e-15  -1.1390944e-15   3.8988193e-15
 36   5.0253141e+01   9.9987723e-01   9.5006642e-01   9.5006641e-01  -8.4950197e-03  -1.1206071e-15  -3.5458008e-15  -1.1574182e-15   3.8946220e-15
 37   5.0254727e+01   9.9989300e-01   9.5010468e-01   9.5010467e-01  -7.4035938e-03  -1.1042018e-15  -3.5635200e-15  -1.1338756e-15   3.8991807e-15
 38   5.0256108e+01   9.9990675e-01   9.5013802e-01   9.5013802e-01  -6.4523982e-03  -1.1310712e-15  -3.5504596e-15  -1.1660292e-15   3.9044474e-15
 39   5.0257313e+01   9.9991873e-01   9.5016708e-01   9.5016707e-01  -5.6234144e-03  -1.1181242e-15  -3.5267107e-15  -1.1310749e-15   3.8687492e-15
 40   5.0258362e+01   9.9992917e-01   9.5019240e-01   9.5019240e-01  -4.9009391e-03  -1.0983818e-15  -3.5558318e-15  -1.1433092e-15   3.8932683e-15
Found horizon 0 (hmean)
 mass_irr = 0.999929
 meanradius = 0.950192
 minradius = 0.950192
 hrms = 0.000000
 hmean = -0.004901
 Sx = -0.000000
 Sy = -0.000000
 Sz = -0.000000
 S  = 0.000000
time=6.0242, cycle=4

Searching for horizon 0
center = (-0.000000, -0.000000, -0.000000)
r_mean = 0.950192
 iter      area            mass         meanradius       minradius        hmean            Sx              Sy              Sz             S
  0   4.8637111e+01   9.8366894e-01   9.5019240e-01   9.5019240e-01  -1.0762550e+00  -5.8021620e-17  -3.3257462e-17   8.6311921e-16   8.6570627e-16
  1   4.8845788e+01   9.8577689e-01   9.5525911e-01   9.5525911e-01  -9.3702480e-01   1.5968763e-16   5.6287019e-16   8.9827879e-16   1.0720204e-15
  2   4.9027798e+01   9.8761179e-01   9.5966370e-01   9.5966370e-01  -8.1590626e-01   2.5776841e-16   1.0689825e-15   7.8875975e-16   1.3532590e-15
  3   4.9186528e+01   9.8920922e-01   9.6349387e-01   9.6349387e-01  -7.1052096e-01   3.4593457e-16   1.4723023e-15   6.3297640e-16   1.6395133e-15
  4   4.9324939e+01   9.9060006e-01   9.6682543e-01   9.6682543e-01  -6.1880752e-01   3.7313911e-16   1.7464979e-15   4.0342100e-16   1.8309113e-15
  5   4.9445623e+01   9.9181117e-01   9.6972398e-01   9.6972397e-01  -5.3897857e-01   3.6264291e-16   1.9231284e-15   2.0957391e-16   1.9682108e-15
  6   4.9550841e+01   9.9286588e-01   9.7224633e-01   9.7224633e-01  -4.6948343e-01   3.4101717e-16   2.0686797e-15  -8.4934670e-18   2.0966164e-15
  7   4.9642570e+01   9.9378446e-01   9.7444172e-01   9.7444172e-01  -4.0897615e-01   3.2097725e-16   2.1429065e-15  -2.5594243e-16   2.1818756e-15
  8   4.9722536e+01   9.9458455e-01   9.7635285e-01   9.7635285e-01  -3.5628798e-01   2.7723662e-16   2.1911942e-15  -4.6914945e-16   2.2579401e-15
  9   4.9792244e+01   9.9528148e-01   9.7801677e-01   9.7801677e-01  -3.1040356e-01   2.4322522e-16   2.2388999e-15  -6.2350607e-16   2.3367908e-15
 10   4.9853008e+01   9.9588859e-01   9.7946564e-01   9.7946563e-01  -2.7044056e-01   1.6556757e-16   2.2521160e-15  -8.0204748e-16   2.3963972e-15
 11   4.9905974e+01   9.9641749e-01   9.8072738e-01   9.8072738e-01  -2.3563193e-01   1.3496944e-16   2.2832556e-15  -9.1407035e-16   2.4631275e-15
 12   4.9952142e+01   9.9687827e-01   9.8182629e-01   9.8182629e-01  -2.0531067e-01   8.6998296e-17   2.2995865e-15  -1.0669672e-15   2.5365499e-15
 13   4.9992383e+01   9.9727973e-01   9.8278345e-01   9.8278345e-01  -1.7889659e-01   3.9350802e-17   2.2860525e-15  -1.2003337e-15   2.5823217e-15
 14   5.0027458e+01   9.9762952e-01   9.8361721e-01   9.8361721e-01  -1.5588493e-01   1.9333498e-18   2.3083378e-15  -1.3115418e-15   2.6549141e-15
 15   5.0058030e+01   9.9793430e-01   9.8434353e-01   9.8434353e-01  -1.3583644e-01  -2.1752500e-19   2.2650938e-15  -1.3993947e-15   2.6625093e-15
 16   5.0084676e+01   9.9819986e-01   9.8497629e-01   9.8497629e-01  -1.1836879e-01  -5.7901597e-17   2.2701380e-15  -1.4300288e-15   2.6836284e-15
 17   5.0107900e+01   9.9843127e-01   9.8552757e-01   9.8552757e-01  -1.0314920e-01  -7.1196327e-17   2.2714415e-15  -1.5272968e-15   2.7380926e-15
 18   5.0128142e+01   9.9863291e-01   9.8600788e-01   9.8600788e-01  -8.9887886e-02  -9.7719266e-17   2.2954619e-15  -1.5440722e-15   2.7681860e-15
 19   5.0145784e+01   9.9880862e-01   9.8642638e-01   9.8642638e-01  -7.8332587e-02  -1.1472020e-16   2.2494505e-15  -1.6317702e-15   2.7813418e-15
 20   5.0161160e+01   9.9896174e-01   9.8679102e-01   9.8679102e-01  -6.8263537e-02  -1.3530546e-16   2.2880675e-15  -1.6653098e-15   2.8331638e-15
 21   5.0174561e+01   9.9909518e-01   9.8710876e-01   9.8710876e-01  -5.9489400e-02  -1.4547895e-16   2.2581037e-15  -1.6851937e-15   2.8213603e-15
 22   5.0186241e+01   9.9921146e-01   9.8738563e-01   9.8738563e-01  -5.1843495e-02  -1.7254929e-16   2.2405662e-15  -1.7083413e-15   2.8228248e-15
 23   5.0196420e+01   9.9931279e-01   9.8762689e-01   9.8762689e-01  -4.5180639e-02  -1.9895160e-16   2.2433117e-15  -1.7337833e-15   2.8421882e-15
 24   5.0205292e+01   9.9940110e-01   9.8783713e-01   9.8783713e-01  -3.9374353e-02  -1.9071528e-16   2.2705506e-15  -1.7522730e-15   2.8744100e-15
 25   5.0213025e+01   9.9947806e-01   9.8802034e-01   9.8802034e-01  -3.4314453e-02  -1.9514233e-16   2.2598083e-15  -1.7977916e-15   2.8942820e-15
 26   5.0219764e+01   9.9954513e-01   9.8817999e-01   9.8817999e-01  -2.9904943e-02  -2.0914332e-16   2.2975449e-15  -1.7853799e-15   2.9171964e-15
 27   5.0225637e+01   9.9960357e-01   9.8831913e-01   9.8831913e-01  -2.6062187e-02  -2.0359582e-16   2.2852219e-15  -1.8028683e-15   2.9178801e-15
 28   5.0230756e+01   9.9965451e-01   9.8844037e-01   9.8844037e-01  -2.2713311e-02  -2.0656899e-16   2.2576514e-15  -1.8224348e-15   2.9087677e-15
 29   5.0235218e+01   9.9969890e-01   9.8854604e-01   9.8854604e-01  -1.9794818e-02  -2.0860022e-16   2.2527156e-15  -1.8117622e-15   2.8984002e-15
 30   5.0239106e+01   9.9973759e-01   9.8863812e-01   9.8863812e-01  -1.7251383e-02  -2.0250731e-16   2.2375282e-15  -1.8281560e-15   2.8964972e-15
 31   5.0242495e+01   9.9977131e-01   9.8871837e-01   9.8871837e-01  -1.5034792e-02  -2.2714729e-16   2.2610347e-15  -1.8442405e-15   2.9266187e-15
 32   5.0245448e+01   9.9980069e-01   9.8878831e-01   9.8878831e-01  -1.3103036e-02  -2.3926295e-16   2.2575647e-15  -1.8680544e-15   2.9399783e-15
 33   5.0248022e+01   9.9982630e-01   9.8884926e-01   9.8884926e-01  -1.1419529e-02  -2.4134119e-16   2.2713597e-15  -1.8515044e-15   2.9403042e-15
 34   5.0250265e+01   9.9984862e-01   9.8890237e-01   9.8890237e-01  -9.9523197e-03  -2.3840025e-16   2.2597715e-15  -1.8634252e-15   2.9386655e-15
 35   5.0252220e+01   9.9986807e-01   9.8894867e-01   9.8894867e-01  -8.6736343e-03  -2.2713891e-16   2.2705489e-15  -1.8773159e-15   2.9548772e-15
 36   5.0253924e+01   9.9988502e-01   9.8898901e-01   9.8898901e-01  -7.5592458e-03  -2.4086467e-16   2.2500388e-15  -1.8498382e-15   2.9227712e-15
 37   5.0255409e+01   9.9989979e-01   9.8902417e-01   9.8902417e-01  -6.5880414e-03  -2.4597314e-16   2.2538671e-15  -1.8796600e-15   2.9450877e-15
 38   5.0256704e+01   9.9991267e-01   9.8905481e-01   9.8905481e-01  -5.7416222e-03  -2.3766595e-16   2.2649646e-15  -1.8913664e-15   2.9603744e-15
 39   5.0257831e+01   9.9992389e-01   9.8908152e-01   9.8908152e-01  -5.0039537e-03  -2.3435241e-16   2.2564711e-15  -1.8722713e-15   2.9414253e-15
Found horizon 0 (hmean)
 mass_irr = 0.999924
 meanradius = 0.989082
 minradius = 0.989082
 hrms = 0.000000
 hmean = -0.005004
 Sx = -0.000000
 Sy = 0.000000
 Sz = -0.000000
 S  = 0.000000
time=6.5304, cycle=4

Searching for horizon 0
center = (-0.000000, -0.000000, -0.000000)
r_mean = 0.989082
 iter      area            mass         meanradius       minradius        hmean            Sx              Sy              Sz             S
  0   4.8771567e+01   9.8502767e-01   9.8908152e-01   9.8908152e-01  -9.4864739e-01  -5.0165048e-16   1.8695562e-15  -1.3167217e-15   2.3410787e-15
  1   4.8963435e+01   9.8696332e-01   9.9368128e-01   9.9368128e-01  -8.2587204e-01  -5.3204540e-16   1.9798082e-15  -1.0590127e-15   2.3074273e-15
  2   4.9130678e+01   9.8864745e-01   9.9767917e-01   9.9767917e-01  -7.1908284e-01  -5.8902116e-16   2.0155706e-15  -7.7220237e-16   2.2373572e-15
  3   4.9276450e+01   9.9011304e-01   1.0011551e+00   1.0011551e+00  -6.2617605e-01  -7.1679673e-16   1.9999432e-15  -4.9540120e-16   2.1815116e-15
  4   4.9403503e+01   9.9138866e-01   1.0041781e+00   1.0041781e+00  -5.4532983e-01  -8.2828775e-16   1.9689433e-15  -2.0812442e-16   2.1461859e-15
  5   4.9514239e+01   9.9249911e-01   1.0068080e+00   1.0068080e+00  -4.7496529e-01  -9.2106551e-16   1.8843153e-15   3.1157959e-17   2.0976121e-15
  6   4.9610751e+01   9.9346592e-01   1.0090963e+00   1.0090963e+00  -4.1371332e-01  -1.0218667e-15   1.8246605e-15   2.5596989e-16   2.1069214e-15
  7   4.9694866e+01   9.9430777e-01   1.0110878e+00   1.0110878e+00  -3.6038590e-01  -1.1107767e-15   1.7515962e-15   4.6313969e-16   2.1251853e-15
  8   4.9768175e+01   9.9504090e-01   1.0128214e+00   1.0128214e+00  -3.1395181e-01  -1.1822517e-15   1.6910078e-15   5.8787747e-16   2.1454199e-15
  9   4.9832067e+01   9.9567940e-01   1.0143306e+00   1.0143306e+00  -2.7351537e-01  -1.2521415e-15   1.6601348e-15   7.7448101e-16   2.2189472e-15
 10   4.9887750e+01   9.9623554e-01   1.0156447e+00   1.0156447e+00  -2.3829838e-01  -1.2855773e-15   1.5692483e-15   8.6065914e-16   2.2036296e-15
 11   4.9936279e+01   9.9671998e-01   1.0167890e+00   1.0167890e+00  -2.0762445e-01  -1.3129743e-15   1.5299979e-15   9.7149714e-16   2.2379906e-15
 12   4.9978574e+01   9.9714199e-01   1.0177856e+00   1.0177856e+00  -1.8090544e-01  -1.3924174e-15   1.4768756e-15   1.0466519e-15   2.2837399e-15
 13   5.0015435e+01   9.9750963e-01   1.0186537e+00   1.0186537e+00  -1.5762989e-01  -1.4380369e-15   1.4378718e-15   1.1165098e-15   2.3199180e-15
 14   5.0047560e+01   9.9782993e-01   1.0194098e+00   1.0194098e+00  -1.3735280e-01  -1.4772071e-15   1.3965695e-15   1.1255720e-15   2.3236737e-15
 15   5.0075558e+01   9.9810900e-01   1.0200684e+00   1.0200684e+00  -1.1968700e-01  -1.4735681e-15   1.3625096e-15   1.2050339e-15   2.3409276e-15
 16   5.0099958e+01   9.9835214e-01   1.0206422e+00   1.0206422e+00  -1.0429553e-01  -1.4853688e-15   1.3356286e-15   1.2475611e-15   2.3551291e-15
 17   5.0121224e+01   9.9856401e-01   1.0211421e+00   1.0211421e+00  -9.0885022e-02  -1.4958799e-15   1.3189319e-15   1.2857137e-15   2.3728248e-15
 18   5.0139758e+01   9.9874861e-01   1.0215777e+00   1.0215777e+00  -7.9200132e-02  -1.5446516e-15   1.2586804e-15   1.2878328e-15   2.3724962e-15
 19   5.0155910e+01   9.9890947e-01   1.0219572e+00   1.0219572e+00  -6.9018517e-02  -1.5406638e-15   1.2736790e-15   1.3545711e-15   2.4146979e-15
 20   5.0169988e+01   9.9904965e-01   1.0222878e+00   1.0222878e+00  -6.0146542e-02  -1.5524194e-15   1.2450500e-15   1.3463296e-15   2.4026566e-15
 21   5.0182257e+01   9.9917179e-01   1.0225759e+00   1.0225759e+00  -5.2415572e-02  -1.5526756e-15   1.2378653e-15   1.3312468e-15   2.3906756e-15
 22   5.0192949e+01   9.9927824e-01   1.0228270e+00   1.0228270e+00  -4.5678733e-02  -1.5674832e-15   1.2216311e-15   1.3551219e-15   2.4053568e-15
 23   5.0202268e+01   9.9937099e-01   1.0230457e+00   1.0230457e+00  -3.9808086e-02  -1.5859158e-15   1.1964690e-15   1.4045919e-15   2.4330116e-15
 24   5.0210389e+01   9.9945183e-01   1.0232364e+00   1.0232364e+00  -3.4692182e-02  -1.5929240e-15   1.2044706e-15   1.3857392e-15   2.4307261e-15
 25   5.0217468e+01   9.9952227e-01   1.0234025e+00   1.0234025e+00  -3.0233931e-02  -1.5869642e-15   1.1930361e-15   1.4387344e-15   2.4518865e-15
 26   5.0223636e+01   9.9958366e-01   1.0235473e+00   1.0235473e+00  -2.6348747e-02  -1.5935817e-15   1.1765424e-15   1.4051064e-15   2.4285961e-15
 27   5.0229013e+01   9.9963716e-01   1.0236734e+00   1.0236734e+00  -2.2962932e-02  -1.6056606e-15   1.1892398e-15   1.3924569e-15   2.4354411e-15
 28   5.0233698e+01   9.9968379e-01   1.0237834e+00   1.0237834e+00  -2.0012277e-02  -1.5939189e-15   1.1686238e-15   1.4375169e-15   2.4439137e-15
 29   5.0237782e+01   9.9972442e-01   1.0238792e+00   1.0238792e+00  -1.7440832e-02  -1.6185871e-15   1.1589546e-15   1.3802459e-15   2.4224118e-15
 30   5.0241341e+01   9.9975983e-01   1.0239627e+00   1.0239627e+00  -1.5199849e-02  -1.6201022e-15   1.1481661e-15   1.4500282e-15   2.4587798e-15
 31   5.0244442e+01   9.9979069e-01   1.0240354e+00   1.0240354e+00  -1.3246846e-02  -1.5915753e-15   1.1667473e-15   1.4450926e-15   2.4459566e-15
 32   5.0247146e+01   9.9981758e-01   1.0240988e+00   1.0240988e+00  -1.1544809e-02  -1.6069812e-15   1.1619166e-15   1.4117667e-15   2.4342399e-15
 33   5.0249502e+01   9.9984102e-01   1.0241541e+00   1.0241541e+00  -1.0061481e-02  -1.6122738e-15   1.1429350e-15   1.4544118e-15   2.4537809e-15
 34   5.0251555e+01   9.9986145e-01   1.0242023e+00   1.0242023e+00  -8.7687534e-03  -1.6016358e-15   1.1235503e-15   1.4311473e-15   2.4240019e-15
 35   5.0253344e+01   9.9987925e-01   1.0242442e+00   1.0242442e+00  -7.6421309e-03  -1.6279468e-15   1.1446564e-15   1.4230756e-15   2.4465472e-15
 36   5.0254904e+01   9.9989477e-01   1.0242808e+00   1.0242808e+00  -6.6602676e-03  -1.6167060e-15   1.1428254e-15   1.4380587e-15   2.4469983e-15
 37   5.0256263e+01   9.9990829e-01   1.0243127e+00   1.0243127e+00  -5.8045614e-03  -1.6306716e-15   1.1432006e-15   1.4599172e-15   2.4692824e-15
 38   5.0257448e+01   9.9992007e-01   1.0243405e+00   1.0243405e+00  -5.0588008e-03  -1.6222162e-15   1.1329802e-15   1.4303148e-15   2.4415221e-15
 39   5.0258480e+01   9.9993034e-01   1.0243647e+00   1.0243647e+00  -4.4088584e-03  -1.6325975e-15   1.1322336e-15   1.4436638e-15   2.4559097e-15
Found horizon 0 (hmean)
 mass_irr = 0.999930
 meanradius = 1.024365
 minradius = 1.024365
 hrms = 0.000000
 hmean = -0.004409
 Sx = -0.000000
 Sy = 0.000000
 Sz = 0.000000
 S  = 0.000000
time=7.0336, cycle=4

Searching for horizon 0
center = (-0.000000, -0.000000, -0.000000)
r_mean = 1.024365
 iter      area            mass         meanradius       minradius        hmean            Sx              Sy              Sz             S
  0   4.8961775e+01   9.8694659e-01   1.0243647e+00   1.0243647e+00  -8.0479803e-01  -6.2424187e-16  -9.6983976e-16  -4.2749500e-15   4.4278059e-15
  1   4.9129415e+01   9.8863474e-01   1.0283629e+00   1.0283629e+00  -7.0066598e-01  -6.3151279e-16  -8.3277582e-16  -4.7638529e-15   4.8771527e-15
  2   4.9275487e+01   9.9010336e-01   1.0318383e+00   1.0318383e+00  -6.1008770e-01  -6.4597651e-16  -6.7726432e-16  -5.1403198e-15   5.2248311e-15
  3   4.9402768e+01   9.9138128e-01   1.0348602e+00   1.0348602e+00  -5.3128031e-01  -7.3598518e-16  -5.7856426e-16  -5.3781649e-15   5.4590355e-15
  4   4.9513677e+01   9.9249348e-01   1.0374885e+00   1.0374885e+00  -4.6269971e-01  -7.9447937e-16  -4.6367486e-16  -5.5371724e-15   5.6130624e-15
  5   4.9610321e+01   9.9346162e-01   1.0397752e+00   1.0397752e+00  -4.0300769e-01  -8.6494882e-16  -3.5730995e-16  -5.6892175e-15   5.7656745e-15
  6   4.9694536e+01   9.9430447e-01   1.0417650e+00   1.0417650e+00  -3.5104377e-01  -9.2489983e-16  -2.6791402e-16  -5.7567871e-15   5.8367642e-15
  7   4.9767922e+01   9.9503837e-01   1.0434969e+00   1.0434969e+00  -3.0580094e-01  -9.4969005e-16  -1.9340473e-16  -5.8313144e-15   5.9113065e-15
  8   4.9831872e+01   9.9567745e-01   1.0450044e+00   1.0450044e+00  -2.6640492e-01  -1.0233661e-15  -9.7492745e-17  -5.8164069e-15   5.9065533e-15
  9   4.9887600e+01   9.9623404e-01   1.0463170e+00   1.0463170e+00  -2.3209634e-01  -1.0745576e-15  -3.6853367e-17  -5.8243116e-15   5.9227221e-15
 10   4.9936163e+01   9.9671882e-01   1.0474599e+00   1.0474599e+00  -2.0221535e-01  -1.1155142e-15   2.0919775e-17  -5.7965084e-15   5.9029077e-15
 11   4.9978484e+01   9.9714109e-01   1.0484552e+00   1.0484552e+00  -1.7618836e-01  -1.1543856e-15   9.4738935e-17  -5.7821561e-15   5.8970256e-15
 12   5.0015365e+01   9.9750893e-01   1.0493221e+00   1.0493221e+00  -1.5351662e-01  -1.1870358e-15   1.3310092e-16  -5.8155438e-15   5.9369453e-15
 13   5.0047505e+01   9.9782938e-01   1.0500771e+00   1.0500771e+00  -1.3376632e-01  -1.1893954e-15   2.0073786e-16  -5.7870025e-15   5.9113750e-15
 14   5.0075515e+01   9.9810857e-01   1.0507348e+00   1.0507348e+00  -1.1656002e-01  -1.2208703e-15   2.2964710e-16  -5.7474491e-15   5.8801729e-15
 15   5.0099925e+01   9.9835181e-01   1.0513078e+00   1.0513078e+00  -1.0156931e-01  -1.2232340e-15   2.7894025e-16  -5.6892089e-15   5.8259082e-15
 16   5.0121198e+01   9.9856374e-01   1.0518069e+00   1.0518069e+00  -8.8508339e-02  -1.2426226e-15   3.1814491e-16  -5.7032043e-15   5.8456707e-15
 17   5.0139737e+01   9.9874840e-01   1.0522418e+00   1.0522418e+00  -7.7128246e-02  -1.2294236e-15   3.4080277e-16  -5.6414117e-15   5.7838703e-15
 18   5.0155894e+01   9.9890930e-01   1.0526206e+00   1.0526206e+00  -6.7212397e-02  -1.2406094e-15   3.4815869e-16  -5.6121376e-15   5.7581607e-15
 19   5.0169974e+01   9.9904951e-01   1.0529508e+00   1.0529508e+00  -5.8572143e-02  -1.2530117e-15   4.0768290e-16  -5.6087732e-15   5.7614738e-15
 20   5.0182246e+01   9.9917169e-01   1.0532384e+00   1.0532384e+00  -5.1043202e-02  -1.2591462e-15   4.0381581e-16  -5.6170842e-15   5.7706283e-15
 21   5.0192940e+01   9.9927815e-01   1.0534890e+00   1.0534890e+00  -4.4482493e-02  -1.2305025e-15   4.2739541e-16  -5.5744436e-15   5.7246157e-15
 22   5.0202261e+01   9.9937092e-01   1.0537074e+00   1.0537074e+00  -3.8765392e-02  -1.2480264e-15   4.5259819e-16  -5.5528042e-15   5.7092950e-15
 23   5.0210383e+01   9.9945177e-01   1.0538978e+00   1.0538978e+00  -3.3783342e-02  -1.2676068e-15   4.6193048e-16  -5.5308720e-15   5.6930441e-15
 24   5.0217463e+01   9.9952222e-01   1.0540636e+00   1.0540636e+00  -2.9441774e-02  -1.2673265e-15   4.7449122e-16  -5.5186951e-15   5.6821874e-15
 25   5.0223632e+01   9.9958362e-01   1.0542081e+00   1.0542081e+00  -2.5658300e-02  -1.2855994e-15   5.0728556e-16  -5.4992136e-15   5.6702253e-15
 26   5.0229009e+01   9.9963713e-01   1.0543341e+00   1.0543341e+00  -2.2361137e-02  -1.2697795e-15   4.9256437e-16  -5.5116889e-15   5.6774708e-15
 27   5.0233695e+01   9.9968376e-01   1.0544438e+00   1.0544438e+00  -1.9487761e-02  -1.2738626e-15   5.0250710e-16  -5.4975181e-15   5.6655048e-15
 28   5.0237779e+01   9.9972439e-01   1.0545395e+00   1.0545395e+00  -1.6983676e-02  -1.2854951e-15   4.9455503e-16  -5.4958277e-15   5.6657925e-15
 29   5.0241339e+01   9.9975981e-01   1.0546228e+00   1.0546228e+00  -1.4801404e-02  -1.2656759e-15   5.2143704e-16  -5.4678449e-15   5.6365911e-15
 30   5.0244441e+01   9.9979067e-01   1.0546955e+00   1.0546954e+00  -1.2899576e-02  -1.2934766e-15   5.5023791e-16  -5.5018212e-15   5.6785456e-15
 31   5.0247144e+01   9.9981757e-01   1.0547588e+00   1.0547588e+00  -1.1242142e-02  -1.2801561e-15   5.1780711e-16  -5.4691495e-15   5.6407907e-15
 32   5.0249500e+01   9.9984101e-01   1.0548139e+00   1.0548139e+00  -9.7976894e-03  -1.2666794e-15   5.2747814e-16  -5.4618165e-15   5.6315317e-15
 33   5.0251554e+01   9.9986144e-01   1.0548620e+00   1.0548620e+00  -8.5388449e-03  -1.2828302e-15   5.4317512e-16  -5.4576926e-15   5.6326815e-15
 34   5.0253343e+01   9.9987924e-01   1.0549039e+00   1.0549039e+00  -7.4417561e-03  -1.2625238e-15   5.2480005e-16  -5.4757374e-15   5.6438534e-15
 35   5.0254903e+01   9.9989476e-01   1.0549404e+00   1.0549404e+00  -6.4856316e-03  -1.2653975e-15   5.4956816e-16  -5.4726528e-15   5.6438625e-15
 36   5.0256262e+01   9.9990828e-01   1.0549722e+00   1.0549722e+00  -5.6523583e-03  -1.2778180e-15   5.5707234e-16  -5.4476677e-15   5.6231870e-15
 37   5.0257447e+01   9.9992007e-01   1.0550000e+00   1.0550000e+00  -4.9261494e-03  -1.2896569e-15   5.4624895e-16  -5.4339146e-15   5.6115088e-15
Found horizon 0 (hmean)
 mass_irr = 0.999920
 meanradius = 1.055000
 minradius = 1.055000
 hrms = 0.000000
 hmean = -0.004926
 Sx = -0.000000
 Sy = 0.000000
 Sz = -0.000000
 S  = 0.000000
time=7.5406, cycle=4

Searching for horizon 0
center = (-0.000000, -0.000000, -0.000000)
r_mean = 1.055000
 iter      area            mass         meanradius       minradius        hmean            Sx              Sy              Sz             S
  0   4.9146656e+01   9.8880820e-01   1.0550000e+00   1.0550000e+00  -6.7763624e-01   6.1122603e-16   4.9336004e-15   1.7413460e-15   5.2674753e-15
  1   4.9290597e+01   9.9025515e-01   1.0584356e+00   1.0584356e+00  -5.9000754e-01   5.4969005e-16   4.7845751e-15   1.6264237e-15   5.0832639e-15
  2   4.9415999e+01   9.9151403e-01   1.0614226e+00   1.0614226e+00  -5.1377329e-01   4.2826027e-16   4.4809990e-15   1.4944189e-15   4.7429998e-15
  3   4.9525256e+01   9.9260952e-01   1.0640204e+00   1.0640204e+00  -4.4743705e-01   3.0809431e-16   4.2084943e-15   1.3304537e-15   4.4245286e-15
  4   4.9620448e+01   9.9356301e-01   1.0662803e+00   1.0662803e+00  -3.8970235e-01   1.9168615e-16   3.8883086e-15   1.2067254e-15   4.0757666e-15
  5   4.9703389e+01   9.9439303e-01   1.0682466e+00   1.0682466e+00  -3.3944522e-01   1.0841103e-16   3.5774577e-15   1.1245418e-15   3.7516065e-15
  6   4.9775658e+01   9.9511569e-01   1.0699580e+00   1.0699580e+00  -2.9569058e-01  -2.9313049e-17   3.3321908e-15   1.0162130e-15   3.4838260e-15
  7   4.9838629e+01   9.9574496e-01   1.0714476e+00   1.0714476e+00  -2.5759205e-01  -1.2908547e-16   3.1180115e-15   8.8735367e-16   3.2443883e-15
  8   4.9893500e+01   9.9629295e-01   1.0727445e+00   1.0727445e+00  -2.2441465e-01  -2.0234117e-16   2.8871488e-15   8.2791587e-16   3.0103181e-15
  9   4.9941314e+01   9.9677023e-01   1.0738737e+00   1.0738737e+00  -1.9551978e-01  -2.9881446e-16   2.7196102e-15   7.3333010e-16   2.8325505e-15
 10   4.9982980e+01   9.9718594e-01   1.0748571e+00   1.0748571e+00  -1.7035241e-01  -3.1390314e-16   2.5639504e-15   6.5719663e-16   2.6653863e-15
 11   5.0019288e+01   9.9754806e-01   1.0757135e+00   1.0757135e+00  -1.4843000e-01  -3.5727341e-16   2.4369023e-15   6.1127157e-16   2.5376741e-15
 12   5.0050929e+01   9.9786351e-01   1.0764594e+00   1.0764594e+00  -1.2933286e-01  -4.0971973e-16   2.3252083e-15   5.5831859e-16   2.4261458e-15
 13   5.0078501e+01   9.9813833e-01   1.0771091e+00   1.0771091e+00  -1.1269590e-01  -4.3658083e-16   2.2060374e-15   4.9754202e-16   2.3032047e-15
 14   5.0102530e+01   9.9837776e-01   1.0776751e+00   1.0776751e+00  -9.8201443e-02  -4.7390059e-16   2.1072732e-15   4.5825210e-16   2.2079803e-15
 15   5.0123470e+01   9.9858637e-01   1.0781682e+00   1.0781682e+00  -8.5573004e-02  -4.9296164e-16   2.0352611e-15   4.4212424e-16   2.1402740e-15
 16   5.0141718e+01   9.9876813e-01   1.0785978e+00   1.0785978e+00  -7.4569919e-02  -5.3972601e-16   1.9698704e-15   3.5265369e-16   2.0726934e-15
 17   5.0157621e+01   9.9892651e-01   1.0789721e+00   1.0789721e+00  -6.4982667e-02  -5.5252244e-16   1.9232979e-15   3.5029649e-16   2.0315175e-15
 18   5.0171481e+01   9.9906451e-01   1.0792982e+00   1.0792982e+00  -5.6628814e-02  -5.9114971e-16   1.8730743e-15   3.3286128e-16   1.9921501e-15
 19   5.0183559e+01   9.9918476e-01   1.0795823e+00   1.0795823e+00  -4.9349494e-02  -5.7884350e-16   1.8452012e-15   3.1225386e-16   1.9589103e-15
 20   5.0194085e+01   9.9928955e-01   1.0798299e+00   1.0798299e+00  -4.3006347e-02  -5.8640258e-16   1.8145032e-15   2.7345643e-16   1.9264133e-15
 21   5.0203259e+01   9.9938086e-01   1.0800456e+00   1.0800456e+00  -3.7478865e-02  -6.1297687e-16   1.7630011e-15   2.3366885e-16   1.8810940e-15
 22   5.0211254e+01   9.9946043e-01   1.0802336e+00   1.0802336e+00  -3.2662079e-02  -6.3284618e-16   1.7606114e-15   2.1678661e-16   1.8834127e-15
 23   5.0218221e+01   9.9952977e-01   1.0803974e+00   1.0803974e+00  -2.8464547e-02  -6.3872007e-16   1.7270608e-15   2.2459178e-16   1.8550320e-15
 24   5.0224294e+01   9.9959020e-01   1.0805402e+00   1.0805402e+00  -2.4806608e-02  -6.4993254e-16   1.7039698e-15   2.2123000e-16   1.8370814e-15
 25   5.0229586e+01   9.9964286e-01   1.0806646e+00   1.0806646e+00  -2.1618862e-02  -6.4110508e-16   1.6966804e-15   1.9994340e-16   1.8247514e-15
 26   5.0234198e+01   9.9968876e-01   1.0807730e+00   1.0807730e+00  -1.8840842e-02  -6.5815164e-16   1.6453743e-15   2.2779895e-16   1.7867043e-15
 27   5.0238217e+01   9.9972875e-01   1.0808675e+00   1.0808675e+00  -1.6419864e-02  -6.4754213e-16   1.6618227e-15   1.9058750e-16   1.7936803e-15
 28   5.0241720e+01   9.9976361e-01   1.0809498e+00   1.0809498e+00  -1.4310023e-02  -6.6484763e-16   1.6532698e-15   2.0702645e-16   1.7939296e-15
 29   5.0244773e+01   9.9979398e-01   1.0810216e+00   1.0810216e+00  -1.2471321e-02  -6.6482298e-16   1.6087454e-15   1.7365310e-16   1.7493447e-15
 30   5.0247434e+01   9.9982045e-01   1.0810841e+00   1.0810841e+00  -1.0868904e-02  -6.7134736e-16   1.6041805e-15   1.4793671e-16   1.7452758e-15
 31   5.0249753e+01   9.9984352e-01   1.0811386e+00   1.0811386e+00  -9.4724004e-03  -6.8252716e-16   1.5896645e-15   1.7041487e-16   1.7383664e-15
 32   5.0251774e+01   9.9986363e-01   1.0811861e+00   1.0811861e+00  -8.2553454e-03  -6.7143378e-16   1.5858904e-15   1.4568081e-16   1.7283213e-15
 33   5.0253535e+01   9.9988115e-01   1.0812275e+00   1.0812275e+00  -7.1946757e-03  -6.8301839e-16   1.5499265e-15   1.4833940e-16   1.7002326e-15
 34   5.0255070e+01   9.9989642e-01   1.0812635e+00   1.0812635e+00  -6.2702936e-03  -6.8655501e-16   1.5687804e-15   1.2573163e-16   1.7170434e-15
 35   5.0256408e+01   9.9990973e-01   1.0812950e+00   1.0812950e+00  -5.4646848e-03  -6.7935076e-16   1.5770324e-15   1.3241244e-16   1.7222316e-15
 36   5.0257574e+01   9.9992133e-01   1.0813224e+00   1.0813224e+00  -4.7625864e-03  -6.9426476e-16   1.5681992e-15   1.1763766e-16   1.7190378e-15
Found horizon 0 (hmean)
 mass_irr = 0.999921
 meanradius = 1.081322
 minradius = 1.081322
 hrms = 0.000000
 hmean = -0.004763
 Sx = -0.000000
 Sy = 0.000000
 Sz = 0.000000
 S  = 0.000000
time=8.0440, cycle=4

Searching for horizon 0
center = (-0.000000, -0.000000, -0.000000)
r_mean = 1.081322
 iter      area            mass         meanradius       minradius        hmean            Sx              Sy              Sz             S
  0   4.9346240e+01   9.9081393e-01   1.0813224e+00   1.0813224e+00  -5.5019403e-01   7.6294539e-16   7.2991316e-16   1.4204778e-15   1.7699198e-15
  1   4.9464512e+01   9.9200061e-01   1.0841577e+00   1.0841577e+00  -4.7911084e-01   4.9830655e-16   5.9796979e-16   1.0882973e-15   1.3380091e-15
  2   4.9567549e+01   9.9303326e-01   1.0866237e+00   1.0866237e+00  -4.1725537e-01   1.9507302e-16   5.0885029e-16   7.9444308e-16   9.6339084e-16
  3   4.9657317e+01   9.9393206e-01   1.0887690e+00   1.0887690e+00  -3.6341928e-01  -8.8281499e-18   4.2773207e-16   4.9997614e-16   6.5803404e-16
  4   4.9735529e+01   9.9471449e-01   1.0906357e+00   1.0906357e+00  -3.1655489e-01  -2.0845352e-16   3.4244010e-16   2.2685234e-16   4.6063009e-16
  5   4.9803674e+01   9.9539570e-01   1.0922604e+00   1.0922604e+00  -2.7575329e-01  -3.9479990e-16   2.7899540e-16   4.5651580e-17   4.8558157e-16
  6   4.9863050e+01   9.9598888e-01   1.0936747e+00   1.0936747e+00  -2.4022551e-01  -5.5153941e-16   2.2426667e-16  -1.6362919e-16   6.1746723e-16
  7   4.9914787e+01   9.9650546e-01   1.0949059e+00   1.0949059e+00  -2.0928635e-01  -6.8162390e-16   1.5809842e-16  -2.9967390e-16   7.6119032e-16
  8   4.9959868e+01   9.9695536e-01   1.0959781e+00   1.0959781e+00  -1.8234046e-01  -7.9417742e-16   1.0766843e-16  -4.2684596e-16   9.0802409e-16
  9   4.9999152e+01   9.9734724e-01   1.0969117e+00   1.0969117e+00  -1.5887041e-01  -8.7692510e-16   9.5256094e-17  -5.2600722e-16   1.0270126e-15
 10   5.0033384e+01   9.9768860e-01   1.0977248e+00   1.0977248e+00  -1.3842626e-01  -9.6402226e-16   5.7250084e-17  -6.2510441e-16   1.1503791e-15
 11   5.0063214e+01   9.9798597e-01   1.0984330e+00   1.0984330e+00  -1.2061672e-01  -1.0365713e-15  -1.2305497e-17  -6.7604215e-16   1.2376044e-15
 12   5.0089209e+01   9.9824504e-01   1.0990500e+00   1.0990500e+00  -1.0510136e-01  -1.1136997e-15  -5.4682839e-17  -7.6887446e-16   1.3544317e-15
 13   5.0111863e+01   9.9847074e-01   1.0995874e+00   1.0995874e+00  -9.1583972e-02  -1.1486063e-15  -6.3651244e-17  -8.2270777e-16   1.4142828e-15
 14   5.0131604e+01   9.9866740e-01   1.1000556e+00   1.1000555e+00  -7.9806745e-02  -1.2022782e-15  -1.1823186e-16  -8.4348079e-16   1.4734013e-15
 15   5.0148808e+01   9.9883874e-01   1.1004634e+00   1.1004634e+00  -6.9545265e-02  -1.2529836e-15  -1.2506336e-16  -9.2048841e-16   1.5597781e-15
 16   5.0163800e+01   9.9898804e-01   1.1008188e+00   1.1008188e+00  -6.0604150e-02  -1.3049495e-15  -1.3932595e-16  -9.3923363e-16   1.6138354e-15
 17   5.0176866e+01   9.9911813e-01   1.1011285e+00   1.1011285e+00  -5.2813270e-02  -1.3175844e-15  -1.7278995e-16  -9.7331009e-16   1.6471847e-15
 18   5.0188253e+01   9.9923149e-01   1.1013983e+00   1.1013983e+00  -4.6024493e-02  -1.3456079e-15  -1.8341455e-16  -1.0029248e-15   1.6882416e-15
 19   5.0198176e+01   9.9933027e-01   1.1016334e+00   1.1016334e+00  -4.0108783e-02  -1.3660509e-15  -2.0983960e-16  -1.0142773e-15   1.7143180e-15
 20   5.0206824e+01   9.9941635e-01   1.1018382e+00   1.1018382e+00  -3.4953763e-02  -1.3992059e-15  -2.2207752e-16  -1.0313284e-15   1.7523509e-15
 21   5.0214361e+01   9.9949136e-01   1.1020167e+00   1.1020167e+00  -3.0461536e-02  -1.4210013e-15  -2.1905846e-16  -1.0346388e-15   1.7713579e-15
 22   5.0220930e+01   9.9955673e-01   1.1021723e+00   1.1021723e+00  -2.6546830e-02  -1.4410535e-15  -2.4143424e-16  -1.0570094e-15   1.8033842e-15
 23   5.0226654e+01   9.9961369e-01   1.1023078e+00   1.1023078e+00  -2.3135355e-02  -1.4419783e-15  -2.3751960e-16  -1.0725967e-15   1.8127826e-15
 24   5.0231643e+01   9.9966334e-01   1.1024259e+00   1.1024259e+00  -2.0162386e-02  -1.4687821e-15  -2.6387266e-16  -1.0801500e-15   1.8421926e-15
 25   5.0235991e+01   9.9970660e-01   1.1025289e+00   1.1025289e+00  -1.7571534e-02  -1.4816217e-15  -2.4885144e-16  -1.1437774e-15   1.8882152e-15
 26   5.0239780e+01   9.9974430e-01   1.1026186e+00   1.1026186e+00  -1.5313666e-02  -1.4733251e-15  -2.6714189e-16  -1.0616702e-15   1.8355368e-15
 27   5.0243082e+01   9.9977716e-01   1.1026968e+00   1.1026968e+00  -1.3345971e-02  -1.4780061e-15  -2.5504301e-16  -1.1159388e-15   1.8694567e-15
 28   5.0245960e+01   9.9980579e-01   1.1027649e+00   1.1027649e+00  -1.1631145e-02  -1.4886623e-15  -2.6919274e-16  -1.1257046e-15   1.8856805e-15
 29   5.0248469e+01   9.9983075e-01   1.1028243e+00   1.1028243e+00  -1.0136685e-02  -1.4995190e-15  -2.9057539e-16  -1.1426559e-15   1.9075255e-15
 30   5.0250655e+01   9.9985250e-01   1.1028760e+00   1.1028760e+00  -8.8342644e-03  -1.4950504e-15  -2.9546447e-16  -1.1053254e-15   1.8826096e-15
 31   5.0252560e+01   9.9987145e-01   1.1029211e+00   1.1029211e+00  -7.6992021e-03  -1.4986812e-15  -3.1767995e-16  -1.1244524e-15   1.9003576e-15
 32   5.0254220e+01   9.9988797e-01   1.1029604e+00   1.1029604e+00  -6.7099890e-03  -1.5145762e-15  -2.9995955e-16  -1.1029155e-15   1.8974560e-15
 33   5.0255667e+01   9.9990236e-01   1.1029947e+00   1.1029947e+00  -5.8478815e-03  -1.5173294e-15  -2.6844056e-16  -1.1366477e-15   1.9147629e-15
 34   5.0256929e+01   9.9991491e-01   1.1030245e+00   1.1030245e+00  -5.0965453e-03  -1.5052118e-15  -2.7683629e-16  -1.1229738e-15   1.8982547e-15
 35   5.0258028e+01   9.9992584e-01   1.1030505e+00   1.1030505e+00  -4.4417460e-03  -1.5207847e-15  -3.0055239e-16  -1.1667200e-15   1.9401942e-15
Found horizon 0 (hmean)
 mass_irr = 0.999926
 meanradius = 1.103051
 minradius = 1.103051
 hrms = 0.000000
 hmean = -0.004442
 Sx = -0.000000
 Sy = -0.000000
 Sz = -0.000000
 S  = 0.000000
time=8.5507, cycle=4

Searching for horizon 0
center = (-0.000000, -0.000000, -0.000000)
r_mean = 1.103051
 iter      area            mass         meanradius       minradius        hmean            Sx              Sy              Sz             S
  0   4.9520663e+01   9.9256349e-01   1.1030505e+00   1.1030505e+00  -4.4295820e-01   5.4078571e-16   1.0232443e-15  -5.0652436e-15   5.1957839e-15
  1   4.9616480e+01   9.9352328e-01   1.1053640e+00   1.1053640e+00  -3.8578342e-01   6.5995202e-16   1.1412057e-15  -4.9943561e-15   5.1654119e-15
  2   4.9699957e+01   9.9435871e-01   1.1073768e+00   1.1073768e+00  -3.3601805e-01   7.5066065e-16   1.2062410e-15  -4.9623154e-15   5.1616938e-15
  3   4.9772687e+01   9.9508600e-01   1.1091284e+00   1.1091283e+00  -2.9269486e-01   8.0979883e-16   1.2552086e-15  -4.9357826e-15   5.1568665e-15
  4   4.9836056e+01   9.9571925e-01   1.1106529e+00   1.1106529e+00  -2.5497451e-01   8.7838993e-16   1.3072382e-15  -4.9250609e-15   5.1707509e-15
  5   4.9891269e+01   9.9627068e-01   1.1119801e+00   1.1119801e+00  -2.2212833e-01   9.4257399e-16   1.3659630e-15  -4.9251640e-15   5.1972628e-15
  6   4.9939379e+01   9.9675091e-01   1.1131356e+00   1.1131356e+00  -1.9352335e-01   9.8904602e-16   1.3877189e-15  -4.9400535e-15   5.2257157e-15
  7   4.9981301e+01   9.9716918e-01   1.1141418e+00   1.1141418e+00  -1.6860957e-01   1.0181262e-15   1.4321776e-15  -4.9542742e-15   5.2566669e-15
  8   5.0017830e+01   9.9753351e-01   1.1150181e+00   1.1150181e+00  -1.4690887e-01   1.0438635e-15   1.4382839e-15  -4.9376699e-15   5.2477515e-15
  9   5.0049662e+01   9.9785088e-01   1.1157813e+00   1.1157813e+00  -1.2800549e-01   1.1006642e-15   1.4601625e-15  -4.9917959e-15   5.3161605e-15
 10   5.0077401e+01   9.9812736e-01   1.1164460e+00   1.1164460e+00  -1.1153780e-01   1.1275278e-15   1.4719473e-15  -4.9769891e-15   5.3111551e-15
 11   5.0101573e+01   9.9836823e-01   1.1170251e+00   1.1170251e+00  -9.7191171e-02   1.1629339e-15   1.4714993e-15  -4.9847784e-15   5.3259498e-15
 12   5.0122638e+01   9.9857809e-01   1.1175295e+00   1.1175295e+00  -8.4691798e-02   1.1620766e-15   1.4939589e-15  -4.9975139e-15   5.3439200e-15
 13   5.0140995e+01   9.9876093e-01   1.1179690e+00   1.1179690e+00  -7.3801374e-02   1.2026423e-15   1.5150233e-15  -5.0327163e-15   5.3916489e-15
 14   5.0156992e+01   9.9892025e-01   1.1183519e+00   1.1183519e+00  -6.4312442e-02   1.2164501e-15   1.5089812e-15  -5.0356925e-15   5.3958293e-15
 15   5.0170934e+01   9.9905906e-01   1.1186855e+00   1.1186855e+00  -5.6044380e-02   1.2363327e-15   1.4961671e-15  -5.0338249e-15   5.3950373e-15
 16   5.0183083e+01   9.9918002e-01   1.1189762e+00   1.1189762e+00  -4.8839904e-02   1.2576698e-15   1.5003826e-15  -5.0746690e-15   5.4392230e-15
 17   5.0193672e+01   9.9928543e-01   1.1192294e+00   1.1192294e+00  -4.2562043e-02   1.2569097e-15   1.5234936e-15  -5.0346792e-15   5.4082206e-15
 18   5.0202899e+01   9.9937728e-01   1.1194501e+00   1.1194501e+00  -3.7091504e-02   1.2666466e-15   1.5133060e-15  -5.0685195e-15   5.4391524e-15
 19   5.0210941e+01   9.9945732e-01   1.1196424e+00   1.1196424e+00  -3.2324379e-02   1.2789780e-15   1.5340903e-15  -5.0605513e-15   5.4404409e-15
 20   5.0217949e+01   9.9952707e-01   1.1198100e+00   1.1198100e+00  -2.8170152e-02   1.2946334e-15   1.5528767e-15  -5.0721112e-15   5.4602027e-15
 21   5.0224057e+01   9.9958785e-01   1.1199560e+00   1.1199560e+00  -2.4549975e-02   1.2790101e-15   1.5453566e-15  -5.0859810e-15   5.4672842e-15
 22   5.0229380e+01   9.9964082e-01   1.1200833e+00   1.1200833e+00  -2.1395154e-02   1.2891639e-15   1.5292510e-15  -5.1076122e-15   5.4852762e-15
 23   5.0234019e+01   9.9968698e-01   1.1201942e+00   1.1201942e+00  -1.8645839e-02   1.2960580e-15   1.5195568e-15  -5.0932947e-15   5.4708748e-15
 24   5.0238062e+01   9.9972721e-01   1.1202908e+00   1.1202908e+00  -1.6249887e-02   1.3050051e-15   1.5207795e-15  -5.0960876e-15   5.4759399e-15
 25   5.0241585e+01   9.9976226e-01   1.1203751e+00   1.1203750e+00  -1.4161864e-02   1.3123172e-15   1.5438875e-15  -5.0745290e-15   5.4641202e-15
 26   5.0244656e+01   9.9979282e-01   1.1204484e+00   1.1204484e+00  -1.2342182e-02   1.3162215e-15   1.5526913e-15  -5.0708959e-15   5.4641810e-15
 27   5.0247332e+01   9.9981944e-01   1.1205124e+00   1.1205124e+00  -1.0756344e-02   1.3425085e-15   1.5202373e-15  -5.0910153e-15   5.4801356e-15
 28   5.0249665e+01   9.9984265e-01   1.1205681e+00   1.1205681e+00  -9.3742930e-03   1.3294407e-15   1.5539467e-15  -5.0807272e-15   5.4768560e-15
 29   5.0251698e+01   9.9986287e-01   1.1206167e+00   1.1206167e+00  -8.1698356e-03   1.3153649e-15   1.5488411e-15  -5.1138445e-15   5.5027719e-15
 30   5.0253469e+01   9.9988049e-01   1.1206591e+00   1.1206591e+00  -7.1201466e-03   1.3405372e-15   1.5463490e-15  -5.0991424e-15   5.4944962e-15
 31   5.0255013e+01   9.9989585e-01   1.1206960e+00   1.1206960e+00  -6.2053357e-03   1.3391479e-15   1.5365070e-15  -5.1308757e-15   5.5208746e-15
 32   5.0256359e+01   9.9990924e-01   1.1207281e+00   1.1207281e+00  -5.4080694e-03   1.3345613e-15   1.5115476e-15  -5.1165226e-15   5.4995121e-15
 33   5.0257531e+01   9.9992091e-01   1.1207561e+00   1.1207561e+00  -4.7132431e-03   1.3485966e-15   1.5310433e-15  -5.1069253e-15   5.4994084e-15
Found horizon 0 (hmean)
 mass_irr = 0.999921
 meanradius = 1.120756
 minradius = 1.120756
 hrms = 0.000000
 hmean = -0.004713
 Sx = 0.000000
 Sy = 0.000000
 Sz = -0.000000
 S  = 0.000000
time=9.0536, cycle=4

Searching for horizon 0
center = (-0.000000, -0.000000, -0.000000)
r_mean = 1.120756
 iter      area            mass         meanradius       minradius        hmean            Sx              Sy              Sz             S
  0   4.9684941e+01   9.9420848e-01   1.1207561e+00   1.1207561e+00  -3.4444822e-01   4.7804991e-16  -5.2181419e-16  -1.2751266e-15   1.4583448e-15
  1   4.9759607e+01   9.9495523e-01   1.1225741e+00   1.1225741e+00  -3.0003236e-01   6.8377684e-16  -6.1186802e-16  -1.3560101e-15   1.6372833e-15
  2   4.9824660e+01   9.9560540e-01   1.1241563e+00   1.1241563e+00  -2.6136204e-01   8.1198161e-16  -6.5923759e-16  -1.4459353e-15   1.7845552e-15
  3   4.9881342e+01   9.9617155e-01   1.1255337e+00   1.1255337e+00  -2.2768968e-01   9.8023960e-16  -6.9033959e-16  -1.5334296e-15   1.9464955e-15
  4   4.9930730e+01   9.9666459e-01   1.1267328e+00   1.1267328e+00  -1.9836600e-01   1.0848798e-15  -7.5013185e-16  -1.5794452e-15   2.0577437e-15
  5   4.9973764e+01   9.9709400e-01   1.1277770e+00   1.1277770e+00  -1.7282687e-01   1.1694593e-15  -8.0101629e-16  -1.6361172e-15   2.1647498e-15
  6   5.0011264e+01   9.9746803e-01   1.1286863e+00   1.1286863e+00  -1.5058193e-01   1.2578887e-15  -8.2066280e-16  -1.6679799e-15   2.2445330e-15
  7   5.0043940e+01   9.9779385e-01   1.1294783e+00   1.1294783e+00  -1.3120481e-01   1.3318426e-15  -8.3573776e-16  -1.7042252e-15   2.3187595e-15
  8   5.0072415e+01   9.9807768e-01   1.1301681e+00   1.1301681e+00  -1.1432469e-01   1.3965685e-15  -8.5555610e-16  -1.7632553e-15   2.4065430e-15
  9   5.0097229e+01   9.9832495e-01   1.1307689e+00   1.1307689e+00  -9.9618954e-02   1.4365325e-15  -8.5587546e-16  -1.7822176e-15   2.4438592e-15
 10   5.0118853e+01   9.9854038e-01   1.1312924e+00   1.1312924e+00  -8.6806868e-02   1.4638589e-15  -8.2998406e-16  -1.7791347e-15   2.4488929e-15
 11   5.0137697e+01   9.9872808e-01   1.1317484e+00   1.1317484e+00  -7.5644101e-02   1.5318131e-15  -8.4924394e-16  -1.8154235e-15   2.5225838e-15
 12   5.0154118e+01   9.9889163e-01   1.1321457e+00   1.1321457e+00  -6.5917963e-02   1.5359810e-15  -8.3843297e-16  -1.8377461e-15   2.5376206e-15
 13   5.0168429e+01   9.9903413e-01   1.1324918e+00   1.1324918e+00  -5.7443280e-02   1.5913414e-15  -8.4934778e-16  -1.8353978e-15   2.5734110e-15
 14   5.0180901e+01   9.9915830e-01   1.1327934e+00   1.1327934e+00  -5.0058814e-02   1.6110021e-15  -8.4469141e-16  -1.8499597e-15   2.5944522e-15
 15   5.0191770e+01   9.9926650e-01   1.1330562e+00   1.1330562e+00  -4.3624153e-02   1.6265803e-15  -8.4379730e-16  -1.8660930e-15   2.6153509e-15
 16   5.0201242e+01   9.9936078e-01   1.1332852e+00   1.1332852e+00  -3.8017007e-02   1.6428118e-15  -8.2993642e-16  -1.8426169e-15   2.6043928e-15
 17   5.0209497e+01   9.9944295e-01   1.1334847e+00   1.1334847e+00  -3.3130862e-02   1.6909479e-15  -8.3548666e-16  -1.8550521e-15   2.6454793e-15
 18   5.0216691e+01   9.9951454e-01   1.1336586e+00   1.1336586e+00  -2.8872936e-02   1.6796459e-15  -8.2937828e-16  -1.8856417e-15   2.6579547e-15
 19   5.0222961e+01   9.9957694e-01   1.1338101e+00   1.1338101e+00  -2.5162403e-02   1.7076335e-15  -8.4493314e-16  -1.8992928e-15   2.6902114e-15
 20   5.0228425e+01   9.9963131e-01   1.1339421e+00   1.1339421e+00  -2.1928850e-02   1.6964598e-15  -8.2231972e-16  -1.8798551e-15   2.6623375e-15
 21   5.0233187e+01   9.9967870e-01   1.1340572e+00   1.1340572e+00  -1.9110932e-02   1.7283815e-15  -8.2307183e-16  -1.8843366e-15   2.6861635e-15
 22   5.0237337e+01   9.9971999e-01   1.1341574e+00   1.1341574e+00  -1.6655198e-02   1.7501063e-15  -8.2041252e-16  -1.9184330e-15   2.7232947e-15
 23   5.0240954e+01   9.9975598e-01   1.1342448e+00   1.1342448e+00  -1.4515081e-02   1.7409608e-15  -8.2155261e-16  -1.9218576e-15   2.7201893e-15
 24   5.0244106e+01   9.9978734e-01   1.1343210e+00   1.1343210e+00  -1.2650003e-02   1.7428992e-15  -7.9244444e-16  -1.8881336e-15   2.6889988e-15
 25   5.0246853e+01   9.9981467e-01   1.1343873e+00   1.1343873e+00  -1.1024606e-02   1.7579274e-15  -8.2529923e-16  -1.9095822e-15   2.7235880e-15
 26   5.0249247e+01   9.9983849e-01   1.1344452e+00   1.1344452e+00  -9.6080809e-03   1.7439890e-15  -8.4742629e-16  -1.8898495e-15   2.7076115e-15
 27   5.0251334e+01   9.9985925e-01   1.1344956e+00   1.1344956e+00  -8.3735808e-03   1.7549680e-15  -7.9641734e-16  -1.9052505e-15   2.7100134e-15
 28   5.0253152e+01   9.9987734e-01   1.1345395e+00   1.1345395e+00  -7.2977107e-03   1.7402345e-15  -8.1580068e-16  -1.8892715e-15   2.6950498e-15
 29   5.0254737e+01   9.9989311e-01   1.1345778e+00   1.1345778e+00  -6.3600835e-03   1.7724740e-15  -8.1886702e-16  -1.9070563e-15   2.7292986e-15
 30   5.0256118e+01   9.9990685e-01   1.1346111e+00   1.1346111e+00  -5.5429332e-03   1.7678834e-15  -8.1005889e-16  -1.8991104e-15   2.7181294e-15
 31   5.0257322e+01   9.9991882e-01   1.1346402e+00   1.1346402e+00  -4.8307775e-03   1.8060164e-15  -7.9846715e-16  -1.8939722e-15   2.7361242e-15
Found horizon 0 (hmean)
 mass_irr = 0.999919
 meanradius = 1.134640
 minradius = 1.134640
 hrms = 0.000000
 hmean = -0.004831
 Sx = 0.000000
 Sy = -0.000000
 Sz = -0.000000
 S  = 0.000000
time=9.5594, cycle=4

Searching for horizon 0
center = (-0.000000, -0.000000, -0.000000)
r_mean = 1.134640
 iter      area            mass         meanradius       minradius        hmean            Sx              Sy              Sz             S
  0   4.9819549e+01   9.9555433e-01   1.1346402e+00   1.1346402e+00  -2.6475513e-01  -5.1398406e-16   2.5741743e-15  -1.4697643e-15   3.0084482e-15
  1   4.9876887e+01   9.9612707e-01   1.1360493e+00   1.1360493e+00  -2.3064456e-01  -4.2053759e-16   2.4812712e-15  -1.4868082e-15   2.9230390e-15
  2   4.9926848e+01   9.9662585e-01   1.1372762e+00   1.1372762e+00  -2.0093952e-01  -3.7148698e-16   2.4321160e-15  -1.4834243e-15   2.8729321e-15
  3   4.9970382e+01   9.9706026e-01   1.1383444e+00   1.1383444e+00  -1.7506844e-01  -2.6679486e-16   2.3689481e-15  -1.5373417e-15   2.8366378e-15
  4   5.0008316e+01   9.9743864e-01   1.1392747e+00   1.1392747e+00  -1.5253451e-01  -2.3297032e-16   2.3231881e-15  -1.5459778e-15   2.8002724e-15
  5   5.0041372e+01   9.9776824e-01   1.1400848e+00   1.1400848e+00  -1.3290577e-01  -1.6991732e-16   2.2695799e-15  -1.5756269e-15   2.7681158e-15
  6   5.0070177e+01   9.9805537e-01   1.1407905e+00   1.1407905e+00  -1.1580655e-01  -1.2142809e-16   2.2088581e-15  -1.5985308e-15   2.7293039e-15
  7   5.0095279e+01   9.9830552e-01   1.1414052e+00   1.1414052e+00  -1.0090999e-01  -8.5846196e-17   2.1750544e-15  -1.6082810e-15   2.7064366e-15
  8   5.0117153e+01   9.9852345e-01   1.1419407e+00   1.1419407e+00  -8.7931703e-02  -5.5213886e-17   2.1585413e-15  -1.6484490e-15   2.7165664e-15
  9   5.0136216e+01   9.9871333e-01   1.1424072e+00   1.1424072e+00  -7.6624169e-02  -1.1538191e-17   2.1245274e-15  -1.6390013e-15   2.6832955e-15
 10   5.0152828e+01   9.9887878e-01   1.1428136e+00   1.1428136e+00  -6.6771924e-02   7.4314545e-18   2.0905924e-15  -1.6459950e-15   2.6608141e-15
 11   5.0167305e+01   9.9902293e-01   1.1431677e+00   1.1431677e+00  -5.8187383e-02   3.4995421e-17   2.0830994e-15  -1.6756179e-15   2.6736161e-15
 12   5.0179922e+01   9.9914855e-01   1.1434763e+00   1.1434763e+00  -5.0707208e-02   7.3756895e-17   2.0513351e-15  -1.6911365e-15   2.6595786e-15
 13   5.0190917e+01   9.9925800e-01   1.1437451e+00   1.1437451e+00  -4.4189160e-02   8.2652223e-17   2.0356358e-15  -1.7033607e-15   2.6555757e-15
 14   5.0200499e+01   9.9935338e-01   1.1439793e+00   1.1439793e+00  -3.8509362e-02   8.0753977e-17   2.0229292e-15  -1.7016468e-15   2.6446863e-15
 15   5.0208849e+01   9.9943650e-01   1.1441835e+00   1.1441835e+00  -3.3559913e-02   6.0976210e-17   2.0308285e-15  -1.7435570e-15   2.6773072e-15
 16   5.0216127e+01   9.9950893e-01   1.1443613e+00   1.1443613e+00  -2.9246828e-02   1.0673923e-16   2.0112138e-15  -1.7306857e-15   2.6554938e-15
 17   5.0222469e+01   9.9957205e-01   1.1445163e+00   1.1445163e+00  -2.5488232e-02   1.0152132e-16   1.9971171e-15  -1.7335856e-15   2.6465265e-15
 18   5.0227997e+01   9.9962705e-01   1.1446514e+00   1.1446514e+00  -2.2212797e-02   1.2401301e-16   1.9508076e-15  -1.7463719e-15   2.6212295e-15
 19   5.0232814e+01   9.9967499e-01   1.1447691e+00   1.1447691e+00  -1.9358382e-02   1.3303433e-16   1.9564193e-15  -1.7533733e-15   2.6305118e-15
 20   5.0237012e+01   9.9971676e-01   1.1448717e+00   1.1448717e+00  -1.6870846e-02   1.3083918e-16   1.9597139e-15  -1.7600494e-15   2.6373038e-15
 21   5.0240671e+01   9.9975316e-01   1.1449610e+00   1.1449610e+00  -1.4703015e-02   1.3942827e-16   1.9638253e-15  -1.7764144e-15   2.6517349e-15
 22   5.0243860e+01   9.9978489e-01   1.1450389e+00   1.1450389e+00  -1.2813785e-02   1.4151984e-16   1.9436184e-15  -1.7585187e-15   2.6248940e-15
 23   5.0246639e+01   9.9981254e-01   1.1451068e+00   1.1451068e+00  -1.1167341e-02   1.5160289e-16   1.9264792e-15  -1.7730849e-15   2.6226200e-15
 24   5.0249061e+01   9.9983664e-01   1.1451660e+00   1.1451660e+00  -9.7324740e-03   1.2867013e-16   1.9462356e-15  -1.7707821e-15   2.6343990e-15
 25   5.0251171e+01   9.9985764e-01   1.1452176e+00   1.1452176e+00  -8.4819896e-03   1.3913251e-16   1.9200447e-15  -1.7894134e-15   2.6282941e-15
 26   5.0253011e+01   9.9987594e-01   1.1452625e+00   1.1452625e+00  -7.3921895e-03   1.6102564e-16   1.9236224e-15  -1.7808980e-15   2.6263759e-15
 27   5.0254614e+01   9.9989189e-01   1.1453016e+00   1.1453016e+00  -6.4424225e-03   1.6869222e-16   1.9175309e-15  -1.7851447e-15   2.6252854e-15
 28   5.0256012e+01   9.9990579e-01   1.1453358e+00   1.1453358e+00  -5.6146924e-03   1.6062131e-16   1.9176620e-15  -1.7969558e-15   2.6329218e-15
 29   5.0257229e+01   9.9991790e-01   1.1453655e+00   1.1453655e+00  -4.8933166e-03   1.6187992e-16   1.9388253e-15  -1.7596455e-15   2.6232805e-15
Found horizon 0 (hmean)
 mass_irr = 0.999918
 meanradius = 1.145366
 minradius = 1.145366
 hrms = 0.000000
 hmean = -0.004893
 Sx = 0.000000
 Sy = 0.000000
 Sz = -0.000000
 S  = 0.000000
time=10.0617, cycle=4

Searching for horizon 0
center = (-0.000000, -0.000000, -0.000000)
r_mean = 1.145366
 iter      area            mass         meanradius       minradius        hmean            Sx              Sy              Sz             S
  0   4.9937758e+01   9.9673473e-01   1.1453655e+00   1.1453655e+00  -1.9510124e-01  -2.9067024e-15  -1.0552918e-15  -2.8547623e-15   4.2085897e-15
  1   4.9979887e+01   9.9715509e-01   1.1464106e+00   1.1464106e+00  -1.6998402e-01  -3.0041078e-15  -1.0091440e-15  -2.9393958e-15   4.3223932e-15
  2   5.0016598e+01   9.9752123e-01   1.1473207e+00   1.1473207e+00  -1.4810619e-01  -3.0201714e-15  -9.4438086e-16  -3.0009689e-15   4.3610899e-15
  3   5.0048589e+01   9.9784018e-01   1.1481134e+00   1.1481134e+00  -1.2904856e-01  -3.0525975e-15  -9.0757563e-16  -3.0847829e-15   4.4337265e-15
  4   5.0076465e+01   9.9811804e-01   1.1488038e+00   1.1488038e+00  -1.1244654e-01  -3.0917848e-15  -8.8775960e-16  -3.1404700e-15   4.4955314e-15
  5   5.0100758e+01   9.9836011e-01   1.1494052e+00   1.1494052e+00  -9.7982917e-02  -3.1012809e-15  -8.4991958e-16  -3.2082773e-15   4.5423948e-15
  6   5.0121928e+01   9.9857102e-01   1.1499291e+00   1.1499291e+00  -8.5381640e-02  -3.1240154e-15  -8.2285791e-16  -3.2758396e-15   4.6008361e-15
  7   5.0140377e+01   9.9875478e-01   1.1503856e+00   1.1503856e+00  -7.4402448e-02  -3.1108106e-15  -8.0498234e-16  -3.3219476e-15   4.6217394e-15
  8   5.0156454e+01   9.9891489e-01   1.1507833e+00   1.1507833e+00  -6.4836187e-02  -3.1283337e-15  -7.7843020e-16  -3.3563540e-15   4.6537660e-15
  9   5.0170465e+01   9.9905440e-01   1.1511297e+00   1.1511297e+00  -5.6500755e-02  -3.1467858e-15  -7.6316924e-16  -3.4063790e-15   4.6997986e-15
 10   5.0182676e+01   9.9917597e-01   1.1514316e+00   1.1514316e+00  -4.9237583e-02  -3.1710461e-15  -7.5971272e-16  -3.4427868e-15   4.7418854e-15
 11   5.0193317e+01   9.9928190e-01   1.1516947e+00   1.1516947e+00  -4.2908583e-02  -3.1629659e-15  -7.3501750e-16  -3.4727526e-15   4.7544310e-15
 12   5.0202591e+01   9.9937421e-01   1.1519239e+00   1.1519239e+00  -3.7393488e-02  -3.1828780e-15  -7.3307528e-16  -3.4990813e-15   4.7866148e-15
 13   5.0210673e+01   9.9945465e-01   1.1521236e+00   1.1521236e+00  -3.2587538e-02  -3.1657717e-15  -7.3203205e-16  -3.4908013e-15   4.7690330e-15
 14   5.0217716e+01   9.9952475e-01   1.1522977e+00   1.1522977e+00  -2.8399483e-02  -3.1555086e-15  -6.9252697e-16  -3.5198151e-15   4.7776486e-15
 15   5.0223854e+01   9.9958583e-01   1.1524493e+00   1.1524493e+00  -2.4749828e-02  -3.1515587e-15  -7.1649123e-16  -3.5595935e-15   4.8079505e-15
 16   5.0229204e+01   9.9963907e-01   1.1525815e+00   1.1525815e+00  -2.1569319e-02  -3.1566833e-15  -6.8597623e-16  -3.5948084e-15   4.8329970e-15
 17   5.0233866e+01   9.9968546e-01   1.1526967e+00   1.1526967e+00  -1.8797620e-02  -3.1737683e-15  -6.9941382e-16  -3.5743072e-15   4.8309064e-15
 18   5.0237929e+01   9.9972589e-01   1.1527970e+00   1.1527970e+00  -1.6382162e-02  -3.1855220e-15  -7.1696137e-16  -3.5969821e-15   4.8579692e-15
 19   5.0241471e+01   9.9976112e-01   1.1528845e+00   1.1528845e+00  -1.4277145e-02  -3.1545091e-15  -7.0047527e-16  -3.6041163e-15   4.8405834e-15
 20   5.0244557e+01   9.9979183e-01   1.1529607e+00   1.1529607e+00  -1.2442648e-02  -3.1804211e-15  -7.0291023e-16  -3.6212879e-15   4.8706147e-15
 21   5.0247246e+01   9.9981859e-01   1.1530272e+00   1.1530272e+00  -1.0843900e-02  -3.1641712e-15  -7.0287341e-16  -3.6087015e-15   4.8506430e-15
 22   5.0249591e+01   9.9984191e-01   1.1530851e+00   1.1530850e+00  -9.4505983e-03  -3.1688631e-15  -6.9283554e-16  -3.6003074e-15   4.8460218e-15
 23   5.0251633e+01   9.9986223e-01   1.1531355e+00   1.1531355e+00  -8.2363361e-03  -3.1920754e-15  -6.6785987e-16  -3.6273011e-15   4.8777757e-15
 24   5.0253414e+01   9.9987994e-01   1.1531795e+00   1.1531795e+00  -7.1781024e-03  -3.1925352e-15  -6.9736364e-16  -3.6524848e-15   4.9009430e-15
 25   5.0254966e+01   9.9989538e-01   1.1532178e+00   1.1532178e+00  -6.2558448e-03  -3.1791822e-15  -6.7195719e-16  -3.6403401e-15   4.8796314e-15
 26   5.0256318e+01   9.9990883e-01   1.1532512e+00   1.1532512e+00  -5.4520888e-03  -3.1556822e-15  -6.5209926e-16  -3.6422218e-15   4.8630590e-15
 27   5.0257496e+01   9.9992056e-01   1.1532803e+00   1.1532803e+00  -4.7516060e-03  -3.2029790e-15  -6.6903036e-16  -3.6165233e-15   4.8770808e-15
Found horizon 0 (hmean)
 mass_irr = 0.999921
 meanradius = 1.153280
 minradius = 1.153280
 hrms = 0.000000
 hmean = -0.004752
 Sx = -0.000000
 Sy = -0.000000
 Sz = -0.000000
 S  = 0.000000
time=10.5674, cycle=4

Searching for horizon 0
center = (-0.000000, -0.000000, -0.000000)
r_mean = 1.153280
 iter      area            mass         meanradius       minradius        hmean            Sx              Sy              Sz             S
  0   5.0030816e+01   9.9766300e-01   1.1532803e+00   1.1532803e+00  -1.4029105e-01  -1.1131079e-15   8.3992765e-16  -6.7905104e-15   6.9322088e-15
  1   5.0060977e+01   9.9796368e-01   1.1540355e+00   1.1540355e+00  -1.2224105e-01  -1.1154435e-15   8.1361370e-16  -6.8396578e-15   6.9776143e-15
  2   5.0087261e+01   9.9822562e-01   1.1546933e+00   1.1546933e+00  -1.0651635e-01  -1.0885293e-15   7.9162577e-16  -6.8751035e-15   7.0056132e-15
  3   5.0110166e+01   9.9845384e-01   1.1552663e+00   1.1552663e+00  -9.2816666e-02  -1.0743615e-15   7.8007064e-16  -6.8748390e-15   7.0018693e-15
  4   5.0130126e+01   9.9865268e-01   1.1557655e+00   1.1557655e+00  -8.0880686e-02  -1.0768895e-15   7.4703537e-16  -6.9028667e-15   7.0261883e-15
  5   5.0147521e+01   9.9882593e-01   1.1562005e+00   1.1562005e+00  -7.0480943e-02  -1.0659676e-15   7.2193228e-16  -6.8960977e-15   7.0152432e-15
  6   5.0162681e+01   9.9897689e-01   1.1565794e+00   1.1565794e+00  -6.1419397e-02  -1.0522889e-15   7.3417742e-16  -6.8811693e-15   6.9997728e-15
  7   5.0175891e+01   9.9910842e-01   1.1569095e+00   1.1569095e+00  -5.3523620e-02  -1.0567583e-15   7.1577862e-16  -6.8963125e-15   7.0134303e-15
  8   5.0187405e+01   9.9922304e-01   1.1571972e+00   1.1571972e+00  -4.6643455e-02  -1.0443868e-15   7.0519672e-16  -6.8781418e-15   6.9926305e-15
  9   5.0197438e+01   9.9932292e-01   1.1574479e+00   1.1574479e+00  -4.0648130e-02  -1.0457891e-15   7.2367120e-16  -6.9073708e-15   7.0234711e-15
 10   5.0206182e+01   9.9940996e-01   1.1576663e+00   1.1576663e+00  -3.5423744e-02  -1.0392510e-15   6.9987811e-16  -6.9052453e-15   7.0179972e-15
 11   5.0213803e+01   9.9948580e-01   1.1578566e+00   1.1578566e+00  -3.0871082e-02  -1.0461715e-15   6.9355234e-16  -6.9204468e-15   7.0333543e-15
 12   5.0220444e+01   9.9955190e-01   1.1580225e+00   1.1580225e+00  -2.6903719e-02  -1.0210542e-15   6.8348704e-16  -6.8971109e-15   7.0057009e-15
 13   5.0226232e+01   9.9960950e-01   1.1581670e+00   1.1581670e+00  -2.3446362e-02  -1.0275778e-15   6.9912528e-16  -6.9033656e-15   7.0143530e-15
 14   5.0231277e+01   9.9965969e-01   1.1582930e+00   1.1582930e+00  -2.0433414e-02  -1.0311040e-15   6.7842392e-16  -6.9172282e-15   7.0264842e-15
 15   5.0235673e+01   9.9970344e-01   1.1584027e+00   1.1584027e+00  -1.7807725e-02  -1.0080793e-15   6.7715372e-16  -6.8820373e-15   6.9883616e-15
 16   5.0239504e+01   9.9974156e-01   1.1584984e+00   1.1584984e+00  -1.5519499e-02  -1.0314687e-15   6.9647323e-16  -6.8885130e-15   7.0000439e-15
 17   5.0242843e+01   9.9977478e-01   1.1585817e+00   1.1585817e+00  -1.3525350e-02  -9.9379844e-16   6.8064190e-16  -6.9000507e-15   7.0043992e-15
 18   5.0245753e+01   9.9980373e-01   1.1586544e+00   1.1586544e+00  -1.1787471e-02  -1.0298168e-15   6.8358749e-16  -6.9286729e-15   7.0380624e-15
 19   5.0248290e+01   9.9982896e-01   1.1587177e+00   1.1587177e+00  -1.0272922e-02  -9.9949655e-16   6.6231383e-16  -6.9103424e-15   7.0135928e-15
 20   5.0250500e+01   9.9985095e-01   1.1587728e+00   1.1587728e+00  -8.9529944e-03  -1.0151897e-15   6.5862252e-16  -6.8942457e-15   6.9996441e-15
 21   5.0252426e+01   9.9987012e-01   1.1588209e+00   1.1588209e+00  -7.8026754e-03  -9.9860802e-16   6.7439109e-16  -6.9106829e-15   7.0149525e-15
 22   5.0254105e+01   9.9988682e-01   1.1588628e+00   1.1588628e+00  -6.8001660e-03  -1.0241228e-15   6.7427027e-16  -6.8953939e-15   7.0035652e-15
 23   5.0255568e+01   9.9990138e-01   1.1588993e+00   1.1588993e+00  -5.9264714e-03  -1.0284404e-15   6.7269875e-16  -6.9036109e-15   7.0121364e-15
 24   5.0256843e+01   9.9991406e-01   1.1589312e+00   1.1589312e+00  -5.1650373e-03  -1.0033316e-15   6.6281063e-16  -6.9005128e-15   7.0045035e-15
 25   5.0257955e+01   9.9992512e-01   1.1589589e+00   1.1589589e+00  -4.5014378e-03  -9.9272713e-16   6.8147586e-16  -6.8958480e-15   7.0001882e-15
Found horizon 0 (hmean)
 mass_irr = 0.999925
 meanradius = 1.158959
 minradius = 1.158959
 hrms = 0.000000
 hmean = -0.004501
 Sx = -0.000000
 Sy = 0.000000
 Sz = -0.000000
 S  = 0.000000
time=11.0701, cycle=4

Searching for horizon 0
center = (-0.000000, -0.000000, -0.000000)
r_mean = 1.158959
 iter      area            mass         meanradius       minradius        hmean            Sx              Sy              Sz             S
  0   5.0108177e+01   9.9843403e-01   1.1589589e+00   1.1589589e+00  -9.4524049e-02  -2.1621397e-15   2.0309883e-15  -1.1144050e-15   3.1688579e-15
  1   5.0128393e+01   9.9863542e-01   1.1594696e+00   1.1594696e+00  -8.2368577e-02  -2.1563957e-15   2.0194606e-15  -1.0960198e-15   3.1511146e-15
  2   5.0146011e+01   9.9881089e-01   1.1599144e+00   1.1599144e+00  -7.1777571e-02  -2.1417658e-15   2.0077623e-15  -1.0720983e-15   3.1253264e-15
  3   5.0161364e+01   9.9896378e-01   1.1603020e+00   1.1603020e+00  -6.2549362e-02  -2.1315691e-15   1.9847533e-15  -1.0734252e-15   3.1040416e-15
  4   5.0174744e+01   9.9909700e-01   1.1606398e+00   1.1606398e+00  -5.4508352e-02  -2.1243825e-15   1.9286414e-15  -1.0896193e-15   3.0691903e-15
  5   5.0186405e+01   9.9921309e-01   1.1609340e+00   1.1609340e+00  -4.7501628e-02  -2.1193476e-15   1.9538486e-15  -1.0365491e-15   3.0632650e-15
  6   5.0196567e+01   9.9931425e-01   1.1611904e+00   1.1611904e+00  -4.1396015e-02  -2.1161980e-15   1.9027204e-15  -1.0449649e-15   3.0315986e-15
  7   5.0205424e+01   9.9940240e-01   1.1614139e+00   1.1614139e+00  -3.6075519e-02  -2.1338629e-15   1.9059630e-15  -1.0485061e-15   3.0472004e-15
  8   5.0213142e+01   9.9947922e-01   1.1616086e+00   1.1616086e+00  -3.1439102e-02  -2.1121734e-15   1.8992317e-15  -1.0665441e-15   3.0341183e-15
  9   5.0219869e+01   9.9954617e-01   1.1617782e+00   1.1617782e+00  -2.7398748e-02  -2.1250657e-15   1.8971141e-15  -1.0352416e-15   3.0309522e-15
 10   5.0225731e+01   9.9960450e-01   1.1619261e+00   1.1619261e+00  -2.3877781e-02  -2.1156559e-15   1.8916327e-15  -1.0537737e-15   3.0273277e-15
 11   5.0230840e+01   9.9965534e-01   1.1620549e+00   1.1620549e+00  -2.0809398e-02  -2.1193947e-15   1.8843896e-15  -1.0623477e-15   3.0284222e-15
 12   5.0235292e+01   9.9969965e-01   1.1621672e+00   1.1621672e+00  -1.8135398e-02  -2.1276625e-15   1.8777377e-15  -1.0285691e-15   3.0184104e-15
 13   5.0239173e+01   9.9973826e-01   1.1622650e+00   1.1622650e+00  -1.5805070e-02  -2.1234694e-15   1.8704214e-15  -1.0333889e-15   3.0125556e-15
 14   5.0242555e+01   9.9977191e-01   1.1623503e+00   1.1623503e+00  -1.3774229e-02  -2.1106083e-15   1.8516874e-15  -1.0509183e-15   2.9979731e-15
 15   5.0245502e+01   9.9980123e-01   1.1624246e+00   1.1624246e+00  -1.2004373e-02  -2.1107157e-15   1.8590405e-15  -1.0380752e-15   2.9981248e-15
 16   5.0248071e+01   9.9982679e-01   1.1624893e+00   1.1624893e+00  -1.0461955e-02  -2.1121580e-15   1.8589514e-15  -1.0594755e-15   3.0065595e-15
 17   5.0250310e+01   9.9984906e-01   1.1625458e+00   1.1625458e+00  -9.1177405e-03  -2.1267139e-15   1.8662398e-15  -1.0400224e-15   3.0145331e-15
 18   5.0252261e+01   9.9986847e-01   1.1625950e+00   1.1625950e+00  -7.9462549e-03  -2.1059535e-15   1.8666001e-15  -1.0169115e-15   2.9922141e-15
 19   5.0253961e+01   9.9988539e-01   1.1626378e+00   1.1626378e+00  -6.9252989e-03  -2.0991733e-15   1.8470467e-15  -1.0532351e-15   2.9878779e-15
 20   5.0255443e+01   9.9990013e-01   1.1626752e+00   1.1626752e+00  -6.0355275e-03  -2.1272372e-15   1.8854451e-15  -1.0512895e-15   3.0307179e-15
 21   5.0256735e+01   9.9991298e-01   1.1627077e+00   1.1627077e+00  -5.2600827e-03  -2.1310224e-15   1.8449546e-15  -1.0519408e-15   3.0086032e-15
 22   5.0257860e+01   9.9992418e-01   1.1627361e+00   1.1627361e+00  -4.5842720e-03  -2.1024102e-15   1.8298553e-15  -1.0339646e-15   2.9728070e-15
Found horizon 0 (hmean)
 mass_irr = 0.999924
 meanradius = 1.162736
 minradius = 1.162736
 hrms = 0.000000
 hmean = -0.004584
 Sx = -0.000000
 Sy = 0.000000
 Sz = -0.000000
 S  = 0.000000
time=11.5703, cycle=4

Searching for horizon 0
center = (-0.000000, -0.000000, -0.000000)
r_mean = 1.162736
 iter      area            mass         meanradius       minradius        hmean            Sx              Sy              Sz             S
  0   5.0167234e+01   9.9902222e-01   1.1627361e+00   1.1627361e+00  -5.9372013e-02  -1.8434078e-15  -3.4613366e-15  -1.7501918e-15   4.2944353e-15
  1   5.0179860e+01   9.9914793e-01   1.1630577e+00   1.1630577e+00  -5.1739841e-02  -1.7903591e-15  -3.4634488e-15  -1.7595200e-15   4.2774728e-15
  2   5.0190863e+01   9.9925747e-01   1.1633378e+00   1.1633378e+00  -4.5089277e-02  -1.7853650e-15  -3.4625047e-15  -1.7967322e-15   4.2900715e-15
  3   5.0200452e+01   9.9935292e-01   1.1635820e+00   1.1635820e+00  -3.9293951e-02  -1.7520622e-15  -3.4687044e-15  -1.8025970e-15   4.2838053e-15
  4   5.0208809e+01   9.9943610e-01   1.1637947e+00   1.1637947e+00  -3.4243790e-02  -1.7492723e-15  -3.4997088e-15  -1.8216966e-15   4.3158422e-15
  5   5.0216093e+01   9.9950859e-01   1.1639801e+00   1.1639801e+00  -2.9842911e-02  -1.7126405e-15  -3.4899307e-15  -1.8489647e-15   4.3048141e-15
  6   5.0222440e+01   9.9957176e-01   1.1641417e+00   1.1641417e+00  -2.6007784e-02  -1.6979944e-15  -3.4720593e-15  -1.8415074e-15   4.2813000e-15
  7   5.0227972e+01   9.9962681e-01   1.1642825e+00   1.1642824e+00  -2.2665638e-02  -1.6809386e-15  -3.4604040e-15  -1.8604448e-15   4.2733131e-15
  8   5.0232793e+01   9.9967478e-01   1.1644051e+00   1.1644051e+00  -1.9753075e-02  -1.6726331e-15  -3.4682410e-15  -1.8847383e-15   4.2870311e-15
  9   5.0236995e+01   9.9971659e-01   1.1645120e+00   1.1645120e+00  -1.7214853e-02  -1.6711444e-15  -3.5057237e-15  -1.8883040e-15   4.3183926e-15
 10   5.0240657e+01   9.9975302e-01   1.1646052e+00   1.1646052e+00  -1.5002843e-02  -1.6391849e-15  -3.4866121e-15  -1.9015934e-15   4.2964461e-15
 11   5.0243848e+01   9.9978478e-01   1.1646864e+00   1.1646864e+00  -1.3075106e-02  -1.6735947e-15  -3.4613892e-15  -1.8876956e-15   4.2831682e-15
 12   5.0246630e+01   9.9981245e-01   1.1647572e+00   1.1647572e+00  -1.1395099e-02  -1.6564410e-15  -3.4733867e-15  -1.9141815e-15   4.2979417e-15
 13   5.0249054e+01   9.9983657e-01   1.1648188e+00   1.1648188e+00  -9.9309789e-03  -1.6571854e-15  -3.4640264e-15  -1.9109851e-15   4.2892431e-15
 14   5.0251166e+01   9.9985758e-01   1.1648726e+00   1.1648726e+00  -8.6549977e-03  -1.6385778e-15  -3.4629392e-15  -1.9330387e-15   4.2910982e-15
 15   5.0253007e+01   9.9987590e-01   1.1649194e+00   1.1649194e+00  -7.5429728e-03  -1.6547839e-15  -3.5080737e-15  -1.9171566e-15   4.3267054e-15
 16   5.0254612e+01   9.9989186e-01   1.1649602e+00   1.1649602e+00  -6.5738376e-03  -1.6300244e-15  -3.4915617e-15  -1.9307298e-15   4.3099536e-15
 17   5.0256010e+01   9.9990577e-01   1.1649958e+00   1.1649958e+00  -5.7292268e-03  -1.6364432e-15  -3.4792329e-15  -1.9531495e-15   4.3125168e-15
 18   5.0257229e+01   9.9991790e-01   1.1650268e+00   1.1650268e+00  -4.9931384e-03  -1.6136376e-15  -3.4951281e-15  -1.9551221e-15   4.3176671e-15
Found horizon 0 (hmean)
 mass_irr = 0.999918
 meanradius = 1.165027
 minradius = 1.165027
 hrms = 0.000000
 hmean = -0.004993
 Sx = -0.000000
 Sy = -0.000000
 Sz = -0.000000
 S  = 0.000000
time=12.0748, cycle=4

Searching for horizon 0
center = (-0.000000, -0.000000, -0.000000)
r_mean = 1.165027
 iter      area            mass         meanradius       minradius        hmean            Sx              Sy              Sz             S
  0   5.0210572e+01   9.9945364e-01   1.1650268e+00   1.1650268e+00  -3.3383497e-02   1.0757856e-15  -1.3555567e-15  -7.2990875e-15   7.5014350e-15
  1   5.0217629e+01   9.9952387e-01   1.1652079e+00   1.1652079e+00  -2.9093255e-02   1.0875386e-15  -1.3502828e-15  -7.3081986e-15   7.5110432e-15
  2   5.0223779e+01   9.9958508e-01   1.1653657e+00   1.1653657e+00  -2.5354527e-02   1.0846218e-15  -1.3132159e-15  -7.3415105e-15   7.5364924e-15
  3   5.0229139e+01   9.9963842e-01   1.1655033e+00   1.1655033e+00  -2.2096375e-02   1.0705423e-15  -1.3118164e-15  -7.3293111e-15   7.5223483e-15
  4   5.0233810e+01   9.9968490e-01   1.1656232e+00   1.1656232e+00  -1.9256997e-02   1.0811353e-15  -1.3220693e-15  -7.3403062e-15   7.5363662e-15
  5   5.0237881e+01   9.9972541e-01   1.1657276e+00   1.1657276e+00  -1.6782547e-02   1.0614373e-15  -1.2896917e-15  -7.3546247e-15   7.5419135e-15
  6   5.0241429e+01   9.9976071e-01   1.1658186e+00   1.1658186e+00  -1.4626106e-02   1.0790152e-15  -1.3057246e-15  -7.3700080e-15   7.5621564e-15
  7   5.0244521e+01   9.9979148e-01   1.1658980e+00   1.1658980e+00  -1.2746791e-02   1.0872240e-15  -1.2898514e-15  -7.3561323e-15   7.5470826e-15
  8   5.0247216e+01   9.9981829e-01   1.1659671e+00   1.1659671e+00  -1.1108981e-02   1.0830251e-15  -1.2783845e-15  -7.3610551e-15   7.5493273e-15
  9   5.0249565e+01   9.9984165e-01   1.1660273e+00   1.1660273e+00  -9.6816321e-03   1.0737210e-15  -1.2817320e-15  -7.3805498e-15   7.5675775e-15
 10   5.0251612e+01   9.9986202e-01   1.1660799e+00   1.1660799e+00  -8.4376949e-03   1.0878046e-15  -1.2583657e-15  -7.3461284e-15   7.5320917e-15
 11   5.0253396e+01   9.9987977e-01   1.1661256e+00   1.1661256e+00  -7.3535972e-03   1.0885504e-15  -1.2698874e-15  -7.3636590e-15   7.5512270e-15
 12   5.0254951e+01   9.9989523e-01   1.1661655e+00   1.1661655e+00  -6.4087971e-03   1.0671847e-15  -1.2703153e-15  -7.4098954e-15   7.5933612e-15
 13   5.0256306e+01   9.9990871e-01   1.1662002e+00   1.1662002e+00  -5.5853938e-03   1.0665130e-15  -1.2896701e-15  -7.3563910e-15   7.5443481e-15
 14   5.0257487e+01   9.9992046e-01   1.1662305e+00   1.1662305e+00  -4.8677873e-03   1.0761855e-15  -1.2851890e-15  -7.3804449e-15   7.5684115e-15
Found horizon 0 (hmean)
 mass_irr = 0.999920
 meanradius = 1.166231
 minradius = 1.166231
 hrms = 0.000000
 hmean = -0.004868
 Sx = 0.000000
 Sy = -0.000000
 Sz = -0.000000
 S  = 0.000000
time=12.5773, cycle=4

Searching for horizon 0
center = (-0.000000, -0.000000, -0.000000)
r_mean = 1.166231
 iter      area            mass         meanradius       minradius        hmean            Sx              Sy              Sz             S
  0   5.0243670e+01   9.9978300e-01   1.1662305e+00   1.1662305e+00  -1.3345526e-02  -3.1526803e-15   5.3179823e-15  -1.6691106e-15   6.4036129e-15
  1   5.0246474e+01   9.9981091e-01   1.1663030e+00   1.1663030e+00  -1.1630782e-02  -3.1576393e-15   5.3555474e-15  -1.6568338e-15   6.4341023e-15
  2   5.0248919e+01   9.9983522e-01   1.1663662e+00   1.1663662e+00  -1.0136387e-02  -3.1711082e-15   5.3693103e-15  -1.6562328e-15   6.4520174e-15
  3   5.0251049e+01   9.9985641e-01   1.1664212e+00   1.1664212e+00  -8.8340191e-03  -3.1447612e-15   5.3678439e-15  -1.6403065e-15   6.4338073e-15
  4   5.0252905e+01   9.9987488e-01   1.1664692e+00   1.1664692e+00  -7.6989993e-03  -3.1701390e-15   5.3514388e-15  -1.6652420e-15   6.4389991e-15
  5   5.0254523e+01   9.9989098e-01   1.1665110e+00   1.1665110e+00  -6.7098205e-03  -3.1788155e-15   5.4136868e-15  -1.6446021e-15   6.4898065e-15
  6   5.0255933e+01   9.9990501e-01   1.1665475e+00   1.1665475e+00  -5.8477409e-03  -3.1966503e-15   5.4031874e-15  -1.6265127e-15   6.4852564e-15
  7   5.0257162e+01   9.9991723e-01   1.1665792e+00   1.1665792e+00  -5.0964277e-03  -3.1761960e-15   5.3969109e-15  -1.6317296e-15   6.4712757e-15
  8   5.0258233e+01   9.9992789e-01   1.1666069e+00   1.1666069e+00  -4.4416472e-03  -3.1627051e-15   5.3834623e-15  -1.6319259e-15   6.4534915e-15
Found horizon 0 (hmean)
 mass_irr = 0.999928
 meanradius = 1.166607
 minradius = 1.166607
 hrms = 0.000000
 hmean = -0.004442
 Sx = -0.000000
 Sy = 0.000000
 Sz = -0.000000
 S  = 0.000000
time=13.0781, cycle=4

Searching for horizon 0
center = (-0.000000, -0.000000, -0.000000)
r_mean = 1.166607
 iter      area            mass         meanradius       minradius        hmean            Sx              Sy              Sz             S
  0   5.0266932e+01   1.0000144e+00   1.1666069e+00   1.1666069e+00   8.8104777e-04  -4.0896271e-15   2.5692153e-15  -7.4662404e-15   8.8921686e-15
Found horizon 0 (hmean)
 mass_irr = 1.000014
 meanradius = 1.166607
 minradius = 1.166607
 hrms = 0.000000
 hmean = 0.000881
 Sx = -0.000000
 Sy = 0.000000
 Sz = -0.000000
 S  = 0.000000
time=13.5841, cycle=4

Searching for horizon 0
center = (-0.000000, -0.000000, -0.000000)
r_mean = 1.166607
 iter      area            mass         meanradius       minradius        hmean            Sx              Sy              Sz             S
  0   5.0290137e+01   1.0002452e+00   1.1666069e+00   1.1666069e+00   1.5232479e-02  -5.0930207e-16   9.6473785e-16  -4.0624949e-15   4.2064204e-15
  1   5.0286972e+01   1.0002137e+00   1.1665241e+00   1.1665241e+00   1.3275793e-02  -4.9863751e-16   9.6305708e-16  -4.0583903e-15   4.2007916e-15
  2   5.0284214e+01   1.0001863e+00   1.1664520e+00   1.1664520e+00   1.1570424e-02  -5.1364088e-16   9.6417619e-16  -4.0594804e-15   4.2039081e-15
  3   5.0281809e+01   1.0001624e+00   1.1663891e+00   1.1663891e+00   1.0084098e-02  -4.9968218e-16   9.6188711e-16  -4.0435692e-15   4.1863302e-15
  4   5.0279714e+01   1.0001416e+00   1.1663343e+00   1.1663343e+00   8.7886878e-03  -5.2547617e-16   9.4332472e-16  -4.0964775e-15   4.2364035e-15
  5   5.0277888e+01   1.0001234e+00   1.1662865e+00   1.1662865e+00   7.6596738e-03  -5.1789083e-16   9.5852994e-16  -4.0366909e-15   4.1811319e-15
  6   5.0276296e+01   1.0001076e+00   1.1662449e+00   1.1662448e+00   6.6756855e-03  -4.9859287e-16   9.9017415e-16  -4.0470238e-15   4.1961222e-15
  7   5.0274909e+01   1.0000938e+00   1.1662086e+00   1.1662086e+00   5.8180963e-03  -4.8243856e-16   9.6874036e-16  -4.0493368e-15   4.1914595e-15
  8   5.0273700e+01   1.0000817e+00   1.1661769e+00   1.1661769e+00   5.0706713e-03  -5.1226451e-16   9.6199365e-16  -4.0635271e-15   4.2071486e-15
  9   5.0272647e+01   1.0000713e+00   1.1661494e+00   1.1661494e+00   4.4192603e-03  -5.1517531e-16   9.6255564e-16  -4.0122090e-15   4.1580933e-15
Found horizon 0 (hmean)
 mass_irr = 1.000071
 meanradius = 1.166149
 minradius = 1.166149
 hrms = 0.000000
 hmean = 0.004419
 Sx = -0.000000
 Sy = 0.000000
 Sz = -0.000000
 S  = 0.000000
time=14.0887, cycle=4

Searching for horizon 0
center = (-0.000000, -0.000000, -0.000000)
r_mean = 1.166149
 iter      area            mass         meanradius       minradius        hmean            Sx              Sy              Sz             S
  0   5.0303486e+01   1.0003780e+00   1.1661494e+00   1.1661494e+00   2.3605119e-02   1.9676153e-15  -5.0324640e-15  -4.5339461e-15   7.0536424e-15
  1   5.0298606e+01   1.0003294e+00   1.1660211e+00   1.1660211e+00   2.0573133e-02   1.9669278e-15  -5.0148523e-15  -4.5063953e-15   7.0231864e-15
  2   5.0294353e+01   1.0002871e+00   1.1659093e+00   1.1659093e+00   1.7930526e-02   1.9642138e-15  -5.0115114e-15  -4.4930109e-15   7.0114570e-15
  3   5.0290646e+01   1.0002503e+00   1.1658118e+00   1.1658118e+00   1.5627307e-02   1.9659005e-15  -5.0069439e-15  -4.4670118e-15   6.9920273e-15
  4   5.0287416e+01   1.0002182e+00   1.1657269e+00   1.1657269e+00   1.3619902e-02   1.9768297e-15  -5.0701233e-15  -4.5059472e-15   7.0652365e-15
  5   5.0284600e+01   1.0001901e+00   1.1656529e+00   1.1656529e+00   1.1870329e-02   1.9492915e-15  -5.0406149e-15  -4.4957407e-15   7.0298806e-15
  6   5.0282146e+01   1.0001657e+00   1.1655884e+00   1.1655884e+00   1.0345477e-02   1.9663398e-15  -5.0312005e-15  -4.4892394e-15   7.0237270e-15
  7   5.0280008e+01   1.0001445e+00   1.1655321e+00   1.1655321e+00   9.0164895e-03   1.9747574e-15  -5.0453472e-15  -4.4997761e-15   7.0429525e-15
  8   5.0278144e+01   1.0001259e+00   1.1654831e+00   1.1654831e+00   7.8582112e-03   1.9509210e-15  -5.0610614e-15  -4.5040122e-15   7.0502880e-15
  9   5.0276519e+01   1.0001098e+00   1.1654404e+00   1.1654404e+00   6.8487179e-03   1.9737490e-15  -5.0536399e-15  -4.4898171e-15   7.0422595e-15
 10   5.0275104e+01   1.0000957e+00   1.1654032e+00   1.1654032e+00   5.9689000e-03   1.9514599e-15  -5.0433473e-15  -4.4508554e-15   7.0038319e-15
 11   5.0273870e+01   1.0000834e+00   1.1653707e+00   1.1653707e+00   5.2021018e-03   1.9752160e-15  -5.0407887e-15  -4.4908373e-15   7.0341061e-15
 12   5.0272795e+01   1.0000727e+00   1.1653424e+00   1.1653424e+00   4.5338063e-03   1.9679726e-15  -5.0634598e-15  -4.4951305e-15   7.0510807e-15
Found horizon 0 (hmean)
 mass_irr = 1.000073
 meanradius = 1.165342
 minradius = 1.165342
 hrms = 0.000000
 hmean = 0.004534
 Sx = 0.000000
 Sy = -0.000000
 Sz = -0.000000
 S  = 0.000000
time=14.5924, cycle=4

Searching for horizon 0
center = (-0.000000, -0.000000, -0.000000)
r_mean = 1.165342
 iter      area            mass         meanradius       minradius        hmean            Sx              Sy              Sz             S
  0   5.0305841e+01   1.0004014e+00   1.1653424e+00   1.1653424e+00   2.5185760e-02   6.5342653e-15  -2.6356193e-15  -7.4620240e-15   1.0262793e-14
  1   5.0300659e+01   1.0003498e+00   1.1652056e+00   1.1652056e+00   2.1950772e-02   6.5458990e-15  -2.6054164e-15  -7.4648312e-15   1.0264536e-14
  2   5.0296142e+01   1.0003049e+00   1.1650863e+00   1.1650863e+00   1.9131223e-02   6.5358184e-15  -2.6101868e-15  -7.4402387e-15   1.0241443e-14
  3   5.0292205e+01   1.0002658e+00   1.1649824e+00   1.1649824e+00   1.6673786e-02   6.5312460e-15  -2.5979930e-15  -7.4680026e-15   1.0255623e-14
  4   5.0288774e+01   1.0002317e+00   1.1648918e+00   1.1648918e+00   1.4531967e-02   6.5370163e-15  -2.5861452e-15  -7.4956568e-15   1.0276459e-14
  5   5.0285784e+01   1.0002019e+00   1.1648128e+00   1.1648128e+00   1.2665238e-02   6.5134712e-15  -2.6167009e-15  -7.4639738e-15   1.0246138e-14
  6   5.0283178e+01   1.0001760e+00   1.1647440e+00   1.1647440e+00   1.1038279e-02   6.5214059e-15  -2.5867263e-15  -7.4639900e-15   1.0243585e-14
  7   5.0280907e+01   1.0001534e+00   1.1646840e+00   1.1646840e+00   9.6202982e-03   6.5107570e-15  -2.6066028e-15  -7.4932683e-15   1.0263206e-14
  8   5.0278928e+01   1.0001337e+00   1.1646317e+00   1.1646317e+00   8.3844569e-03   6.4935186e-15  -2.6151299e-15  -7.5200430e-15   1.0274032e-14
  9   5.0277203e+01   1.0001166e+00   1.1645861e+00   1.1645861e+00   7.3073629e-03   6.5103019e-15  -2.5924566e-15  -7.4843320e-15   1.0252809e-14
 10   5.0275699e+01   1.0001016e+00   1.1645464e+00   1.1645464e+00   6.3686274e-03   6.5055057e-15  -2.6067457e-15  -7.5271360e-15   1.0284673e-14
 11   5.0274389e+01   1.0000886e+00   1.1645118e+00   1.1645118e+00   5.5504795e-03   6.5086061e-15  -2.6031894e-15  -7.5010182e-15   1.0266636e-14
 12   5.0273247e+01   1.0000772e+00   1.1644816e+00   1.1644816e+00   4.8374304e-03   6.4858114e-15  -2.6056407e-15  -7.4844716e-15   1.0240724e-14
Found horizon 0 (hmean)
 mass_irr = 1.000077
 meanradius = 1.164482
 minradius = 1.164482
 hrms = 0.000000
 hmean = 0.004837
 Sx = 0.000000
 Sy = -0.000000
 Sz = -0.000000
 S  = 0.000000
time=15.0951, cycle=4

Searching for horizon 0
center = (-0.000000, -0.000000, -0.000000)
r_mean = 1.164482
 iter      area            mass         meanradius       minradius        hmean            Sx              Sy              Sz             S
  0   5.0304256e+01   1.0003856e+00   1.1644816e+00   1.1644816e+00   2.4297687e-02   2.7745105e-15   6.2804872e-15  -4.1307917e-15   8.0128564e-15
  1   5.0299277e+01   1.0003361e+00   1.1643497e+00   1.1643497e+00   2.1176728e-02   2.7632983e-15   6.2778678e-15  -4.1399536e-15   8.0116576e-15
  2   5.0294938e+01   1.0002930e+00   1.1642346e+00   1.1642346e+00   1.8456577e-02   2.7691107e-15   6.2814725e-15  -4.1350932e-15   8.0139794e-15
  3   5.0291156e+01   1.0002553e+00   1.1641344e+00   1.1641344e+00   1.6085777e-02   2.7763321e-15   6.3032701e-15  -4.1436913e-15   8.0379980e-15
  4   5.0287860e+01   1.0002226e+00   1.1640470e+00   1.1640470e+00   1.4019473e-02   2.7643449e-15   6.2626762e-15  -4.1690048e-15   8.0151929e-15
  5   5.0284987e+01   1.0001940e+00   1.1639708e+00   1.1639708e+00   1.2218567e-02   2.7657806e-15   6.2783541e-15  -4.1684174e-15   8.0276383e-15
  6   5.0282484e+01   1.0001691e+00   1.1639044e+00   1.1639044e+00   1.0648977e-02   2.7774151e-15   6.2845506e-15  -4.1706324e-15   8.0376480e-15
  7   5.0280302e+01   1.0001474e+00   1.1638466e+00   1.1638466e+00   9.2809984e-03   2.7620491e-15   6.3161160e-15  -4.1899979e-15   8.0671134e-15
  8   5.0278400e+01   1.0001285e+00   1.1637961e+00   1.1637961e+00   8.0887385e-03   2.7474159e-15   6.3078278e-15  -4.2025218e-15   8.0621446e-15
  9   5.0276743e+01   1.0001120e+00   1.1637522e+00   1.1637522e+00   7.0496291e-03   2.7761362e-15   6.2887410e-15  -4.2017442e-15   8.0566649e-15
 10   5.0275299e+01   1.0000976e+00   1.1637139e+00   1.1637139e+00   6.1439999e-03   2.7496101e-15   6.3022439e-15  -4.2127592e-15   8.0638684e-15
 11   5.0274040e+01   1.0000851e+00   1.1636805e+00   1.1636805e+00   5.3547063e-03   2.7562669e-15   6.3053816e-15  -4.1976770e-15   8.0607281e-15
 12   5.0272943e+01   1.0000742e+00   1.1636514e+00   1.1636514e+00   4.6668056e-03   2.7514955e-15   6.3250263e-15  -4.2023805e-15   8.0769232e-15
Found horizon 0 (hmean)
 mass_irr = 1.000074
 meanradius = 1.163651
 minradius = 1.163651
 hrms = 0.000000
 hmean = 0.004667
 Sx = 0.000000
 Sy = 0.000000
 Sz = -0.000000
 S  = 0.000000
time=15.5970, cycle=4

Searching for horizon 0
center = (-0.000000, -0.000000, -0.000000)
r_mean = 1.163651
 iter      area            mass         meanradius       minradius        hmean            Sx              Sy              Sz             S
  0   5.0298685e+01   1.0003302e+00   1.1636514e+00   1.1636514e+00   2.0882035e-02  -4.3326515e-15   4.1282814e-15  -5.3435517e-15   8.0229746e-15
  1   5.0294422e+01   1.0002878e+00   1.1635380e+00   1.1635380e+00   1.8199721e-02  -4.3121491e-15   4.1327290e-15  -5.3340990e-15   8.0079142e-15
  2   5.0290706e+01   1.0002509e+00   1.1634392e+00   1.1634392e+00   1.5861902e-02  -4.2952032e-15   4.1284270e-15  -5.3124151e-15   7.9821321e-15
  3   5.0287468e+01   1.0002187e+00   1.1633530e+00   1.1633530e+00   1.3824346e-02  -4.2886667e-15   4.1534375e-15  -5.3226885e-15   7.9984197e-15
  4   5.0284645e+01   1.0001906e+00   1.1632780e+00   1.1632780e+00   1.2048497e-02  -4.2793315e-15   4.1549601e-15  -5.3233709e-15   7.9946638e-15
  5   5.0282186e+01   1.0001661e+00   1.1632125e+00   1.1632125e+00   1.0500749e-02  -4.2953680e-15   4.1550456e-15  -5.2824381e-15   7.9761358e-15
  6   5.0280042e+01   1.0001448e+00   1.1631555e+00   1.1631555e+00   9.1518076e-03  -4.2598327e-15   4.1513697e-15  -5.3015296e-15   7.9678266e-15
  7   5.0278174e+01   1.0001262e+00   1.1631058e+00   1.1631058e+00   7.9761405e-03  -4.2535489e-15   4.1682831e-15  -5.3124354e-15   7.9805533e-15
  8   5.0276546e+01   1.0001100e+00   1.1630625e+00   1.1630625e+00   6.9514934e-03  -4.2426658e-15   4.1764516e-15  -5.3290811e-15   7.9901231e-15
  9   5.0275127e+01   1.0000959e+00   1.1630247e+00   1.1630247e+00   6.0584693e-03  -4.2445156e-15   4.1290394e-15  -5.3012979e-15   7.9478701e-15
 10   5.0273890e+01   1.0000836e+00   1.1629918e+00   1.1629918e+00   5.2801620e-03  -4.2416850e-15   4.1539850e-15  -5.2887313e-15   7.9509850e-15
 11   5.0272812e+01   1.0000729e+00   1.1629631e+00   1.1629631e+00   4.6018366e-03  -4.2491550e-15   4.1665673e-15  -5.3027982e-15   7.9709014e-15
Found horizon 0 (hmean)
 mass_irr = 1.000073
 meanradius = 1.162963
 minradius = 1.162963
 hrms = 0.000000
 hmean = 0.004602
 Sx = -0.000000
 Sy = 0.000000
 Sz = -0.000000
 S  = 0.000000
time=16.0984, cycle=4

Searching for horizon 0
center = (-0.000000, -0.000000, -0.000000)
r_mean = 1.162963
 iter      area            mass         meanradius       minradius        hmean            Sx              Sy              Sz             S
  0   5.0290899e+01   1.0002528e+00   1.1629631e+00   1.1629631e+00   1.6033596e-02   5.4852317e-16   2.5791026e-15  -5.4254967e-15   6.0323016e-15
  1   5.0287636e+01   1.0002203e+00   1.1628761e+00   1.1628761e+00   1.3973982e-02   5.4615135e-16   2.5432949e-15  -5.4023814e-15   5.9960283e-15
  2   5.0284792e+01   1.0001921e+00   1.1628002e+00   1.1628002e+00   1.2178910e-02   5.7293720e-16   2.5461055e-15  -5.4156564e-15   6.0116757e-15
  3   5.0282313e+01   1.0001674e+00   1.1627341e+00   1.1627341e+00   1.0614407e-02   5.6958527e-16   2.5417445e-15  -5.4337939e-15   6.0258617e-15
  4   5.0280153e+01   1.0001459e+00   1.1626764e+00   1.1626764e+00   9.2508647e-03   5.7716628e-16   2.5397470e-15  -5.4120475e-15   6.0061380e-15
  5   5.0278271e+01   1.0001272e+00   1.1626262e+00   1.1626262e+00   8.0624716e-03   5.7437128e-16   2.5648850e-15  -5.4209423e-15   6.0245459e-15
  6   5.0276630e+01   1.0001109e+00   1.1625824e+00   1.1625824e+00   7.0267333e-03   5.5669179e-16   2.5478778e-15  -5.4334355e-15   6.0269237e-15
  7   5.0275200e+01   1.0000967e+00   1.1625443e+00   1.1625443e+00   6.1240430e-03   5.7346966e-16   2.5303916e-15  -5.3993693e-15   5.9904038e-15
  8   5.0273954e+01   1.0000843e+00   1.1625110e+00   1.1625110e+00   5.3373113e-03   5.7881370e-16   2.5499025e-15  -5.4260299e-15   6.0231909e-15
  9   5.0272868e+01   1.0000735e+00   1.1624820e+00   1.1624820e+00   4.6516438e-03   5.9044794e-16   2.5520983e-15  -5.4178517e-15   6.0178860e-15
Found horizon 0 (hmean)
 mass_irr = 1.000073
 meanradius = 1.162482
 minradius = 1.162482
 hrms = 0.000000
 hmean = 0.004652
 Sx = 0.000000
 Sy = 0.000000
 Sz = -0.000000
 S  = 0.000000
time=16.5991, cycle=4

Searching for horizon 0
center = (-0.000000, -0.000000, -0.000000)
r_mean = 1.162482
 iter      area            mass         meanradius       minradius        hmean            Sx              Sy              Sz             S
  0   5.0281618e+01   1.0001605e+00   1.1624820e+00   1.1624820e+00   1.0202803e-02  -1.2879856e-15   4.2814915e-15  -4.7312943e-15   6.5096254e-15
  1   5.0279547e+01   1.0001399e+00   1.1624266e+00   1.1624266e+00   8.8921293e-03  -1.2674217e-15   4.2741591e-15  -4.7169962e-15   6.4903657e-15
  2   5.0277742e+01   1.0001219e+00   1.1623784e+00   1.1623784e+00   7.7498158e-03  -1.2814143e-15   4.2672786e-15  -4.6929334e-15   6.4711138e-15
  3   5.0276169e+01   1.0001063e+00   1.1623363e+00   1.1623363e+00   6.7542391e-03  -1.2828815e-15   4.2604848e-15  -4.7221336e-15   6.4881478e-15
  4   5.0274798e+01   1.0000927e+00   1.1622996e+00   1.1622996e+00   5.8865521e-03  -1.2809084e-15   4.2541043e-15  -4.6877921e-15   6.4586008e-15
  5   5.0273604e+01   1.0000808e+00   1.1622676e+00   1.1622676e+00   5.1303279e-03  -1.2667670e-15   4.2761391e-15  -4.7138230e-15   6.4892366e-15
  6   5.0272562e+01   1.0000704e+00   1.1622398e+00   1.1622398e+00   4.4712494e-03  -1.2614730e-15   4.2579896e-15  -4.6900229e-15   6.4589553e-15
Found horizon 0 (hmean)
 mass_irr = 1.000070
 meanradius = 1.162240
 minradius = 1.162240
 hrms = 0.000000
 hmean = 0.004471
 Sx = -0.000000
 Sy = 0.000000
 Sz = -0.000000
 S  = 0.000000
time=17.0994, cycle=4

Searching for horizon 0
center = (-0.000000, -0.000000, -0.000000)
r_mean = 1.162240
 iter      area            mass         meanradius       minradius        hmean            Sx              Sy              Sz             S
  0   5.0270890e+01   1.0000538e+00   1.1622398e+00   1.1622398e+00   3.4206217e-03  -2.7860441e-15   5.3963304e-15  -4.0323509e-15   7.2898750e-15
Found horizon 0 (hmean)
 mass_irr = 1.000054
 meanradius = 1.162240
 minradius = 1.162240
 hrms = 0.000000
 hmean = 0.003421
 Sx = -0.000000
 Sy = 0.000000
 Sz = -0.000000
 S  = 0.000000
time=17.6057, cycle=4

Searching for horizon 0
center = (-0.000000, -0.000000, -0.000000)
r_mean = 1.162240
 iter      area            mass         meanradius       minradius        hmean            Sx              Sy              Sz             S
  0   5.0257971e+01   9.9992528e-01   1.1622398e+00   1.1622398e+00  -4.7828208e-03   8.6843252e-16   1.8001311e-15  -6.4385206e-15   6.7416018e-15
Found horizon 0 (hmean)
 mass_irr = 0.999925
 meanradius = 1.162240
 minradius = 1.162240
 hrms = 0.000000
 hmean = -0.004783
 Sx = 0.000000
 Sy = 0.000000
 Sz = -0.000000
 S  = 0.000000
time=18.1116, cycle=4

Searching for horizon 0
center = (-0.000000, -0.000000, -0.000000)
r_mean = 1.162240
 iter      area            mass         meanradius       minradius        hmean            Sx              Sy              Sz             S
  0   5.0233602e+01   9.9968283e-01   1.1622398e+00   1.1622398e+00  -2.0297274e-02  -1.9496775e-15   2.3659737e-15  -6.6001768e-15   7.2774589e-15
  1   5.0237700e+01   9.9972360e-01   1.1623501e+00   1.1623501e+00  -1.7689248e-02  -1.9534552e-15   2.3925367e-15  -6.5754940e-15   7.2648015e-15
  2   5.0241271e+01   9.9975913e-01   1.1624462e+00   1.1624462e+00  -1.5416374e-02  -1.9505251e-15   2.3666328e-15  -6.6039639e-15   7.2813349e-15
  3   5.0244383e+01   9.9979010e-01   1.1625299e+00   1.1625299e+00  -1.3435573e-02  -1.9430973e-15   2.4035837e-15  -6.5697688e-15   7.2604892e-15
  4   5.0247096e+01   9.9981709e-01   1.1626029e+00   1.1626029e+00  -1.1709304e-02  -1.9268747e-15   2.3749301e-15  -6.5853174e-15   7.2608226e-15
  5   5.0249460e+01   9.9984061e-01   1.1626665e+00   1.1626665e+00  -1.0204854e-02  -1.9412311e-15   2.3730846e-15  -6.5584489e-15   7.2396934e-15
  6   5.0251520e+01   9.9986111e-01   1.1627219e+00   1.1627219e+00  -8.8937155e-03  -1.9335349e-15   2.3684969e-15  -6.5930029e-15   7.2674632e-15
  7   5.0253316e+01   9.9987897e-01   1.1627702e+00   1.1627702e+00  -7.7510452e-03  -1.9378097e-15   2.3728553e-15  -6.5836910e-15   7.2615795e-15
  8   5.0254881e+01   9.9989454e-01   1.1628123e+00   1.1628123e+00  -6.7551944e-03  -1.9231212e-15   2.3868859e-15  -6.5751328e-15   7.2545152e-15
  9   5.0256245e+01   9.9990811e-01   1.1628490e+00   1.1628490e+00  -5.8872964e-03  -1.9387995e-15   2.3702898e-15  -6.5871502e-15   7.2641424e-15
 10   5.0257434e+01   9.9991993e-01   1.1628810e+00   1.1628810e+00  -5.1309097e-03  -1.9067873e-15   2.3838348e-15  -6.5745120e-15   7.2486353e-15
 11   5.0258470e+01   9.9993024e-01   1.1629089e+00   1.1629089e+00  -4.4717055e-03  -1.9222915e-15   2.3609546e-15  -6.5665741e-15   7.2380389e-15
Found horizon 0 (hmean)
 mass_irr = 0.999930
 meanradius = 1.162909
 minradius = 1.162909
 hrms = 0.000000
 hmean = -0.004472
 Sx = -0.000000
 Sy = 0.000000
 Sz = -0.000000
 S  = 0.000000
time=18.6171, cycle=4

Searching for horizon 0
center = (-0.000000, -0.000000, -0.000000)
r_mean = 1.162909
 iter      area            mass         meanradius       minradius        hmean            Sx              Sy              Sz             S
  0   5.0222812e+01   9.9957546e-01   1.1629089e+00   1.1629089e+00  -2.7189395e-02  -5.9455299e-16  -5.1408010e-16  -9.0507064e-15   9.0847706e-15
  1   5.0228296e+01   9.9963003e-01   1.1630567e+00   1.1630567e+00  -2.3695616e-02  -5.7290711e-16  -5.1846283e-16  -9.0708664e-15   9.1037159e-15
  2   5.0233075e+01   9.9967759e-01   1.1631854e+00   1.1631854e+00  -2.0650858e-02  -5.7149312e-16  -5.0917213e-16  -9.0728061e-15   9.1050354e-15
  3   5.0237240e+01   9.9971903e-01   1.1632977e+00   1.1632977e+00  -1.7997395e-02  -5.5462310e-16  -4.9084960e-16  -9.1027356e-15   9.1328164e-15
  4   5.0240871e+01   9.9975515e-01   1.1633955e+00   1.1633955e+00  -1.5684924e-02  -5.8153149e-16  -4.8016336e-16  -9.0704567e-15   9.1017537e-15
  5   5.0244035e+01   9.9978663e-01   1.1634807e+00   1.1634807e+00  -1.3669616e-02  -5.4541992e-16  -4.8604265e-16  -9.0764418e-15   9.1057957e-15
  6   5.0246792e+01   9.9981407e-01   1.1635550e+00   1.1635550e+00  -1.1913273e-02  -5.4279865e-16  -4.9869904e-16  -9.0736886e-15   9.1035793e-15
  7   5.0249195e+01   9.9983798e-01   1.1636198e+00   1.1636198e+00  -1.0382615e-02  -5.5295362e-16  -4.7405620e-16  -9.0948892e-15   9.1240066e-15
  8   5.0251290e+01   9.9985881e-01   1.1636762e+00   1.1636762e+00  -9.0486362e-03  -5.3509010e-16  -4.9194438e-16  -9.1018818e-15   9.1308588e-15
  9   5.0253115e+01   9.9987697e-01   1.1637254e+00   1.1637254e+00  -7.8860609e-03  -5.4423117e-16  -4.5850505e-16  -9.0821350e-15   9.1099720e-15
 10   5.0254706e+01   9.9989280e-01   1.1637682e+00   1.1637682e+00  -6.8728628e-03  -5.6140109e-16  -5.0305705e-16  -9.0933229e-15   9.1245142e-15
 11   5.0256092e+01   9.9990659e-01   1.1638056e+00   1.1638056e+00  -5.9898465e-03  -5.5729012e-16  -5.0214857e-16  -9.1083808e-15   9.1392192e-15
 12   5.0257301e+01   9.9991861e-01   1.1638381e+00   1.1638381e+00  -5.2202840e-03  -5.2375483e-16  -4.9503246e-16  -9.0866247e-15   9.1151591e-15
 13   5.0258354e+01   9.9992909e-01   1.1638665e+00   1.1638665e+00  -4.5495971e-03  -5.3956618e-16  -4.7767534e-16  -9.1205159e-15   9.1489407e-15
Found horizon 0 (hmean)
 mass_irr = 0.999929
 meanradius = 1.163866
 minradius = 1.163866
 hrms = 0.000000
 hmean = -0.004550
 Sx = -0.000000
 Sy = -0.000000
 Sz = -0.000000
 S  = 0.000000
time=19.1223, cycle=4

Searching for horizon 0
center = (-0.000000, -0.000000, -0.000000)
r_mean = 1.163866
 iter      area            mass         meanradius       minradius        hmean            Sx              Sy              Sz             S
  0   5.0211892e+01   9.9946679e-01   1.1638665e+00   1.1638665e+00  -3.4164601e-02   5.2457685e-16   2.7115614e-15  -4.0526468e-15   4.9042525e-15
  1   5.0218779e+01   9.9953533e-01   1.1640523e+00   1.1640523e+00  -2.9774303e-02   5.3820844e-16   2.6933728e-15  -4.0640999e-15   4.9051844e-15
  2   5.0224781e+01   9.9959506e-01   1.1642142e+00   1.1642142e+00  -2.5948299e-02   5.0927918e-16   2.6500727e-15  -4.0674159e-15   4.8812009e-15
  3   5.0230012e+01   9.9964711e-01   1.1643554e+00   1.1643554e+00  -2.2614032e-02   5.0704659e-16   2.6458029e-15  -4.0806977e-15   4.8897304e-15
  4   5.0234571e+01   9.9969248e-01   1.1644783e+00   1.1644783e+00  -1.9708277e-02   5.0180754e-16   2.6487135e-15  -4.0630968e-15   4.8760896e-15
  5   5.0238545e+01   9.9973201e-01   1.1645855e+00   1.1645855e+00  -1.7175946e-02   4.8186475e-16   2.6085356e-15  -4.0645695e-15   4.8535942e-15
  6   5.0242008e+01   9.9976646e-01   1.1646789e+00   1.1646789e+00  -1.4969037e-02   4.7815843e-16   2.5951023e-15  -4.0522412e-15   4.8356851e-15
  7   5.0245026e+01   9.9979649e-01   1.1647603e+00   1.1647603e+00  -1.3045722e-02   4.8698998e-16   2.5666694e-15  -4.0922011e-15   4.8550037e-15
  8   5.0247656e+01   9.9982266e-01   1.1648313e+00   1.1648313e+00  -1.1369549e-02   4.6507831e-16   2.6005053e-15  -4.0651730e-15   4.8481498e-15
  9   5.0249948e+01   9.9984547e-01   1.1648931e+00   1.1648931e+00  -9.9087545e-03   4.5220698e-16   2.5870452e-15  -4.0578120e-15   4.8335424e-15
 10   5.0251946e+01   9.9986534e-01   1.1649470e+00   1.1649470e+00  -8.6356629e-03   4.4332489e-16   2.5922544e-15  -4.0569054e-15   4.8347493e-15
 11   5.0253687e+01   9.9988267e-01   1.1649939e+00   1.1649939e+00  -7.5261504e-03   4.4567312e-16   2.5627632e-15  -4.0574503e-15   4.8196766e-15
 12   5.0255205e+01   9.9989776e-01   1.1650348e+00   1.1650348e+00  -6.5591963e-03   4.5331269e-16   2.5671912e-15  -4.0683460e-15   4.8319150e-15
 13   5.0256527e+01   9.9991092e-01   1.1650705e+00   1.1650705e+00  -5.7164816e-03   4.6465847e-16   2.5669362e-15  -4.0895781e-15   4.8507440e-15
 14   5.0257680e+01   9.9992239e-01   1.1651016e+00   1.1651016e+00  -4.9820421e-03   4.3974042e-16   2.5433277e-15  -4.0436626e-15   4.7971965e-15
Found horizon 0 (hmean)
 mass_irr = 0.999922
 meanradius = 1.165102
 minradius = 1.165102
 hrms = 0.000000
 hmean = -0.004982
 Sx = 0.000000
 Sy = 0.000000
 Sz = -0.000000
 S  = 0.000000
time=19.6271, cycle=4

Searching for horizon 0
center = (-0.000000, -0.000000, -0.000000)
r_mean = 1.165102
 iter      area            mass         meanradius       minradius        hmean            Sx              Sy              Sz             S
  0   5.0201135e+01   9.9935972e-01   1.1651016e+00   1.1651016e+00  -4.1031467e-02  -1.1473755e-15   2.7879685e-15  -9.3077837e-15   9.7838681e-15
  1   5.0209404e+01   9.9944202e-01   1.1653250e+00   1.1653250e+00  -3.5758482e-02  -1.1443004e-15   2.8033978e-15  -9.3370901e-15   9.8157890e-15
  2   5.0216611e+01   9.9951375e-01   1.1655196e+00   1.1655196e+00  -3.1163311e-02  -1.1175755e-15   2.7886329e-15  -9.3430033e-15   9.8141306e-15
  3   5.0222892e+01   9.9957625e-01   1.1656892e+00   1.1656892e+00  -2.7158780e-02  -1.1497214e-15   2.7903836e-15  -9.3371682e-15   9.8127881e-15
  4   5.0228366e+01   9.9963073e-01   1.1658371e+00   1.1658371e+00  -2.3668940e-02  -1.1455179e-15   2.7731913e-15  -9.3228618e-15   9.7938018e-15
  5   5.0233137e+01   9.9967820e-01   1.1659659e+00   1.1659659e+00  -2.0627613e-02  -1.1407755e-15   2.7713378e-15  -9.3255684e-15   9.7953003e-15
  6   5.0237294e+01   9.9971957e-01   1.1660782e+00   1.1660782e+00  -1.7977139e-02  -1.1366771e-15   2.7490106e-15  -9.3324952e-15   9.7951294e-15
  7   5.0240918e+01   9.9975562e-01   1.1661760e+00   1.1661760e+00  -1.5667273e-02  -1.1414056e-15   2.7604531e-15  -9.3020478e-15   9.7699028e-15
  8   5.0244076e+01   9.9978705e-01   1.1662613e+00   1.1662612e+00  -1.3654234e-02  -1.1446907e-15   2.7652890e-15  -9.3470759e-15   9.8145284e-15
  9   5.0246829e+01   9.9981443e-01   1.1663356e+00   1.1663356e+00  -1.1899870e-02  -1.1599057e-15   2.7375498e-15  -9.3367767e-15   9.7987223e-15
 10   5.0249227e+01   9.9983830e-01   1.1664003e+00   1.1664003e+00  -1.0370935e-02  -1.1676497e-15   2.7491742e-15  -9.3262029e-15   9.7928252e-15
 11   5.0251318e+01   9.9985909e-01   1.1664567e+00   1.1664567e+00  -9.0384570e-03  -1.1558040e-15   2.7430302e-15  -9.3110859e-15   9.7752963e-15
 12   5.0253140e+01   9.9987722e-01   1.1665059e+00   1.1665059e+00  -7.8771901e-03  -1.1679250e-15   2.7374038e-15  -9.3381419e-15   9.8009348e-15
 13   5.0254728e+01   9.9989302e-01   1.1665488e+00   1.1665488e+00  -6.8651321e-03  -1.1610864e-15   2.7342524e-15  -9.3288697e-15   9.7904070e-15
 14   5.0256112e+01   9.9990679e-01   1.1665861e+00   1.1665861e+00  -5.9831094e-03  -1.1693776e-15   2.7204107e-15  -9.3306796e-15   9.7892625e-15
 15   5.0257318e+01   9.9991879e-01   1.1666187e+00   1.1666187e+00  -5.2144128e-03  -1.1794052e-15   2.7304914e-15  -9.3220871e-15   9.7850849e-15
 16   5.0258369e+01   9.9992924e-01   1.1666471e+00   1.1666471e+00  -4.5444804e-03  -1.1680634e-15   2.7068963e-15  -9.3250613e-15   9.7800014e-15
Found horizon 0 (hmean)
 mass_irr = 0.999929
 meanradius = 1.166647
 minradius = 1.166647
 hrms = 0.000000
 hmean = -0.004544
 Sx = -0.000000
 Sy = 0.000000
 Sz = -0.000000
 S  = 0.000000
