diss,time,axisTau,region,field,norm2,proper_volume,weighted,magnitude,weighted_rho,weighted_z,magnitude_rho,magnitude_z
0.02,0.0,0.0,R4,C,1.3840910029346725e-06,1141.0689141071855,1.1726826281631262e-07,0.00047874771265271176,3.875,-0.125,4.0,0.0
0.02,0.0,0.0,R4,H,1.3537014188740079e-06,1141.0689141071855,1.1540042373202753e-07,0.0004770499945152551,3.875,-0.125,4.0,0.0
0.02,0.0,0.0,R4,M,0.0,1141.0689141071855,0.0,0.0,0.0,-4.0,0.0,-4.0
0.02,0.0,0.0,R4,Z,7.597400312957967e-09,1141.0689141071855,4.669594277178711e-10,2.0141215313484147e-05,3.875,-0.125,4.0,0.0
0.02,0.0,0.0,R8,C,0.0006850460432450883,6867.697340557753,3.911899354771891e-05,0.005980632079563001,5.25,-0.125,5.25,0.0
0.02,0.0,0.0,R8,H,0.0006815194336669424,6867.697340557753,3.9074666148472876e-05,0.005977977998554707,5.25,-0.125,5.25,0.0
0.02,0.0,0.0,R8,M,0.0,6867.697340557753,0.0,0.0,0.0,-8.0,0.0,-8.0
0.02,0.0,0.0,R8,Z,8.816500925019459e-07,6867.697340557753,1.5430093490057476e-08,0.00010646245129491397,5.125,-0.125,5.125,0.0
0.02,0.0,0.0,R12,C,0.0006850460718118196,17565.79789342099,3.911899354771891e-05,0.005980632079563001,5.25,-0.125,5.25,0.0
0.02,0.0,0.0,R12,H,0.0006815194399779816,17565.79789342099,3.9074666148472876e-05,0.005977977998554707,5.25,-0.125,5.25,0.0
0.02,0.0,0.0,R12,M,0.0,17565.79789342099,0.0,0.0,0.0,-12.0,0.0,-12.0
0.02,0.0,0.0,R12,Z,8.816556564248726e-07,17565.79789342099,1.5430093490057476e-08,0.00010646245129491397,5.125,-0.125,5.125,0.0
0.02,0.0,0.0,full,C,0.0006854074260927119,47760.672142924894,3.911899354771891e-05,0.005980632079563001,5.25,-0.125,5.25,0.0
0.02,0.0,0.0,full,H,0.0006818807942574769,47760.672142924894,3.9074666148472876e-05,0.005977977998554707,5.25,-0.125,5.25,0.0
0.02,0.0,0.0,full,M,0.0,47760.672142924894,0.0,0.0,0.0,-16.0,0.0,-16.0
0.02,0.0,0.0,full,Z,8.816556564248726e-07,47760.672142924894,1.5430093490057476e-08,0.00010646245129491397,5.125,-0.125,5.125,0.0
0.02,0.25239728765678654,0.1554455752226037,R4,C,6.13094218969404e-07,1139.9617688340666,1.1661382699370629e-08,0.00031641507293530196,4.0,0.0,4.0,0.0
0.02,0.25239728765678654,0.1554455752226037,R4,H,1.2259602898958752e-07,1139.9617688340666,8.983398733317897e-09,0.00027260431670583785,4.0,0.0,4.0,0.0
0.02,0.25239728765678654,0.1554455752226037,R4,M,1.3645905589797864e-08,1139.9617688340666,4.860157844678178e-10,3.9782098638540843e-05,3.875,-0.0625,4.0,0.0
0.02,0.25239728765678654,0.1554455752226037,R4,Z,1.1724023330983234e-07,1139.9617688340666,2.4597350316421537e-09,7.786290057457274e-05,3.9375,-0.125,4.0,0.0
0.02,0.25239728765678654,0.1554455752226037,R8,C,0.00046403690114233596,6871.950940468328,1.4986811969269657e-06,0.0037118828631635807,5.46875,-0.0625,5.46875,-0.0625
0.02,0.25239728765678654,0.1554455752226037,R8,H,0.0003434724546921962,6871.950940468328,1.3546145686459728e-06,0.00354052078910172,5.34375,-0.21875,5.40625,0.0
0.02,0.25239728765678654,0.1554455752226037,R8,M,3.527031700752657e-05,6871.950940468328,1.1552493139170229e-07,0.0010407227417975112,5.5625,-0.03125,5.5625,0.0
0.02,0.25239728765678654,0.1554455752226037,R8,Z,2.0814750652146495e-05,6871.950940468328,2.827704189805636e-08,0.0005078252771820029,5.03125,-0.25,5.03125,-0.25
0.02,0.25239728765678654,0.1554455752226037,R12,C,0.00046403764771334036,17565.943550966404,1.4986811969269657e-06,0.0037118828631635807,5.46875,-0.0625,5.46875,-0.0625
0.02,0.25239728765678654,0.1554455752226037,R12,H,0.00034347262771400967,17565.943550966404,1.3546145686459728e-06,0.00354052078910172,5.34375,-0.21875,5.40625,0.0
0.02,0.25239728765678654,0.1554455752226037,R12,M,3.527042967987827e-05,17565.943550966404,1.1552493139170229e-07,0.0010407227417975112,5.5625,-0.03125,5.5625,0.0
0.02,0.25239728765678654,0.1554455752226037,R12,Z,2.0814848019541498e-05,17565.943550966404,2.827704189805636e-08,0.0005078252771820029,5.03125,-0.25,5.03125,-0.25
0.02,0.25239728765678654,0.1554455752226037,full,C,0.0004666079722522532,47760.84514656392,1.4986811969269657e-06,0.0037118828631635807,5.46875,-0.0625,5.46875,-0.0625
0.02,0.25239728765678654,0.1554455752226037,full,H,0.00034547945223033374,47760.84514656392,1.3546145686459728e-06,0.00354052078910172,5.34375,-0.21875,5.40625,0.0
0.02,0.25239728765678654,0.1554455752226037,full,M,3.5761108565572194e-05,47760.84514656392,1.1552493139170229e-07,0.0010407227417975112,5.5625,-0.03125,5.5625,0.0
0.02,0.25239728765678654,0.1554455752226037,full,Z,2.0832971926180677e-05,47760.84514656392,2.827704189805636e-08,0.0005078252771820029,5.03125,-0.25,5.03125,-0.25
0.02,0.5040083378180226,0.3104069574995065,R4,C,5.962575452747945e-07,1131.9545958666831,1.005178859465627e-08,0.00019206960261003005,3.9375,-0.125,4.0,0.0
0.02,0.5040083378180226,0.3104069574995065,R4,H,4.3588371181684036e-08,1131.9545958666831,1.462766629907204e-09,9.329168096883222e-05,3.9375,0.5,4.0,0.0
0.02,0.5040083378180226,0.3104069574995065,R4,M,3.0776849346632424e-08,1131.9545958666831,1.248753454335568e-09,5.87141508953517e-05,3.9375,-0.125,3.9375,0.0
0.02,0.5040083378180226,0.3104069574995065,R4,Z,1.251244822341851e-07,1131.9545958666831,2.123289343919348e-09,7.949691150220232e-05,3.9375,-0.0625,4.0,0.0
0.02,0.5040083378180226,0.3104069574995065,R8,C,9.998511849006438e-05,6871.7121551524015,1.8102493929618964e-06,0.0018095671735471658,5.1875,-0.0625,5.1875,-0.0625
0.02,0.5040083378180226,0.3104069574995065,R8,H,3.700045995766245e-05,6871.7121551524015,1.6364357735706353e-06,0.0017205012263730168,5.1875,-0.0625,5.1875,-0.0625
0.02,0.5040083378180226,0.3104069574995065,R8,M,1.5013331446292741e-05,6871.7121551524015,2.686924980170914e-07,0.0006991736113596841,5.375,-0.125,5.375,-0.125
0.02,0.5040083378180226,0.3104069574995065,R8,Z,1.0548448267667087e-05,6871.7121551524015,3.35397835569716e-08,0.00025383021307383454,4.8125,-0.3125,4.8125,-0.3125
0.02,0.5040083378180226,0.3104069574995065,R12,C,9.99881173015794e-05,17565.736642209984,1.8102493929618964e-06,0.0018095671735471658,5.1875,-0.0625,5.1875,-0.0625
0.02,0.5040083378180226,0.3104069574995065,R12,H,3.700153005489305e-05,17565.736642209984,1.6364357735706353e-06,0.0017205012263730168,5.1875,-0.0625,5.1875,-0.0625
0.02,0.5040083378180226,0.3104069574995065,R12,M,1.5013860088176788e-05,17565.736642209984,2.686924980170914e-07,0.0006991736113596841,5.375,-0.125,5.375,-0.125
0.02,0.5040083378180226,0.3104069574995065,R12,Z,1.0548704557059e-05,17565.736642209984,3.35397835569716e-08,0.00025383021307383454,4.8125,-0.3125,4.8125,-0.3125
0.02,0.5040083378180226,0.3104069574995065,full,C,0.00010636971072706281,47760.71964692297,1.8102493929618964e-06,0.0018095671735471658,5.1875,-0.0625,5.1875,-0.0625
0.02,0.5040083378180226,0.3104069574995065,full,H,4.158655246495182e-05,47760.71964692297,1.6364357735706353e-06,0.0017205012263730168,5.1875,-0.0625,5.1875,-0.0625
0.02,0.5040083378180226,0.3104069574995065,full,M,1.6232832116079905e-05,47760.71964692297,2.686924980170914e-07,0.0006991736113596841,5.375,-0.125,5.375,-0.125
0.02,0.5040083378180226,0.3104069574995065,full,Z,1.0692433778775222e-05,47760.71964692297,3.35397835569716e-08,0.00025383021307383454,4.8125,-0.3125,4.8125,-0.3125
0.02,0.7515878356031671,0.4628855806542382,R4,C,7.289910232172526e-07,1121.4971914267437,1.3546443534006413e-08,0.00019543470476902374,3.9375,-0.0625,4.0,0.0
0.02,0.7515878356031671,0.4628855806542382,R4,H,1.3826407692726419e-08,1121.4971914267437,3.1111394625738295e-10,2.768399463093374e-05,3.8125,-0.0625,3.9375,0.0
0.02,0.7515878356031671,0.4628855806542382,R4,M,4.114037238196813e-08,1121.4971914267437,1.1061464590381694e-09,4.9947331994385496e-05,3.9375,-0.0625,3.9375,-0.0625
0.02,0.7515878356031671,0.4628855806542382,R4,Z,1.5947871307508226e-07,1121.4971914267437,2.9032097786293495e-09,9.390469182190907e-05,3.9375,-0.0625,4.0,0.0
0.02,0.7515878356031671,0.4628855806542382,R8,C,6.838452838984016e-05,6871.94730109521,6.909681463236212e-07,0.001354676533198643,5.125,-0.125,5.125,0.0
0.02,0.7515878356031671,0.4628855806542382,R8,H,2.1011589945031255e-05,6871.94730109521,4.208384541779284e-07,0.001156653044745326,5.125,0.0,5.125,0.0
0.02,0.7515878356031671,0.4628855806542382,R8,M,1.9588702670668338e-05,6871.94730109521,2.8263277618977794e-07,0.0006743377749534599,5.0625,-0.125,5.0625,0.0
0.02,0.7515878356031671,0.4628855806542382,R8,Z,4.8986309050037996e-06,6871.94730109521,1.0931393267645505e-08,0.00013922579060904306,4.75,-0.375,4.75,-0.375
0.02,0.7515878356031671,0.4628855806542382,R12,C,6.83910614178469e-05,17565.92368529536,6.909681463236212e-07,0.001354676533198643,5.125,-0.125,5.125,0.0
0.02,0.7515878356031671,0.4628855806542382,R12,H,2.101421256330932e-05,17565.92368529536,4.208384541779284e-07,0.001156653044745326,5.125,0.0,5.125,0.0
0.02,0.7515878356031671,0.4628855806542382,R12,M,1.958957340216121e-05,17565.92368529536,2.8263277618977794e-07,0.0006743377749534599,5.0625,-0.125,5.0625,0.0
0.02,0.7515878356031671,0.4628855806542382,R12,Z,4.899033432912916e-06,17565.92368529536,1.0931393267645505e-08,0.00013922579060904306,4.75,-0.375,4.75,-0.375
0.02,0.7515878356031671,0.4628855806542382,full,C,7.848222327089007e-05,47761.039186514,6.909681463236212e-07,0.001354676533198643,5.125,-0.125,5.125,0.0
0.02,0.7515878356031671,0.4628855806542382,full,H,2.7399296648212965e-05,47761.039186514,4.208384541779284e-07,0.001156653044745326,5.125,0.0,5.125,0.0
0.02,0.7515878356031671,0.4628855806542382,full,M,2.140275066383384e-05,47761.039186514,2.8263277618977794e-07,0.0006743377749534599,5.0625,-0.125,5.0625,0.0
0.02,0.7515878356031671,0.4628855806542382,full,Z,5.370084047910263e-06,47761.039186514,1.0931393267645505e-08,0.00013922579060904306,4.75,-0.375,4.75,-0.375
0.02,1.001964564307453,0.6170875106119276,R4,C,8.271296565656148e-07,1110.5061341752726,9.517510016593388e-09,0.00014958510903340276,3.8125,-0.0625,3.8125,-0.0625
0.02,1.001964564307453,0.6170875106119276,R4,H,8.53797986298419e-09,1110.5061341752726,1.619186501537422e-10,2.2329195417114533e-05,3.8125,-0.0625,4.0,0.0
0.02,1.001964564307453,0.6170875106119276,R4,M,6.050991119949882e-08,1110.5061341752726,1.025029100866824e-09,7.785496093073053e-05,3.9375,-0.125,4.0,0.0
0.02,1.001964564307453,0.6170875106119276,R4,Z,1.7735402070000373e-07,1110.5061341752726,2.0758711061653834e-09,7.044083879647825e-05,3.8125,-0.0625,3.8125,0.0
0.02,1.001964564307453,0.6170875106119276,R8,C,6.045246080245715e-05,6872.765638111767,6.032476745806243e-07,0.0009598696166633488,5.0,-0.0625,5.0,-0.0625
0.02,1.001964564307453,0.6170875106119276,R8,H,1.8323015170391148e-05,6872.765638111767,3.89012603726483e-07,0.0007787297945469618,4.9375,-0.0625,5.125,0.0
0.02,1.001964564307453,0.6170875106119276,R8,M,1.078836481868323e-05,6872.765638111767,1.5783826847536347e-07,0.0004909876526800224,5.0,-0.0625,5.0,-0.0625
0.02,1.001964564307453,0.6170875106119276,R8,Z,5.949326573045837e-06,6872.765638111767,4.252714384468932e-08,0.00025249117093771947,5.4375,-0.125,5.4375,-0.125
0.02,1.001964564307453,0.6170875106119276,R12,C,6.0465390816944675e-05,17566.42575689048,6.032476745806243e-07,0.0009598696166633488,5.0,-0.0625,5.0,-0.0625
0.02,1.001964564307453,0.6170875106119276,R12,H,1.8326690982648002e-05,17566.42575689048,3.89012603726483e-07,0.0007787297945469618,4.9375,-0.0625,5.125,0.0
0.02,1.001964564307453,0.6170875106119276,R12,M,1.0789284723788606e-05,17566.42575689048,1.5783826847536347e-07,0.0004909876526800224,5.0,-0.0625,5.0,-0.0625
0.02,1.001964564307453,0.6170875106119276,R12,Z,5.950289720994229e-06,17566.42575689048,4.252714384468932e-08,0.00025249117093771947,5.4375,-0.125,5.4375,-0.125
0.02,1.001964564307453,0.6170875106119276,full,C,7.540630670212241e-05,47761.72757637184,6.032476745806243e-07,0.0009598696166633488,5.0,-0.0625,5.0,-0.0625
0.02,1.001964564307453,0.6170875106119276,full,H,2.6391304447571847e-05,47761.72757637184,3.89012603726483e-07,0.0007787297945469618,4.9375,-0.0625,5.125,0.0
0.02,1.001964564307453,0.6170875106119276,full,M,1.323882513707941e-05,47761.72757637184,1.5783826847536347e-07,0.0004909876526800224,5.0,-0.0625,5.0,-0.0625
0.02,1.001964564307453,0.6170875106119276,full,Z,7.051956008496217e-06,47761.72757637184,4.252714384468932e-08,0.00025249117093771947,5.4375,-0.125,5.4375,-0.125
0.02,1.2559825348492695,0.7735332934885227,R4,C,6.665454752187003e-07,1100.9704194309845,1.1472284740923249e-08,0.00017034349998609085,3.9375,-0.0625,4.0,0.0
0.02,1.2559825348492695,0.7735332934885227,R4,H,4.9652081613952796e-08,1100.9704194309845,1.3491369066602935e-09,5.693268758477643e-05,3.875,0.8125,3.875,0.8125
0.02,1.2559825348492695,0.7735332934885227,R4,M,8.231509815745659e-08,1100.9704194309845,1.361619941318623e-09,5.44270476288985e-05,3.9375,-0.0625,3.9375,-0.0625
0.02,1.2559825348492695,0.7735332934885227,R4,Z,1.1715755931775338e-07,1100.9704194309845,2.19140133240721e-09,7.524972799123476e-05,3.9375,-0.0625,4.0,0.0
0.02,1.2559825348492695,0.7735332934885227,R8,C,7.896213130647129e-05,6873.902179065083,6.71931117976538e-07,0.0009953575640195074,5.0625,-0.0625,5.0625,-0.0625
0.02,1.2559825348492695,0.7735332934885227,R8,H,1.798464261901022e-05,6873.902179065083,3.6090941668602746e-07,0.0007294841343536973,5.0625,-0.0625,5.0625,-0.0625
0.02,1.2559825348492695,0.7735332934885227,R8,M,1.0096175310969295e-05,6873.902179065083,1.54447394393061e-07,0.00047482773462343813,5.125,-0.0625,5.125,-0.0625
0.02,1.2559825348492695,0.7735332934885227,R8,Z,1.1444784423777196e-05,6873.902179065083,7.528578730098033e-08,0.0003339207539048534,5.4375,-0.25,5.4375,-0.25
0.02,1.2559825348492695,0.7735332934885227,R12,C,7.899002296332073e-05,17566.663959597274,6.71931117976538e-07,0.0009953575640195074,5.0625,-0.0625,5.0625,-0.0625
0.02,1.2559825348492695,0.7735332934885227,R12,H,1.7988277919741445e-05,17566.663959597274,3.6090941668602746e-07,0.0007294841343536973,5.0625,-0.0625,5.0625,-0.0625
0.02,1.2559825348492695,0.7735332934885227,R12,M,1.0098307030633194e-05,17566.663959597274,1.54447394393061e-07,0.00047482773462343813,5.125,-0.0625,5.125,-0.0625
0.02,1.2559825348492695,0.7735332934885227,R12,Z,1.1448441000577588e-05,17566.663959597274,7.528578730098033e-08,0.0003339207539048534,5.4375,-0.25,5.4375,-0.25
0.02,1.2559825348492695,0.7735332934885227,full,C,0.00010062309287744688,47762.20796065128,6.71931117976538e-07,0.0009953575640195074,5.0625,-0.0625,5.0625,-0.0625
0.02,1.2559825348492695,0.7735332934885227,full,H,2.7873546924705942e-05,47762.20796065128,3.6090941668602746e-07,0.0007294841343536973,5.0625,-0.0625,5.0625,-0.0625
0.02,1.2559825348492695,0.7735332934885227,full,M,1.3186398076318701e-05,47762.20796065128,1.54447394393061e-07,0.00047482773462343813,5.125,-0.0625,5.125,-0.0625
0.02,1.2559825348492695,0.7735332934885227,full,Z,1.360343121028794e-05,47762.20796065128,7.528578730098033e-08,0.0003339207539048534,5.4375,-0.25,5.4375,-0.25
0.02,1.502009723274411,0.9250600167314654,R4,C,1.0416965259475888e-06,1094.135005799162,1.0212931628671777e-08,0.00014970457359412385,3.875,-0.0625,4.0,0.0
0.02,1.502009723274411,0.9250600167314654,R4,H,7.154553235203391e-08,1094.135005799162,1.4146776545196224e-09,6.104978092480451e-05,3.6875,-1.125,3.6875,-1.125
0.02,1.502009723274411,0.9250600167314654,R4,M,1.0461429999667528e-07,1094.135005799162,1.7898178631891356e-09,8.535736321671315e-05,3.9375,-0.125,4.0,0.0
0.02,1.502009723274411,0.9250600167314654,R4,Z,1.956116801697999e-07,1094.135005799162,1.907562638075893e-09,6.644668884045564e-05,3.8125,-0.0625,3.75,0.0
0.02,1.502009723274411,0.9250600167314654,R8,C,9.702787872071227e-05,6874.882552871781,6.761858339503583e-07,0.0010882817073878644,5.0,-0.125,5.0,0.0
0.02,1.502009723274411,0.9250600167314654,R8,H,1.7970189288407857e-05,6874.882552871781,2.71482214061008e-07,0.0007748423959128559,5.0,-0.125,5.0,0.0
0.02,1.502009723274411,0.9250600167314654,R8,M,1.2612412512701707e-05,6874.882552871781,1.9081488017945594e-07,0.0005331139657403961,5.0625,-0.125,5.0625,0.0
0.02,1.502009723274411,0.9250600167314654,R8,Z,1.5714806812188733e-05,6874.882552871781,7.190404813056153e-08,0.0003264915787301107,5.5625,-0.1875,5.5625,-0.25
0.02,1.502009723274411,0.9250600167314654,R12,C,9.709697563954252e-05,17565.867956729315,6.761858339503583e-07,0.0010882817073878644,5.0,-0.125,5.0,0.0
0.02,1.502009723274411,0.9250600167314654,R12,H,1.7976045800058457e-05,17565.867956729315,2.71482214061008e-07,0.0007748423959128559,5.0,-0.125,5.0,0.0
0.02,1.502009723274411,0.9250600167314654,R12,M,1.2619707394871984e-05,17565.867956729315,1.9081488017945594e-07,0.0005331139657403961,5.0625,-0.125,5.0625,0.0
0.02,1.502009723274411,0.9250600167314654,R12,Z,1.5726606953968234e-05,17565.867956729315,7.190404813056153e-08,0.0003264915787301107,5.5625,-0.1875,5.5625,-0.25
0.02,1.502009723274411,0.9250600167314654,full,C,0.0001273599710066694,47761.69696819941,6.761858339503583e-07,0.0010882817073878644,5.0,-0.125,5.0,0.0
0.02,1.502009723274411,0.9250600167314654,full,H,2.971273080537045e-05,47761.69696819941,2.71482214061008e-07,0.0007748423959128559,5.0,-0.125,5.0,0.0
0.02,1.502009723274411,0.9250600167314654,full,M,1.6346734709041766e-05,47761.69696819941,1.9081488017945594e-07,0.0005331139657403961,5.0625,-0.125,5.0625,0.0
0.02,1.502009723274411,0.9250600167314654,full,Z,1.9409088077070082e-05,47761.69696819941,7.190404813056153e-08,0.0003264915787301107,5.5625,-0.1875,5.5625,-0.25
0.02,1.7567424898220665,1.081952573280081,R4,C,1.1303435958482862e-06,1089.1361613876918,7.631011730071802e-09,0.00013483660852647443,3.875,-0.125,3.875,0.0
0.02,1.7567424898220665,1.081952573280081,R4,H,9.245242644083819e-08,1089.1361613876918,1.0785166009071178e-09,5.5012777011143044e-05,3.625,-1.5,3.625,-1.5
0.02,1.7567424898220665,1.081952573280081,R4,M,1.2893067472874417e-07,1089.1361613876918,2.1944625022448146e-09,6.792350395124065e-05,3.9375,-0.1875,3.9375,-0.1875
0.02,1.7567424898220665,1.081952573280081,R4,Z,2.0310855111170343e-07,1089.1361613876918,1.3505301974383184e-09,5.570946338311255e-05,3.75,-0.0625,3.75,0.0
0.02,1.7567424898220665,1.081952573280081,R8,C,0.00010500269276469851,6875.420492605719,7.376942820454989e-07,0.0010577356896963486,4.9375,-0.0625,4.9375,-0.0625
0.02,1.7567424898220665,1.081952573280081,R8,H,2.0181805571710936e-05,6875.420492605719,3.4961663219582914e-07,0.0007281737052835524,4.9375,-0.0625,4.9375,-0.0625
0.02,1.7567424898220665,1.081952573280081,R8,M,1.4241280697172511e-05,6875.420492605719,2.0853439876650353e-07,0.0005623773253152253,4.9375,-0.0625,4.9375,-0.0625
0.02,1.7567424898220665,1.081952573280081,R8,Z,1.6715233651484745e-05,6875.420492605719,5.370571877689551e-08,0.0002861488448460472,5.625,-0.3125,5.0,-0.3125
0.02,1.7567424898220665,1.081952573280081,R12,C,0.0001051957576244513,17563.31362813119,7.376942820454989e-07,0.0010577356896963486,4.9375,-0.0625,4.9375,-0.0625
0.02,1.7567424898220665,1.081952573280081,R12,H,2.0211395198038347e-05,17563.31362813119,3.4961663219582914e-07,0.0007281737052835524,4.9375,-0.0625,4.9375,-0.0625
0.02,1.7567424898220665,1.081952573280081,R12,M,1.4272467214186627e-05,17563.31362813119,2.0853439876650353e-07,0.0005623773253152253,4.9375,-0.0625,4.9375,-0.0625
0.02,1.7567424898220665,1.081952573280081,R12,Z,1.67440353844962e-05,17563.31362813119,5.370571877689551e-08,0.0002861488448460472,5.625,-0.3125,5.0,-0.3125
0.02,1.7567424898220665,1.081952573280081,full,C,0.00014703329009176913,47759.489242872034,7.376942820454989e-07,0.0010577356896963486,4.9375,-0.0625,4.9375,-0.0625
0.02,1.7567424898220665,1.081952573280081,full,H,3.389850099849685e-05,47759.489242872034,3.4961663219582914e-07,0.0007281737052835524,4.9375,-0.0625,4.9375,-0.0625
0.02,1.7567424898220665,1.081952573280081,full,M,1.868809083092579e-05,47759.489242872034,2.0853439876650353e-07,0.0005623773253152253,4.9375,-0.0625,4.9375,-0.0625
0.02,1.7567424898220665,1.081952573280081,full,Z,2.264905128659657e-05,47759.489242872034,5.370571877689551e-08,0.0002861488448460472,5.625,-0.3125,5.0,-0.3125
0.02,2.0041327005191922,1.2343289578220378,R4,C,1.1527743364206123e-06,1085.6717678932246,7.731080138490425e-09,0.00013123498600269405,3.8125,-0.0625,3.75,0.0
0.02,2.0041327005191922,1.2343289578220378,R4,H,1.0961565370243747e-07,1085.6717678932246,1.202847780829054e-09,5.138410779181868e-05,3.9375,-0.0625,3.5,-1.8125
0.02,2.0041327005191922,1.2343289578220378,R4,M,1.5556582588606952e-07,1085.6717678932246,1.649922150986318e-09,6.0055491673137574e-05,3.8125,-0.0625,3.8125,-0.0625
0.02,2.0041327005191922,1.2343289578220378,R4,Z,1.9627817879656168e-07,1085.6717678932246,1.2998307195811996e-09,5.430628585938776e-05,3.75,-0.0625,3.75,0.0
0.02,2.0041327005191922,1.2343289578220378,R8,C,0.00010686032000933494,6875.166695692423,5.693178370177061e-07,0.0010037778952231475,4.875,-0.125,4.875,0.0
0.02,2.0041327005191922,1.2343289578220378,R8,H,2.3007312511993705e-05,6875.166695692423,2.637662344406999e-07,0.0007101767114363611,4.875,-0.125,4.875,0.0
0.02,2.0041327005191922,1.2343289578220378,R8,M,1.619813013467514e-05,6875.166695692423,1.7857859079963277e-07,0.0005594832963506089,4.875,-0.125,4.875,0.0
0.02,2.0041327005191922,1.2343289578220378,R8,Z,1.5705910985621157e-05,6875.166695692423,3.751998775742597e-08,0.00024367526963041676,4.9375,-0.375,4.9375,-0.375
0.02,2.0041327005191922,1.2343289578220378,R12,C,0.0001084557344315407,17558.791238573933,5.693178370177061e-07,0.0010037778952231475,4.875,-0.125,4.875,0.0
0.02,2.0041327005191922,1.2343289578220378,R12,H,2.323181148737191e-05,17558.791238573933,2.637662344406999e-07,0.0007101767114363611,4.875,-0.125,4.875,0.0
0.02,2.0041327005191922,1.2343289578220378,R12,M,1.627503307533882e-05,17558.791238573933,1.7857859079963277e-07,0.0005594832963506089,4.875,-0.125,4.875,0.0
0.02,2.0041327005191922,1.2343289578220378,R12,Z,1.6020349392037264e-05,17558.791238573933,3.751998775742597e-08,0.00024367526963041676,4.9375,-0.375,4.9375,-0.375
0.02,2.0041327005191922,1.2343289578220378,full,C,0.00016474366477390177,47755.35291084758,5.693178370177061e-07,0.0010037778952231475,4.875,-0.125,4.875,0.0
0.02,2.0041327005191922,1.2343289578220378,full,H,3.89400346579274e-05,47755.35291084758,2.637662344406999e-07,0.0007101767114363611,4.875,-0.125,4.875,0.0
0.02,2.0041327005191922,1.2343289578220378,full,M,2.13998586993298e-05,47755.35291084758,1.7857859079963277e-07,0.0005594832963506089,4.875,-0.125,4.875,0.0
0.02,2.0041327005191922,1.2343289578220378,full,Z,2.4839554463172628e-05,47755.35291084758,3.751998775742597e-08,0.00024367526963041676,4.9375,-0.375,4.9375,-0.375
0.02,2.2528137941239863,1.387509142391019,R4,C,1.2160495197875166e-06,1083.0576716935886,8.079327196673181e-09,0.00022988453664666477,3.6875,-0.0625,4.0,0.0
0.02,2.2528137941239863,1.387509142391019,R4,H,1.779256599284389e-07,1083.0576716935886,6.261001175451841e-09,0.00019714482186827809,3.9375,0.125,4.0,0.0
0.02,2.2528137941239863,1.387509142391019,R4,M,1.523157858932537e-07,1083.0576716935886,1.275657586218804e-09,7.029481558462482e-05,3.75,-0.5,4.0,0.0
0.02,2.2528137941239863,1.387509142391019,R4,Z,1.9704755976664568e-07,1083.0576716935886,1.4459844940312955e-09,5.802170817400868e-05,3.6875,-0.0625,3.6875,0.0
0.02,2.2528137941239863,1.387509142391019,R8,C,0.00011090575131874619,6873.555145870445,5.817548549899907e-07,0.0009717407810890914,4.75,-0.0625,4.75,-0.0625
0.02,2.2528137941239863,1.387509142391019,R8,H,2.7301040443887278e-05,6873.555145870445,3.233417376541619e-07,0.000724454817827791,4.75,-0.0625,4.75,-0.0625
0.02,2.2528137941239863,1.387509142391019,R8,M,1.8822955999666068e-05,6873.555145870445,1.6604893060061782e-07,0.0005153875183933892,4.8125,-0.0625,4.8125,-0.0625
0.02,2.2528137941239863,1.387509142391019,R8,Z,1.4646212319613988e-05,6873.555145870445,7.624817502357873e-08,0.00038223443273604287,8.0,0.0,8.0,0.0
0.02,2.2528137941239863,1.387509142391019,R12,C,0.00012989937016932298,17552.14501782461,7.886889656105488e-07,0.0009717407810890914,8.0,-0.125,4.75,-0.0625
0.02,2.2528137941239863,1.387509142391019,R12,H,3.0172806086496125e-05,17552.14501782461,3.233417376541619e-07,0.000724454817827791,4.75,-0.0625,4.75,-0.0625
0.02,2.2528137941239863,1.387509142391019,R12,M,2.266225079318706e-05,17552.14501782461,1.7715653810909683e-07,0.0005153875183933892,8.0,-0.75,4.8125,-0.0625
0.02,2.2528137941239863,1.387509142391019,R12,Z,1.7462000146123178e-05,17552.14501782461,1.467564691544064e-07,0.00038223443273604287,8.0,-0.125,8.0,0.0
0.02,2.2528137941239863,1.387509142391019,full,C,0.00020447435319178434,47749.14314749489,7.886889656105488e-07,0.0009717407810890914,8.0,-0.125,4.75,-0.0625
0.02,2.2528137941239863,1.387509142391019,full,H,4.8029526522499005e-05,47749.14314749489,3.233417376541619e-07,0.000724454817827791,4.75,-0.0625,4.75,-0.0625
0.02,2.2528137941239863,1.387509142391019,full,M,2.8560585678175955e-05,47749.14314749489,1.7715653810909683e-07,0.0005153875183933892,8.0,-0.75,4.8125,-0.0625
0.02,2.2528137941239863,1.387509142391019,full,Z,3.0100239238058976e-05,47749.14314749489,1.467564691544064e-07,0.00038223443273604287,8.0,-0.125,8.0,0.0
0.02,2.5002524330555738,1.5399355241846155,R4,C,1.7480992288982187e-06,1080.958589476397,3.923953331568344e-08,0.0003761960175637576,3.9375,-0.0625,4.0,0.0
0.02,2.5002524330555738,1.5399355241846155,R4,H,4.631602979569767e-07,1080.958589476397,2.5141225306462994e-08,0.00027511961525306106,3.9375,-0.0625,4.0,0.0
0.02,2.5002524330555738,1.5399355241846155,R4,M,2.016962042498944e-07,1080.958589476397,5.177149583664743e-09,0.00014011179550657476,3.9375,-0.0625,4.0,0.0
0.02,2.5002524330555738,1.5399355241846155,R4,Z,2.459495954199168e-07,1080.958589476397,2.13097674081092e-09,0.00010333365563292596,3.9375,-0.0625,4.0,0.0
0.02,2.5002524330555738,1.5399355241846155,R8,C,0.00012945521502617062,6869.769413544675,4.879281495361865e-07,0.0009799661405439635,4.6875,-0.125,4.6875,0.0
0.02,2.5002524330555738,1.5399355241846155,R8,H,3.491138703800639e-05,6869.769413544675,2.7228987953972394e-07,0.0007483375957235694,4.6875,-0.125,4.6875,0.0
0.02,2.5002524330555738,1.5399355241846155,R8,M,2.805792755572158e-05,6869.769413544675,2.711818289169578e-07,0.0007185821668352381,7.9375,-0.5,7.9375,-0.5
0.02,2.5002524330555738,1.5399355241846155,R8,Z,1.4634438681422315e-05,6869.769413544675,3.053364774479147e-08,0.00024039144399947058,7.875,-0.0625,7.875,0.0
0.02,2.5002524330555738,1.5399355241846155,R12,C,0.0001874560907525615,17543.555316328668,1.3174292691038141e-06,0.0012194496663260454,8.25,-0.125,8.0,-0.875
0.02,2.5002524330555738,1.5399355241846155,R12,H,4.773910962402956e-05,17543.555316328668,4.611092413199689e-07,0.0007483375957235694,8.0,-1.5,4.6875,0.0
0.02,2.5002524330555738,1.5399355241846155,R12,M,4.5593315397952616e-05,17543.555316328668,9.014205751502517e-07,0.0011165616289926321,8.0,-0.875,8.0,-0.8125
0.02,2.5002524330555738,1.5399355241846155,R12,Z,2.128111167123753e-05,17543.555316328668,3.1169204131307566e-07,0.0003881377215284466,8.25,-0.125,8.25,0.0
0.02,2.5002524330555738,1.5399355241846155,full,C,0.0002846960612468501,47741.03515029537,1.3174292691038141e-06,0.0012194496663260454,8.25,-0.125,8.0,-0.875
0.02,2.5002524330555738,1.5399355241846155,full,H,6.791818328798952e-05,47741.03515029537,4.611092413199689e-07,0.0007483375957235694,8.0,-1.5,4.6875,0.0
0.02,2.5002524330555738,1.5399355241846155,full,M,5.2329613002165684e-05,47741.03515029537,9.014205751502517e-07,0.0011165616289926321,8.0,-0.875,8.0,-0.8125
0.02,2.5002524330555738,1.5399355241846155,full,Z,3.876511011954282e-05,47741.03515029537,3.1169204131307566e-07,0.0003881377215284466,8.25,-0.125,8.25,0.0
0.02,2.7526262553674243,1.6954169867614353,R4,C,3.337195204000892e-06,1079.0858405498716,8.053793988618802e-08,0.00043759875932406823,3.9375,-0.125,4.0,0.0
0.02,2.7526262553674243,1.6954169867614353,R4,H,1.1413678397375062e-06,1079.0858405498716,3.9879990185005906e-08,0.00030394605710171163,3.9375,-0.125,3.9375,0.0
0.02,2.7526262553674243,1.6954169867614353,R4,M,4.3911437453110126e-07,1079.0858405498716,1.1624687559330278e-08,0.00015938225729471316,3.9375,-0.125,3.9375,0.0
0.02,2.7526262553674243,1.6954169867614353,R4,Z,3.9918291084494525e-07,1079.0858405498716,6.683580925810259e-09,0.00014173173023964347,3.9375,-0.0625,4.0,0.0
0.02,2.7526262553674243,1.6954169867614353,R8,C,0.00015900755575023903,6863.446457217012,8.388921502543246e-07,0.0012662888596729042,7.875,-0.9375,7.875,-0.9375
0.02,2.7526262553674243,1.6954169867614353,R8,H,4.435684290232313e-05,6863.446457217012,2.925681841035924e-07,0.0007079687784425914,4.625,-0.0625,4.625,-0.0625
0.02,2.7526262553674243,1.6954169867614353,R8,M,4.5007084714342045e-05,6863.446457217012,7.217415722985706e-07,0.0011745474910746397,7.875,-0.9375,7.875,-0.9375
0.02,2.7526262553674243,1.6954169867614353,R8,Z,1.5071792289235851e-05,6863.446457217012,2.6322150154607836e-08,0.00021756043170081927,6.125,-0.0625,7.875,0.0
0.02,2.7526262553674243,1.6954169867614353,R12,C,0.00022865110573332508,17532.998445269706,1.2621336119990671e-06,0.001337618153315009,8.0,-1.625,7.9375,-1.3125
0.02,2.7526262553674243,1.6954169867614353,R12,H,6.727547053605254e-05,17532.998445269706,7.509428666856493e-07,0.0008614240796305239,8.0,-1.625,8.0,-1.625
0.02,2.7526262553674243,1.6954169867614353,R12,M,6.616383433464034e-05,17532.998445269706,7.270532236453681e-07,0.0011896750248514979,7.9375,-1.3125,7.9375,-1.3125
0.02,2.7526262553674243,1.6954169867614353,R12,Z,2.1170945813784282e-05,17532.998445269706,1.6101130803516708e-07,0.00027884374086128863,8.5,-0.125,8.5,0.0
0.02,2.7526262553674243,1.6954169867614353,full,C,0.00035439074921144755,47731.017545114846,1.2621336119990671e-06,0.001337618153315009,8.0,-1.625,7.9375,-1.3125
0.02,2.7526262553674243,1.6954169867614353,full,H,9.002737968373353e-05,47731.017545114846,7.509428666856493e-07,0.0008614240796305239,8.0,-1.625,8.0,-1.625
0.02,2.7526262553674243,1.6954169867614353,full,M,7.384831991259768e-05,47731.017545114846,7.270532236453681e-07,0.0011896750248514979,7.9375,-1.3125,7.9375,-1.3125
0.02,2.7526262553674243,1.6954169867614353,full,Z,4.4857387716736396e-05,47731.017545114846,1.6101130803516708e-07,0.00027884374086128863,8.5,-0.125,8.5,0.0
0.02,3.00292232696495,1.8496360374205159,R4,C,5.3867388454540366e-06,1077.3505998582223,8.446892496840163e-08,0.0004284097764780396,3.875,-0.0625,3.875,-0.0625
0.02,3.00292232696495,1.8496360374205159,R4,H,1.7220041109490103e-06,1077.3505998582223,3.6489220107110414e-08,0.00028157440829090774,3.875,-0.0625,3.875,-0.0625
0.02,3.00292232696495,1.8496360374205159,R4,M,7.469645275769152e-07,1077.3505998582223,1.1841021459375552e-08,0.00016074213490753795,3.875,-0.25,3.875,-0.25
0.02,3.00292232696495,1.8496360374205159,R4,Z,6.491467410639643e-07,1077.3505998582223,1.0333627791794645e-08,0.00014991561736327064,3.9375,-0.0625,4.0,0.0
0.02,3.00292232696495,1.8496360374205159,R8,C,0.0001828262251861499,6855.029919151027,7.296141374647943e-07,0.0011867659281229641,7.8125,-1.3125,7.8125,-1.3125
0.02,3.00292232696495,1.8496360374205159,R8,H,5.501753879711396e-05,6855.029919151027,2.994440192076858e-07,0.0007395712309516966,4.5,-0.0625,4.5,0.0
0.02,3.00292232696495,1.8496360374205159,R8,M,5.607626884863616e-05,6855.029919151027,5.657566400545941e-07,0.0010450408784537324,7.8125,-1.3125,7.8125,-1.3125
0.02,3.00292232696495,1.8496360374205159,R8,Z,1.5269798845208833e-05,6855.029919151027,2.706628112998287e-08,0.00022376989569162354,7.75,-0.0625,7.75,0.0
0.02,3.00292232696495,1.8496360374205159,R12,C,0.00023427974101148576,17521.008759038108,7.296141374647943e-07,0.0011867659281229641,7.8125,-1.3125,7.8125,-1.3125
0.02,3.00292232696495,1.8496360374205159,R12,H,7.848659460093088e-05,17521.008759038108,5.537011095812461e-07,0.0007395712309516966,8.25,-2.125,4.5,0.0
0.02,3.00292232696495,1.8496360374205159,R12,M,7.337193299575621e-05,17521.008759038108,5.657566400545941e-07,0.0010450408784537324,7.8125,-1.3125,7.8125,-1.3125
0.02,3.00292232696495,1.8496360374205159,R12,Z,1.7786657955288494e-05,17521.008759038108,3.3245970099896474e-08,0.00022376989569162354,8.5,-1.375,7.75,0.0
0.02,3.00292232696495,1.8496360374205159,full,C,0.00039458397168768545,47719.60988705528,7.296141374647943e-07,0.0011867659281229641,7.8125,-1.3125,7.8125,-1.3125
0.02,3.00292232696495,1.8496360374205159,full,H,0.00010406355630489806,47719.60988705528,5.537011095812461e-07,0.0007395712309516966,8.25,-2.125,4.5,0.0
0.02,3.00292232696495,1.8496360374205159,full,M,8.209888858283965e-05,47719.60988705528,5.657566400545941e-07,0.0010450408784537324,7.8125,-1.3125,7.8125,-1.3125
0.02,3.00292232696495,1.8496360374205159,full,Z,4.9090968715658985e-05,47719.60988705528,3.940253545799879e-08,0.00022376989569162354,15.875,-0.125,7.75,0.0
0.02,3.25132599008157,2.00270811551443,R4,C,7.129458820495419e-06,1075.6834719643346,7.542371329674331e-08,0.0005269329734675302,3.8125,-0.0625,4.0,0.0
0.02,3.25132599008157,2.00270811551443,R4,H,1.955887488154481e-06,1075.6834719643346,3.1954891955126275e-08,0.0004137579817324877,3.75,-0.125,4.0,0.0
0.02,3.25132599008157,2.00270811551443,R4,M,9.69930791216955e-07,1075.6834719643346,1.1123014113479156e-08,0.00018869311177556336,3.8125,-0.3125,4.0,0.0
0.02,3.25132599008157,2.00270811551443,R4,Z,9.15876618501537e-07,1075.6834719643346,1.0622944543245825e-08,0.0001527274611509251,3.875,-0.0625,3.875,0.0
0.02,3.25132599008157,2.00270811551443,R8,C,0.00019852669530708722,6844.868303465361,5.993841700852108e-07,0.001070442070731077,7.6875,-1.3125,7.6875,-1.3125
0.02,3.25132599008157,2.00270811551443,R8,H,6.409243681358697e-05,6844.868303465361,3.1612966969913356e-07,0.00079164287308231,4.4375,-0.0625,4.4375,0.0
0.02,3.25132599008157,2.00270811551443,R8,M,6.106932641533067e-05,6844.868303465361,4.5983624906416065e-07,0.0009375882087842577,7.6875,-1.3125,7.6875,-1.3125
0.02,3.25132599008157,2.00270811551443,R8,Z,1.548599090274249e-05,6844.868303465361,2.894162327666247e-08,0.00023033542300263574,7.625,-0.0625,7.625,0.0
0.02,3.25132599008157,2.00270811551443,R12,C,0.0002416406155185029,17507.848905984014,5.993841700852108e-07,0.001070442070731077,7.6875,-1.3125,7.6875,-1.3125
0.02,3.25132599008157,2.00270811551443,R12,H,8.542548660664227e-05,17507.848905984014,4.1732096092417115e-07,0.00079164287308231,8.0,-2.625,4.4375,0.0
0.02,3.25132599008157,2.00270811551443,R12,M,7.413681210858573e-05,17507.848905984014,4.5983624906416065e-07,0.0009375882087842577,7.6875,-1.3125,7.6875,-1.3125
0.02,3.25132599008157,2.00270811551443,R12,Z,1.7501446646872168e-05,17507.848905984014,2.894162327666247e-08,0.00023033542300263574,7.625,-0.0625,7.625,0.0
0.02,3.25132599008157,2.00270811551443,full,C,0.000443454055882001,47707.0734384099,5.993841700852108e-07,0.001070442070731077,7.6875,-1.3125,7.6875,-1.3125
0.02,3.25132599008157,2.00270811551443,full,H,0.00011410921520305567,47707.0734384099,4.1732096092417115e-07,0.00079164287308231,8.0,-2.625,4.4375,0.0
0.02,3.25132599008157,2.00270811551443,full,M,8.402071610756023e-05,47707.0734384099,4.5983624906416065e-07,0.0009375882087842577,7.6875,-1.3125,7.6875,-1.3125
0.02,3.25132599008157,2.00270811551443,full,Z,5.8042741998432204e-05,47707.0734384099,4.8750783987421516e-08,0.00023033542300263574,15.875,-0.125,7.625,0.0
0.02,3.504955836124646,2.159019718633561,R4,C,1.0181756864539396e-05,1074.030894542425,1.8786977025601832e-07,0.0007812559575313795,3.9375,-0.0625,4.0,0.0
0.02,3.504955836124646,2.159019718633561,R4,H,3.591409481725256e-06,1074.030894542425,1.3444783672996124e-07,0.0006927874637767673,3.9375,-0.0625,4.0,0.0
0.02,3.504955836124646,2.159019718633561,R4,M,1.4793043155501617e-06,1074.030894542425,2.8852192231630034e-08,0.0003410128990921538,3.9375,-0.0625,4.0,0.0
0.02,3.504955836124646,2.159019718633561,R4,Z,1.1007630280937147e-06,1074.030894542425,1.0331871502751719e-08,0.0001533317930800819,3.8125,-0.0625,3.8125,0.0
0.02,3.504955836124646,2.159019718633561,R8,C,0.00021697997760930954,6832.856695926606,5.179957934598244e-07,0.0009853633642634434,4.375,-0.0625,4.375,-0.0625
0.02,3.504955836124646,2.159019718633561,R8,H,7.440512205053059e-05,6832.856695926606,3.426366717554767e-07,0.0008014016202650964,4.375,-0.0625,4.375,-0.0625
0.02,3.504955836124646,2.159019718633561,R8,M,6.481001128253492e-05,6832.856695926606,3.727820855347889e-07,0.0008389207206008513,7.5625,-1.25,7.5625,-1.25
0.02,3.504955836124646,2.159019718633561,R8,Z,1.64070577908722e-05,6832.856695926606,3.2380065860017764e-08,0.00024251073958493936,7.375,-0.0625,7.375,0.0
0.02,3.504955836124646,2.159019718633561,R12,C,0.0002568332487846158,17493.297653076956,5.179957934598244e-07,0.0009853633642634434,4.375,-0.0625,4.375,-0.0625
0.02,3.504955836124646,2.159019718633561,R12,H,9.447854296394702e-05,17493.297653076956,3.426366717554767e-07,0.0008014016202650964,4.375,-0.0625,4.375,-0.0625
0.02,3.504955836124646,2.159019718633561,R12,M,7.506875919081488e-05,17493.297653076956,3.727820855347889e-07,0.0008389207206008513,7.5625,-1.25,7.5625,-1.25
0.02,3.504955836124646,2.159019718633561,R12,Z,1.861654079369805e-05,17493.297653076956,3.2380065860017764e-08,0.00024251073958493936,7.375,-0.0625,7.375,0.0
0.02,3.504955836124646,2.159019718633561,full,C,0.0005096110060892027,47693.204941886725,5.179957934598244e-07,0.0009853633642634434,4.375,-0.0625,4.375,-0.0625
0.02,3.504955836124646,2.159019718633561,full,H,0.00012672091907944765,47693.204941886725,3.426366717554767e-07,0.0008014016202650964,4.375,-0.0625,4.375,-0.0625
0.02,3.504955836124646,2.159019718633561,full,M,8.626985046727383e-05,47693.204941886725,3.727820855347889e-07,0.0008389207206008513,7.5625,-1.25,7.5625,-1.25
0.02,3.504955836124646,2.159019718633561,full,Z,7.057997510723313e-05,47693.204941886725,5.996108744504934e-08,0.00024251073958493936,15.875,-0.125,7.375,0.0
0.02,3.750323164247853,2.3102532679594496,R4,C,1.5740637657902045e-05,1072.510239718961,2.96046790043433e-07,0.0008218763585045096,3.9375,-0.125,3.9375,0.0
0.02,3.750323164247853,2.3102532679594496,R4,H,7.727301338020702e-06,1072.510239718961,2.3606363154807346e-07,0.000735394423827529,3.9375,-0.125,3.9375,0.0
0.02,3.750323164247853,2.3102532679594496,R4,M,2.5776849730779757e-06,1072.510239718961,5.7461005924383856e-08,0.0003598942864026844,3.9375,-0.125,3.9375,0.0
0.02,3.750323164247853,2.3102532679594496,R4,Z,1.1648280655245596e-06,1072.510239718961,9.977558097304764e-09,0.0001538409506830936,3.6875,-0.0625,3.6875,0.0
0.02,3.750323164247853,2.3102532679594496,R8,C,0.0002361212807265107,6819.821133142715,4.971763596099111e-07,0.000993397668116632,7.375,-0.75,4.25,0.0
0.02,3.750323164247853,2.3102532679594496,R8,H,8.546574352612856e-05,6819.821133142715,3.1879536459427343e-07,0.0008081659907475114,4.3125,-0.125,4.25,0.0
0.02,3.750323164247853,2.3102532679594496,R8,M,6.801253738128338e-05,6819.821133142715,3.456589696012552e-07,0.0007951267834363173,7.375,-0.75,7.375,-0.75
0.02,3.750323164247853,2.3102532679594496,R8,Z,1.754354720629845e-05,6819.821133142715,6.280155571639037e-08,0.00033679601233908954,7.25,-0.0625,7.25,0.0
0.02,3.750323164247853,2.3102532679594496,R12,C,0.0002747462209318862,17478.263060665162,4.971763596099111e-07,0.000993397668116632,7.375,-0.75,4.25,0.0
0.02,3.750323164247853,2.3102532679594496,R12,H,0.00010504151082422073,17478.263060665162,3.1879536459427343e-07,0.0008081659907475114,4.3125,-0.125,4.25,0.0
0.02,3.750323164247853,2.3102532679594496,R12,M,7.786406243750352e-05,17478.263060665162,3.456589696012552e-07,0.0007951267834363173,7.375,-0.75,7.375,-0.75
0.02,3.750323164247853,2.3102532679594496,R12,Z,1.9642264275866096e-05,17478.263060665162,6.280155571639037e-08,0.00033679601233908954,7.25,-0.0625,7.25,0.0
0.02,3.750323164247853,2.3102532679594496,full,C,0.0005863000112975485,47678.87401345805,4.971763596099111e-07,0.000993397668116632,7.375,-0.75,4.25,0.0
0.02,3.750323164247853,2.3102532679594496,full,H,0.00014114967149414853,47678.87401345805,3.1879536459427343e-07,0.0008081659907475114,4.3125,-0.125,4.25,0.0
0.02,3.750323164247853,2.3102532679594496,full,M,9.048923551375404e-05,47678.87401345805,3.456589696012552e-07,0.0007951267834363173,7.375,-0.75,7.375,-0.75
0.02,3.750323164247853,2.3102532679594496,full,Z,8.485166603009382e-05,47678.87401345805,7.25851663711568e-08,0.00033679601233908954,15.875,-0.125,7.25,0.0
0.02,4.001270994058924,2.4649304294608076,R4,C,2.1325493136554646e-05,1071.0847300743967,2.8849371594714757e-07,0.0008003346287394456,3.875,-0.0625,3.875,-0.0625
0.02,4.001270994058924,2.4649304294608076,R4,H,1.1880225751016874e-05,1071.0847300743967,2.3030055806521993e-07,0.0007150738965719938,3.875,-0.0625,3.875,-0.0625
0.02,4.001270994058924,2.4649304294608076,R4,M,3.781329040477924e-06,1071.0847300743967,5.7668392057659905e-08,0.00035782637649961154,3.875,-0.0625,3.875,-0.0625
0.02,4.001270994058924,2.4649304294608076,R4,Z,1.197009609407117e-06,1071.0847300743967,9.866387643245274e-09,0.00015496428749794787,3.625,-0.0625,3.625,0.0
0.02,4.001270994058924,2.4649304294608076,R8,C,0.00025075900127986746,6805.189736843045,5.349804101064805e-07,0.001026517055170454,7.25,-0.75,4.1875,-0.0625
0.02,4.001270994058924,2.4649304294608076,R8,H,9.662725998637354e-05,6805.189736843045,3.5610835066070394e-07,0.0008432132890447974,4.1875,-0.0625,4.1875,-0.0625
0.02,4.001270994058924,2.4649304294608076,R8,M,6.994828306345077e-05,6805.189736843045,3.514100978024575e-07,0.0008096124153776057,7.3125,-1.1875,7.3125,-1.1875
0.02,4.001270994058924,2.4649304294608076,R8,Z,1.7764856660925612e-05,6805.189736843045,4.927692113465088e-08,0.00029682371023009976,7.125,-0.0625,7.125,0.0
0.02,4.001270994058924,2.4649304294608076,R12,C,0.00029046398719968975,17461.989106240475,5.349804101064805e-07,0.001026517055170454,7.25,-0.75,4.1875,-0.0625
0.02,4.001270994058924,2.4649304294608076,R12,H,0.00011552960024341712,17461.989106240475,3.5610835066070394e-07,0.0008432132890447974,4.1875,-0.0625,4.1875,-0.0625
0.02,4.001270994058924,2.4649304294608076,R12,M,8.056548126878424e-05,17461.989106240475,3.514100978024575e-07,0.0008096124153776057,7.3125,-1.1875,7.3125,-1.1875
0.02,4.001270994058924,2.4649304294608076,R12,Z,2.008586348544919e-05,17461.989106240475,4.927692113465088e-08,0.00029682371023009976,7.125,-0.0625,7.125,0.0
0.02,4.001270994058924,2.4649304294608076,full,C,0.000673153574322286,47663.36088562557,5.349804101064805e-07,0.001026517055170454,7.25,-0.75,4.1875,-0.0625
0.02,4.001270994058924,2.4649304294608076,full,H,0.00015610088165393316,47663.36088562557,3.5610835066070394e-07,0.0008432132890447974,4.1875,-0.0625,4.1875,-0.0625
0.02,4.001270994058924,2.4649304294608076,full,M,9.481015215787604e-05,47663.36088562557,3.514100978024575e-07,0.0008096124153776057,7.3125,-1.1875,7.3125,-1.1875
0.02,4.001270994058924,2.4649304294608076,full,Z,0.00010139398335999789,47663.36088562557,8.752823193191313e-08,0.00029682371023009976,15.875,-0.125,7.125,0.0
0.02,4.251153769883675,2.6189351333336615,R4,C,2.4803247864452002e-05,1069.8484645121598,2.815333007310517e-07,0.0008210753028752898,3.75,-0.0625,3.75,0.0
0.02,4.251153769883675,2.6189351333336615,R4,H,1.3831656778375583e-05,1069.8484645121598,2.2495041889827743e-07,0.0007328109932132065,3.75,-0.0625,3.75,0.0
0.02,4.251153769883675,2.6189351333336615,R4,M,4.491285810046067e-06,1069.8484645121598,5.311780314241041e-08,0.00035852561962270314,3.75,-0.125,3.75,0.0
0.02,4.251153769883675,2.6189351333336615,R4,Z,1.3310085141557048e-06,1069.8484645121598,9.31382997165735e-09,0.00017421113183126825,3.5625,-0.0625,4.0,0.0
0.02,4.251153769883675,2.6189351333336615,R8,C,0.0002625456689907304,6789.420203926646,5.56216977682011e-07,0.0010751876991537677,7.1875,-1.1875,5.3125,0.0
0.02,4.251153769883675,2.6189351333336615,R8,H,0.0001073464536728146,6789.420203926646,3.5895222734604896e-07,0.0008696543518453836,4.125,-0.0625,4.125,0.0
0.02,4.251153769883675,2.6189351333336615,R8,M,7.187873774672855e-05,6789.420203926646,3.4961104576961705e-07,0.0008068377098349876,7.1875,-1.1875,7.1875,-1.1875
0.02,4.251153769883675,2.6189351333336615,R8,Z,1.7127944564058575e-05,6789.420203926646,3.146892284633969e-08,0.00023638319153149274,6.875,-0.0625,6.875,0.0
0.02,4.251153769883675,2.6189351333336615,R12,C,0.0003009852101400527,17444.92048861487,5.56216977682011e-07,0.0010751876991537677,7.1875,-1.1875,5.3125,0.0
0.02,4.251153769883675,2.6189351333336615,R12,H,0.0001243028855719114,17444.92048861487,3.5895222734604896e-07,0.0008696543518453836,4.125,-0.0625,4.125,0.0
0.02,4.251153769883675,2.6189351333336615,R12,M,8.269069668762038e-05,17444.92048861487,3.4961104576961705e-07,0.0008068377098349876,7.1875,-1.1875,7.1875,-1.1875
0.02,4.251153769883675,2.6189351333336615,R12,Z,1.9535352198411716e-05,17444.92048861487,3.9864153691371054e-08,0.00023638319153149274,9.25,-0.125,6.875,0.0
0.02,4.251153769883675,2.6189351333336615,full,C,0.0007670818470087515,47647.08514008599,5.56216977682011e-07,0.0010751876991537677,7.1875,-1.1875,5.3125,0.0
0.02,4.251153769883675,2.6189351333336615,full,H,0.00016990251208019768,47647.08514008599,3.5895222734604896e-07,0.0008696543518453836,4.125,-0.0625,4.125,0.0
0.02,4.251153769883675,2.6189351333336615,full,M,9.872826220722109e-05,47647.08514008599,3.4961104576961705e-07,0.0008068377098349876,7.1875,-1.1875,7.1875,-1.1875
0.02,4.251153769883675,2.6189351333336615,full,Z,0.0001197820411593031,47647.08514008599,1.046325774436792e-07,0.00023638319153149274,15.875,-0.125,6.875,0.0
0.02,4.500066753059087,2.7722910160145693,R4,C,2.997575851079202e-05,1068.841210193626,2.7868976240229613e-07,0.002067853913712942,3.6875,-0.0625,0.0,-0.5625
0.02,4.500066753059087,2.7722910160145693,R4,H,1.667419917089125e-05,1068.841210193626,2.2255521774731177e-07,0.0020676790736615658,3.6875,-0.0625,0.0,-0.5625
0.02,4.500066753059087,2.7722910160145693,R4,M,5.241382983967892e-06,1068.841210193626,5.5150527706123e-08,0.00040045164898094675,3.6875,-0.0625,4.0,0.0
0.02,4.500066753059087,2.7722910160145693,R4,Z,1.6191780162077956e-06,1068.841210193626,1.5260308356444952e-08,0.0001914733971883271,3.9375,-0.0625,4.0,0.0
0.02,4.500066753059087,2.7722910160145693,R8,C,0.0002742109626325435,6772.594557971331,5.102949990186225e-07,0.002067853913712942,4.0625,0.0625,0.0,-0.5625
0.02,4.500066753059087,2.7722910160145693,R8,H,0.00011785865348512907,6772.594557971331,3.552088192282967e-07,0.0020676790736615658,4.0625,-0.0625,0.0,-0.5625
0.02,4.500066753059087,2.7722910160145693,R8,M,7.340039015999789e-05,6772.594557971331,2.831140389857623e-07,0.0007268451888842257,7.0625,-1.25,7.0625,-1.25
0.02,4.500066753059087,2.7722910160145693,R8,Z,1.6335944437167457e-05,6772.594557971331,3.488445171079102e-08,0.00025025616121206087,7.0,-0.0625,7.0,0.0
0.02,4.500066753059087,2.7722910160145693,R12,C,0.0003104540991067563,17427.078503849887,5.102949990186225e-07,0.002067853913712942,4.0625,0.0625,0.0,-0.5625
0.02,4.500066753059087,2.7722910160145693,R12,H,0.00013258802328265038,17427.078503849887,3.552088192282967e-07,0.0020676790736615658,4.0625,-0.0625,0.0,-0.5625
0.02,4.500066753059087,2.7722910160145693,R12,M,8.399144732922076e-05,17427.078503849887,2.831140389857623e-07,0.0007268451888842257,7.0625,-1.25,7.0625,-1.25
0.02,4.500066753059087,2.7722910160145693,R12,Z,1.8801676102475226e-05,17427.078503849887,4.4846061934743314e-08,0.00025025616121206087,9.375,-0.125,7.0,0.0
0.02,4.500066753059087,2.7722910160145693,full,C,0.0008737252673809292,47630.05605742194,5.720824161133621e-07,0.002067853913712942,15.875,-0.125,0.0,-0.5625
0.02,4.500066753059087,2.7722910160145693,full,H,0.00018386229236425677,47630.05605742194,3.552088192282967e-07,0.0020676790736615658,4.0625,-0.0625,0.0,-0.5625
0.02,4.500066753059087,2.7722910160145693,full,M,0.00010200409812957607,47630.05605742194,2.831140389857623e-07,0.0007268451888842257,7.0625,-1.25,7.0625,-1.25
0.02,4.500066753059087,2.7722910160145693,full,Z,0.00014117027553763216,47630.05605742194,1.2407899073923517e-07,0.00025025616121206087,15.875,-0.125,7.0,0.0
0.02,4.754814605136355,2.9291269392151738,R4,C,3.9795472463245814e-05,1068.0664182689516,5.233969776042072e-07,0.0025080696240704723,3.9375,-0.0625,0.0,-1.0
0.02,4.754814605136355,2.9291269392151738,R4,H,2.304793725673471e-05,1068.0664182689516,3.651492091319302e-07,0.002507805824279785,3.9375,-0.0625,0.0,-1.0
0.02,4.754814605136355,2.9291269392151738,R4,M,6.883938811643248e-06,1068.0664182689516,8.556323009849852e-08,0.0005202571197578525,3.9375,-0.0625,0.0625,0.0
0.02,4.754814605136355,2.9291269392151738,R4,Z,1.972209091974319e-06,1068.0664182689516,1.5721587429628654e-08,0.0001879465545167639,3.875,-0.0625,3.875,0.0
0.02,4.754814605136355,2.9291269392151738,R8,C,0.0002896890998712601,6754.266416224527,8.671255192444125e-07,0.0025080696240704723,5.25,0.0,0.0,-1.0
0.02,4.754814605136355,2.9291269392151738,R8,H,0.0001279768541355774,6754.266416224527,3.9941555422265635e-07,0.002507805824279785,6.875,-0.0625,0.0,-1.0
0.02,4.754814605136355,2.9291269392151738,R8,M,7.451628330545905e-05,6754.266416224527,2.590809395726406e-07,0.0006924934016681279,7.0625,-1.125,7.0625,-1.125
0.02,4.754814605136355,2.9291269392151738,R8,Z,1.652956438762381e-05,6754.266416224527,4.777019632883652e-08,0.0002918530582302445,6.9375,-0.0625,6.9375,0.0
0.02,4.754814605136355,2.9291269392151738,R12,C,0.00032424795809230894,17407.95992922612,8.671255192444125e-07,0.0025080696240704723,5.25,0.0,0.0,-1.0
0.02,4.754814605136355,2.9291269392151738,R12,H,0.00014101964638964045,17407.95992922612,3.9941555422265635e-07,0.002507805824279785,6.875,-0.0625,0.0,-1.0
0.02,4.754814605136355,2.9291269392151738,R12,M,8.470839366571816e-05,17407.95992922612,2.590809395726406e-07,0.0006924934016681279,7.0625,-1.125,7.0625,-1.125
0.02,4.754814605136355,2.9291269392151738,R12,Z,1.908855566997247e-05,17407.95992922612,4.777019632883652e-08,0.0002918530582302445,6.9375,-0.0625,6.9375,0.0
0.02,4.754814605136355,2.9291269392151738,full,C,0.0010033440033240869,47611.772588216365,8.671255192444125e-07,0.0025080696240704723,5.25,0.0,0.0,-1.0
0.02,4.754814605136355,2.9291269392151738,full,H,0.0001988851373931582,47611.772588216365,3.9941555422265635e-07,0.002507805824279785,6.875,-0.0625,0.0,-1.0
0.02,4.754814605136355,2.9291269392151738,full,M,0.00010495127394811587,47611.772588216365,2.590809395726406e-07,0.0006924934016681279,7.0625,-1.125,7.0625,-1.125
0.02,4.754814605136355,2.9291269392151738,full,Z,0.00016787893772781317,47611.772588216365,1.4667641390364373e-07,0.0002918530582302445,15.875,-0.125,6.9375,0.0
0.02,5.002049787025863,3.0811275508992315,R4,C,5.042585983238033e-05,1067.5611433115437,5.261349350174881e-07,0.0020412054844125634,3.875,-0.0625,0.0,-1.3125
0.02,5.002049787025863,3.0811275508992315,R4,H,3.0346144024776813e-05,1067.5611433115437,3.7331110473165227e-07,0.0020390963181853294,3.875,-0.0625,0.0,-1.3125
0.02,5.002049787025863,3.0811275508992315,R4,M,8.980593950937999e-06,1067.5611433115437,9.051307838337675e-08,0.00045403148698626786,3.875,-0.0625,3.875,0.0
0.02,5.002049787025863,3.0811275508992315,R4,Z,2.2258934700381728e-06,1067.5611433115437,1.5394523935499027e-08,0.00018748447494602608,3.8125,-0.0625,3.8125,0.0
0.02,5.002049787025863,3.0811275508992315,R8,C,0.0003099635011082807,6735.428676054929,1.7638456250782703e-06,0.002791255005945288,5.25,0.0,5.25,0.0
0.02,5.002049787025863,3.0811275508992315,R8,H,0.00013719217304961764,6735.428676054929,3.7331110473165227e-07,0.0020390963181853294,3.875,-0.0625,0.0,-1.3125
0.02,5.002049787025863,3.0811275508992315,R8,M,7.648036220731756e-05,6735.428676054929,2.626474849081965e-07,0.0007278617383444535,6.9375,-1.1875,5.125,0.0
0.02,5.002049787025863,3.0811275508992315,R8,Z,1.7481608331387496e-05,6735.428676054929,4.9326373017778564e-08,0.00033015147790152233,5.1875,-0.0625,5.1875,-0.0625
0.02,5.002049787025863,3.0811275508992315,R12,C,0.0003434746507032548,17388.585366759613,1.7638456250782703e-06,0.002791255005945288,5.25,0.0,5.25,0.0
0.02,5.002049787025863,3.0811275508992315,R12,H,0.00014872609772904476,17388.585366759613,3.7331110473165227e-07,0.0020390963181853294,3.875,-0.0625,0.0,-1.3125
0.02,5.002049787025863,3.0811275508992315,R12,M,8.639663152478836e-05,17388.585366759613,2.626474849081965e-07,0.0007278617383444535,6.9375,-1.1875,5.125,0.0
0.02,5.002049787025863,3.0811275508992315,R12,Z,2.0206532131986498e-05,17388.585366759613,4.9326373017778564e-08,0.00033015147790152233,5.1875,-0.0625,5.1875,-0.0625
0.02,5.002049787025863,3.0811275508992315,full,C,0.0011526577110956403,47593.18267776678,1.7638456250782703e-06,0.002791255005945288,5.25,0.0,5.25,0.0
0.02,5.002049787025863,3.0811275508992315,full,H,0.0002138434009696174,47593.18267776678,3.963911161735838e-07,0.0020390963181853294,15.75,16.0,0.0,-1.3125
0.02,5.002049787025863,3.0811275508992315,full,M,0.00010901454159387714,47593.18267776678,2.626474849081965e-07,0.0007278617383444535,6.9375,-1.1875,5.125,0.0
0.02,5.002049787025863,3.0811275508992315,full,Z,0.00019872085374725924,47593.18267776678,1.7137697219593356e-07,0.00033015147790152233,15.875,-0.125,5.1875,-0.0625
0.02,5.255178023057801,3.2363820535142773,R4,C,5.8450297669389135e-05,1067.2672071663321,5.179991630290716e-07,0.0021637914021977876,3.8125,-0.0625,0.0,0.0
0.02,5.255178023057801,3.2363820535142773,R4,H,3.596985794328533e-05,1067.2672071663321,3.74768397067411e-07,0.0021637596655637026,3.8125,-0.0625,0.0,0.0
0.02,5.255178023057801,3.2363820535142773,R4,M,1.0742532359494764e-05,1067.2672071663321,9.330241635583241e-08,0.000459661776748485,3.8125,-0.0625,3.8125,-0.0625
0.02,5.255178023057801,3.2363820535142773,R4,Z,2.3495714283884853e-06,1067.2672071663321,1.4370903513625153e-08,0.0001829393851790412,3.75,-0.0625,3.75,0.0
0.02,5.255178023057801,3.2363820535142773,R8,C,0.00033534796893677196,6715.07568025169,3.675894574805015e-06,0.004084165236486648,5.25,0.0,5.25,0.0
0.02,5.255178023057801,3.2363820535142773,R8,H,0.0001455028837699174,6715.07568025169,3.74768397067411e-07,0.0021637596655637026,3.8125,-0.0625,0.0,0.0
0.02,5.255178023057801,3.2363820535142773,R8,M,8.133642947626672e-05,6715.07568025169,3.6948753762792476e-07,0.0010586636526201565,5.25,-0.1875,5.125,0.0
0.02,5.255178023057801,3.2363820535142773,R8,Z,1.8014652755581664e-05,6715.07568025169,9.08103422436494e-08,0.0004541230750662309,5.1875,-0.0625,5.1875,-0.0625
0.02,5.255178023057801,3.2363820535142773,R12,C,0.000368729258328779,17367.927194810098,3.675894574805015e-06,0.004084165236486648,5.25,0.0,5.25,0.0
0.02,5.255178023057801,3.2363820535142773,R12,H,0.000155715904173514,17367.927194810098,3.74768397067411e-07,0.0021637596655637026,3.8125,-0.0625,0.0,0.0
0.02,5.255178023057801,3.2363820535142773,R12,M,9.090827456812105e-05,17367.927194810098,3.6948753762792476e-07,0.0010586636526201565,5.25,-0.1875,5.125,0.0
0.02,5.255178023057801,3.2363820535142773,R12,Z,2.107760178584603e-05,17367.927194810098,9.08103422436494e-08,0.0004541230750662309,5.1875,-0.0625,5.1875,-0.0625
0.02,5.255178023057801,3.2363820535142773,full,C,0.0013311488859872578,47573.265713140485,3.675894574805015e-06,0.004084165236486648,5.25,0.0,5.25,0.0
0.02,5.255178023057801,3.2363820535142773,full,H,0.00022924418784532177,47573.265713140485,4.7104849256098104e-07,0.0021637596655637026,15.75,16.0,0.0,0.0
0.02,5.255178023057801,3.2363820535142773,full,M,0.0001161815650463327,47573.265713140485,3.6948753762792476e-07,0.0010586636526201565,5.25,-0.1875,5.125,0.0
0.02,5.255178023057801,3.2363820535142773,full,Z,0.00023464982667737791,47573.265713140485,1.9967948748757995e-07,0.0004541230750662309,15.875,-0.125,5.1875,-0.0625
0.02,5.500929430262389,3.3865588598458802,R4,C,6.348309670846299e-05,1067.1472052161648,5.102985682142767e-07,0.0021364409904970224,3.6875,-0.0625,0.0,0.0
0.02,5.500929430262389,3.3865588598458802,R4,H,3.955155024821717e-05,1067.1472052161648,3.6620070969128573e-07,0.0021364386193454266,3.6875,-0.0625,0.0,0.0
0.02,5.500929430262389,3.3865588598458802,R4,M,1.1811587619621425e-05,1067.1472052161648,9.059729778094044e-08,0.00045862449109671796,3.75,-0.0625,3.75,0.0
0.02,5.500929430262389,3.3865588598458802,R4,Z,2.3985317828886594e-06,1067.1472052161648,1.3627309246285304e-08,0.00018192294515586254,3.625,-0.0625,3.625,0.0
0.02,5.500929430262389,3.3865588598458802,R8,C,0.00036974949973863627,6694.276942071543,7.445350360203673e-06,0.005888406598207281,5.25,0.0,5.25,0.0
0.02,5.500929430262389,3.3865588598458802,R8,H,0.00015215134018088544,6694.276942071543,3.6620070969128573e-07,0.0021364386193454266,3.6875,-0.0625,0.0,0.0
0.02,5.500929430262389,3.3865588598458802,R8,M,9.132437568424047e-05,6694.276942071543,8.474347309697234e-07,0.0014823481457253479,5.125,-0.125,5.4375,0.0
0.02,5.500929430262389,3.3865588598458802,R8,Z,1.800749756931418e-05,6694.276942071543,1.6385597033794323e-07,0.0006180808189365821,5.1875,-0.0625,5.1875,-0.0625
0.02,5.500929430262389,3.3865588598458802,R12,C,0.0004037148504733196,17347.088282800025,7.445350360203673e-06,0.005888406598207281,5.25,0.0,5.25,0.0
0.02,5.500929430262389,3.3865588598458802,R12,H,0.00016114229509040388,17347.088282800025,3.6620070969128573e-07,0.0021364386193454266,3.6875,-0.0625,0.0,0.0
0.02,5.500929430262389,3.3865588598458802,R12,M,0.00010055757919726709,17347.088282800025,8.474347309697234e-07,0.0014823481457253479,5.125,-0.125,5.4375,0.0
0.02,5.500929430262389,3.3865588598458802,R12,Z,2.154768621199923e-05,17347.088282800025,1.6385597033794323e-07,0.0006180808189365821,5.1875,-0.0625,5.1875,-0.0625
0.02,5.500929430262389,3.3865588598458802,full,C,0.0015362859698801986,47553.05468442495,7.445350360203673e-06,0.005888406598207281,5.25,0.0,5.25,0.0
0.02,5.500929430262389,3.3865588598458802,full,H,0.00024390201434765647,47553.05468442495,5.519925914408184e-07,0.0021364386193454266,15.75,-16.0,0.0,0.0
0.02,5.500929430262389,3.3865588598458802,full,M,0.0001286301623468886,47553.05468442495,8.474347309697234e-07,0.0014823481457253479,5.125,-0.125,5.4375,0.0
0.02,5.500929430262389,3.3865588598458802,full,Z,0.00027408709266722975,47553.05468442495,2.3021357382654127e-07,0.0006180808189365821,15.875,-0.125,5.1875,-0.0625
0.02,5.752586739465556,3.539535586858312,R4,C,6.834660694930729e-05,1067.1232518092695,5.252329404555844e-07,0.0016374245725019082,3.625,-0.0625,0.0,-0.8125
0.02,5.752586739465556,3.539535586858312,R4,H,4.321412195894025e-05,1067.1232518092695,3.8428065860378076e-07,0.0016369407530874014,3.625,-0.0625,0.0,-0.8125
0.02,5.752586739465556,3.539535586858312,R4,M,1.2653143616442354e-05,1067.1232518092695,9.043635495529831e-08,0.000468174129149214,3.625,-0.0625,3.625,0.0
0.02,5.752586739465556,3.539535586858312,R4,Z,2.4262971452749758e-06,1067.1232518092695,1.3076168318725701e-08,0.00017997362661546993,3.5625,-0.0625,3.5625,0.0
0.02,5.752586739465556,3.539535586858312,R8,C,0.0004320311801620881,6671.904854691209,1.5352866553373323e-05,0.008567821098449606,5.25,0.0,5.25,0.0
0.02,5.752586739465556,3.539535586858312,R8,H,0.0001586200327552075,6671.904854691209,3.8428065860378076e-07,0.0016369407530874014,3.625,-0.0625,0.0,-0.8125
0.02,5.752586739465556,3.539535586858312,R8,M,0.00011197787085760779,6671.904854691209,1.8187964296245055e-06,0.0022548179696842427,5.125,-0.125,5.125,0.0
0.02,5.752586739465556,3.539535586858312,R8,Z,1.8571611755611723e-05,6671.904854691209,3.003001202023456e-07,0.0008479852744342118,5.1875,-0.0625,5.1875,-0.0625
0.02,5.752586739465556,3.539535586858312,R12,C,0.00046739655419264893,17324.94546695891,1.5352866553373323e-05,0.008567821098449606,5.25,0.0,5.25,0.0
0.02,5.752586739465556,3.539535586858312,R12,H,0.00016715309563325884,17324.94546695891,3.8428065860378076e-07,0.0016369407530874014,3.625,-0.0625,0.0,-0.8125
0.02,5.752586739465556,3.539535586858312,R12,M,0.00012102725753454201,17324.94546695891,1.8187964296245055e-06,0.0022548179696842427,5.125,-0.125,5.125,0.0
0.02,5.752586739465556,3.539535586858312,R12,Z,2.2568621609038804e-05,17324.94546695891,3.003001202023456e-07,0.0008479852744342118,5.1875,-0.0625,5.1875,-0.0625
0.02,5.752586739465556,3.539535586858312,full,C,0.001798209804676588,47531.44808874581,1.5352866553373323e-05,0.008567821098449606,5.25,0.0,5.25,0.0
0.02,5.752586739465556,3.539535586858312,full,H,0.0002605875580380927,47531.44808874581,6.438441627020103e-07,0.0016369407530874014,15.75,-16.0,0.0,-0.8125
0.02,5.752586739465556,3.539535586858312,full,M,0.00015219920122484465,47531.44808874581,1.8187964296245055e-06,0.0022548179696842427,5.125,-0.125,5.125,0.0
0.02,5.752586739465556,3.539535586858312,full,Z,0.0003205424085310954,47531.44808874581,3.003001202023456e-07,0.0008479852744342118,5.1875,-0.0625,5.1875,-0.0625
0.02,6.00354310250453,3.6910196339551473,R4,C,7.370078566532317e-05,1067.120081574375,5.08244882640392e-07,0.0013022903372753678,3.5625,-0.0625,0.0,1.25
0.02,6.00354310250453,3.6910196339551473,R4,H,4.72774635030504e-05,1067.120081574375,3.7640581948558164e-07,0.0013003088533878326,3.5625,-0.0625,0.0,1.25
0.02,6.00354310250453,3.6910196339551473,R4,M,1.363572652928355e-05,1067.120081574375,9.24444863601447e-08,0.00047828404136126743,3.5625,-0.0625,3.5625,0.0
0.02,6.00354310250453,3.6910196339551473,R4,Z,2.4415477579575654e-06,1067.120081574375,1.206798404085828e-08,0.00017666628686326485,3.4375,-0.0625,3.4375,0.0
0.02,6.00354310250453,3.6910196339551473,R8,C,0.0005490822156922682,6648.5006741437255,3.090657214548136e-05,0.012315394316802392,5.25,0.0,5.25,0.0
0.02,6.00354310250453,3.6910196339551473,R8,H,0.0001671804476339406,6648.5006741437255,7.562493855697808e-07,0.0019264396978542209,5.25,0.0,5.25,0.0
0.02,6.00354310250453,3.6910196339551473,R8,M,0.00015249067695916358,6648.5006741437255,3.8037300745580682e-06,0.003333626241762176,5.125,-0.125,5.125,0.0
0.02,6.00354310250453,3.6910196339551473,R8,Z,2.059436077256952e-05,6648.5006741437255,5.560583455640276e-07,0.0011692187621904413,5.1875,-0.0625,5.1875,-0.0625
0.02,6.00354310250453,3.6910196339551473,R12,C,0.0005851557081022024,17302.03781893779,3.090657214548136e-05,0.012315394316802392,5.25,0.0,5.25,0.0
0.02,6.00354310250453,3.6910196339551473,R12,H,0.00017570358341762441,17302.03781893779,7.562493855697808e-07,0.0019264396978542209,5.25,0.0,5.25,0.0
0.02,6.00354310250453,3.6910196339551473,R12,M,0.00016125758935421324,17302.03781893779,3.8037300745580682e-06,0.003333626241762176,5.125,-0.125,5.125,0.0
0.02,6.00354310250453,3.6910196339551473,R12,Z,2.4811489660264745e-05,17302.03781893779,5.560583455640276e-07,0.0011692187621904413,5.1875,-0.0625,5.1875,-0.0625
0.02,6.00354310250453,3.6910196339551473,full,C,0.0021399654128943556,47508.97043902532,3.090657214548136e-05,0.012315394316802392,5.25,0.0,5.25,0.0
0.02,6.00354310250453,3.6910196339551473,full,H,0.00028109024483134927,47508.97043902532,7.562493855697808e-07,0.0019264396978542209,5.25,0.0,5.25,0.0
0.02,6.00354310250453,3.6910196339551473,full,M,0.00019573789218696878,47508.97043902532,3.8037300745580682e-06,0.003333626241762176,5.125,-0.125,5.125,0.0
0.02,6.00354310250453,3.6910196339551473,full,Z,0.0003741697419756274,47508.97043902532,5.560583455640276e-07,0.0011692187621904413,5.1875,-0.0625,5.1875,-0.0625
0.02,6.2537800650126805,3.8408139949451896,R4,C,7.928062912370228e-05,1067.0591823690306,5.059178466445625e-07,0.001143521670080839,3.4375,-0.0625,3.4375,0.0
0.02,6.2537800650126805,3.8408139949451896,R4,H,5.1503699464984933e-05,1067.0591823690306,3.722922296232029e-07,0.0010817052097991109,3.4375,-0.0625,0.0,0.0
0.02,6.2537800650126805,3.8408139949451896,R4,M,1.471758725881536e-05,1067.0591823690306,8.968094856876541e-08,0.00047455470872979536,3.5,-0.0625,3.5,0.0
0.02,6.2537800650126805,3.8408139949451896,R4,Z,2.455428908731055e-06,1067.0591823690306,1.1822447417888047e-08,0.0001765698544352944,3.375,-0.0625,3.375,0.0
0.02,6.2537800650126805,3.8408139949451896,R8,C,0.0007661862809853154,6624.069862948448,5.9618851712330374e-05,0.01732505145055406,5.25,0.0,5.25,0.0
0.02,6.2537800650126805,3.8408139949451896,R8,H,0.0001803708490244722,6624.069862948448,2.084421495300218e-06,0.0032394814770668745,5.25,0.0,5.25,0.0
0.02,6.2537800650126805,3.8408139949451896,R8,M,0.00023133996331728995,6624.069862948448,7.706035550402746e-06,0.004888797794596178,5.125,-0.125,5.375,0.0
0.02,6.2537800650126805,3.8408139949451896,R8,Z,2.4377607073128635e-05,6624.069862948448,1.0179427456618165e-06,0.0016026573498766088,5.1875,-0.0625,5.1875,-0.0625
0.02,6.2537800650126805,3.8408139949451896,R12,C,0.000802367661110111,17278.37700080602,5.9618851712330374e-05,0.01732505145055406,5.25,0.0,5.25,0.0
0.02,6.2537800650126805,3.8408139949451896,R12,H,0.00018873347713337945,17278.37700080602,2.084421495300218e-06,0.0032394814770668745,5.25,0.0,5.25,0.0
0.02,6.2537800650126805,3.8408139949451896,R12,M,0.000239944982683061,17278.37700080602,7.706035550402746e-06,0.004888797794596178,5.125,-0.125,5.375,0.0
0.02,6.2537800650126805,3.8408139949451896,R12,Z,2.8680399774370624e-05,17278.37700080602,1.0179427456618165e-06,0.0016026573498766088,5.1875,-0.0625,5.1875,-0.0625
0.02,6.2537800650126805,3.8408139949451896,full,C,0.0026085023290197272,47485.61896405749,5.9618851712330374e-05,0.01732505145055406,5.25,0.0,5.25,0.0
0.02,6.2537800650126805,3.8408139949451896,full,H,0.00030718589221164877,47485.61896405749,2.084421495300218e-06,0.0032394814770668745,5.25,0.0,5.25,0.0
0.02,6.2537800650126805,3.8408139949451896,full,M,0.000277878985900672,47485.61896405749,7.706035550402746e-06,0.004888797794596178,5.125,-0.125,5.375,0.0
0.02,6.2537800650126805,3.8408139949451896,full,Z,0.00043581294618096896,47485.61896405749,1.0179427456618165e-06,0.0016026573498766088,5.1875,-0.0625,5.1875,-0.0625
0.02,6.5,3.986939311468817,R4,C,8.468223700344013e-05,1066.8749659748246,5.123655655950386e-07,0.0016472409164418878,3.375,-0.0625,0.0,0.0
0.02,6.5,3.986939311468817,R4,H,5.561165048520749e-05,1066.8749659748246,3.8253053277680264e-07,0.0016472319839522243,3.375,-0.0625,0.0,0.0
0.02,6.5,3.986939311468817,R4,M,1.5768329251946893e-05,1066.8749659748246,8.988906813795645e-08,0.00048686711347318244,3.375,-0.0625,3.375,0.0
0.02,6.5,3.986939311468817,R4,Z,2.470792321095865e-06,1066.8749659748246,1.1093037305604689e-08,0.00017259736037949434,3.3125,-0.0625,3.3125,0.0
0.02,6.5,3.986939311468817,R8,C,0.0011642279199545807,6598.971949474686,0.00010725298084593993,0.023527317255240515,5.25,0.0,5.25,0.0
0.02,6.5,3.986939311468817,R8,H,0.00020944443565729294,6598.971949474686,4.872399761391338e-06,0.005014633294194937,5.25,0.0,5.25,0.0
0.02,6.5,3.986939311468817,R8,M,0.00037894588247363816,6598.971949474686,1.4352704228440337e-05,0.007111350569952197,5.125,-0.125,5.375,0.0
0.02,6.5,3.986939311468817,R8,Z,3.0027604893999807e-05,6598.971949474686,1.8335628531835647e-06,0.0021782355629889815,5.1875,-0.0625,5.1875,-0.0625
0.02,6.5,3.986939311468817,R12,C,0.0012023241346360719,17254.31768862426,0.00010725298084593993,0.023527317255240515,5.25,0.0,5.25,0.0
0.02,6.5,3.986939311468817,R12,H,0.00021825438862579168,17254.31768862426,4.872399761391338e-06,0.005014633294194937,5.25,0.0,5.25,0.0
0.02,6.5,3.986939311468817,R12,M,0.0003876948122187137,17254.31768862426,1.4352704228440337e-05,0.007111350569952197,5.125,-0.125,5.375,0.0
0.02,6.5,3.986939311468817,R12,Z,3.4607096962785846e-05,17254.31768862426,1.8335628531835647e-06,0.0021782355629889815,5.1875,-0.0625,5.1875,-0.0625
0.02,6.5,3.986939311468817,full,C,0.0032850020135816722,47461.71769816737,0.00010725298084593993,0.023527317255240515,5.25,0.0,5.25,0.0
0.02,6.5,3.986939311468817,full,H,0.00035072198169995756,47461.71769816737,4.872399761391338e-06,0.005014633294194937,5.25,0.0,5.25,0.0
0.02,6.5,3.986939311468817,full,M,0.0004291440906095778,47461.71769816737,1.4352704228440337e-05,0.007111350569952197,5.125,-0.125,5.375,0.0
0.02,6.5,3.986939311468817,full,Z,0.0005054432197898108,47461.71769816737,1.8335628531835647e-06,0.0021782355629889815,5.1875,-0.0625,5.1875,-0.0625
0.05,0.0,0.0,R4,C,1.3840910029346725e-06,1141.0689141071855,1.1726826281631262e-07,0.00047874771265271176,3.875,-0.125,4.0,0.0
0.05,0.0,0.0,R4,H,1.3537014188740079e-06,1141.0689141071855,1.1540042373202753e-07,0.0004770499945152551,3.875,-0.125,4.0,0.0
0.05,0.0,0.0,R4,M,0.0,1141.0689141071855,0.0,0.0,0.0,-4.0,0.0,-4.0
0.05,0.0,0.0,R4,Z,7.597400312957967e-09,1141.0689141071855,4.669594277178711e-10,2.0141215313484147e-05,3.875,-0.125,4.0,0.0
0.05,0.0,0.0,R8,C,0.0006850460432450883,6867.697340557753,3.911899354771891e-05,0.005980632079563001,5.25,-0.125,5.25,0.0
0.05,0.0,0.0,R8,H,0.0006815194336669424,6867.697340557753,3.9074666148472876e-05,0.005977977998554707,5.25,-0.125,5.25,0.0
0.05,0.0,0.0,R8,M,0.0,6867.697340557753,0.0,0.0,0.0,-8.0,0.0,-8.0
0.05,0.0,0.0,R8,Z,8.816500925019459e-07,6867.697340557753,1.5430093490057476e-08,0.00010646245129491397,5.125,-0.125,5.125,0.0
0.05,0.0,0.0,R12,C,0.0006850460718118196,17565.79789342099,3.911899354771891e-05,0.005980632079563001,5.25,-0.125,5.25,0.0
0.05,0.0,0.0,R12,H,0.0006815194399779816,17565.79789342099,3.9074666148472876e-05,0.005977977998554707,5.25,-0.125,5.25,0.0
0.05,0.0,0.0,R12,M,0.0,17565.79789342099,0.0,0.0,0.0,-12.0,0.0,-12.0
0.05,0.0,0.0,R12,Z,8.816556564248726e-07,17565.79789342099,1.5430093490057476e-08,0.00010646245129491397,5.125,-0.125,5.125,0.0
0.05,0.0,0.0,full,C,0.0006854074260927119,47760.672142924894,3.911899354771891e-05,0.005980632079563001,5.25,-0.125,5.25,0.0
0.05,0.0,0.0,full,H,0.0006818807942574769,47760.672142924894,3.9074666148472876e-05,0.005977977998554707,5.25,-0.125,5.25,0.0
0.05,0.0,0.0,full,M,0.0,47760.672142924894,0.0,0.0,0.0,-16.0,0.0,-16.0
0.05,0.0,0.0,full,Z,8.816556564248726e-07,47760.672142924894,1.5430093490057476e-08,0.00010646245129491397,5.125,-0.125,5.125,0.0
0.05,0.2523972997566433,0.15544558267492425,R4,C,5.941284030296425e-07,1139.961769177296,1.1178983211483997e-08,0.00030853094878947624,4.0,0.0,4.0,0.0
0.05,0.2523972997566433,0.15544558267492425,R4,H,1.0351678406953092e-07,1139.961769177296,8.481975242572352e-09,0.00026488714502193034,4.0,0.0,4.0,0.0
0.05,0.2523972997566433,0.15544558267492425,R4,M,1.3164141234575546e-08,1139.961769177296,4.4198519805234804e-10,3.732196991665351e-05,3.875,-0.0625,4.0,0.0
0.05,0.2523972997566433,0.15544558267492425,R4,Z,1.1746481178777505e-07,1139.961769177296,2.4673600508006336e-09,7.796020951656633e-05,3.9375,-0.125,4.0,0.0
0.05,0.2523972997566433,0.15544558267492425,R8,C,0.0004484436299112696,6871.9509403886,1.4326780016855662e-06,0.0036516956690902267,5.46875,-0.0625,5.40625,0.0
0.05,0.2523972997566433,0.15544558267492425,R8,H,0.0003302914047100134,6871.9509403886,1.3104380694150386e-06,0.003505358239635825,5.34375,-0.21875,5.40625,0.0
0.05,0.2523972997566433,0.15544558267492425,R8,M,3.294528054094139e-05,6871.9509403886,1.0693190919770278e-07,0.0010009598507990775,5.5625,-0.03125,5.5625,0.0
0.05,0.2523972997566433,0.15544558267492425,R8,Z,2.0795999525369068e-05,6871.9509403886,2.8130206756224223e-08,0.0005065050788328338,5.03125,-0.25,5.03125,-0.25
0.05,0.2523972997566433,0.15544558267492425,R12,C,0.00044844436110008385,17565.943550622695,1.4326780016855662e-06,0.0036516956690902267,5.46875,-0.0625,5.40625,0.0
0.05,0.2523972997566433,0.15544558267492425,R12,H,0.00033029156970441995,17565.943550622695,1.3104380694150386e-06,0.003505358239635825,5.34375,-0.21875,5.40625,0.0
0.05,0.2523972997566433,0.15544558267492425,R12,M,3.2945390378957774e-05,17565.943550622695,1.0693190919770278e-07,0.0010009598507990775,5.5625,-0.03125,5.5625,0.0
0.05,0.2523972997566433,0.15544558267492425,R12,Z,2.0796095996427125e-05,17565.943550622695,2.8130206756224223e-08,0.0005065050788328338,5.03125,-0.25,5.03125,-0.25
0.05,0.2523972997566433,0.15544558267492425,full,C,0.00045101645805178676,47760.845144847386,1.4326780016855662e-06,0.0036516956690902267,5.46875,-0.0625,5.40625,0.0
0.05,0.2523972997566433,0.15544558267492425,full,H,0.00033229992266544826,47760.845144847386,1.3104380694150386e-06,0.003505358239635825,5.34375,-0.21875,5.40625,0.0
0.05,0.2523972997566433,0.15544558267492425,full,M,3.343651239769266e-05,47760.845144847386,1.0693190919770278e-07,0.0010009598507990775,5.5625,-0.03125,5.5625,0.0
0.05,0.2523972997566433,0.15544558267492425,full,Z,2.081417394743001e-05,47760.845144847386,2.8130206756224223e-08,0.0005065050788328338,5.03125,-0.25,5.03125,-0.25
0.05,0.5040083690674241,0.3104069767462327,R4,C,5.827315958520932e-07,1131.9545936207971,9.907708754260394e-09,0.00018657388744019286,3.9375,-0.125,4.0,0.0
0.05,0.5040083690674241,0.3104069767462327,R4,H,3.1029563277851275e-08,1131.9545936207971,1.1114068342783075e-09,8.164405153365806e-05,3.9375,-0.5,4.0,0.0
0.05,0.5040083690674241,0.3104069767462327,R4,M,2.9891869268524435e-08,1131.9545936207971,1.12754375595845e-09,5.5381141370868866e-05,3.9375,-0.125,3.9375,0.0
0.05,0.5040083690674241,0.3104069767462327,R4,Z,1.2514447863359265e-07,1131.9545936207971,2.116718199090226e-09,7.949618249391108e-05,3.9375,-0.0625,4.0,0.0
0.05,0.5040083690674241,0.3104069767462327,R8,C,9.493192395588571e-05,6871.7121515755,1.6505253485725104e-06,0.0017278921314160475,5.1875,-0.0625,5.1875,-0.0625
0.05,0.5040083690674241,0.3104069767462327,R8,H,3.207176797232553e-05,6871.7121515755,1.472633880463607e-06,0.0016321231378242373,5.1875,-0.0625,5.1875,-0.0625
0.05,0.5040083690674241,0.3104069767462327,R8,M,1.4927401964365713e-05,6871.7121515755,2.543310985939201e-07,0.0006802318554178993,5.375,-0.125,5.375,-0.125
0.05,0.5040083690674241,0.3104069767462327,R8,Z,1.0547005014530294e-05,6871.7121515755,3.345617470505376e-08,0.00025351365465107475,4.8125,-0.3125,4.8125,-0.3125
0.05,0.5040083690674241,0.3104069767462327,R12,C,9.493489071365502e-05,17565.736638774568,1.6505253485725104e-06,0.0017278921314160475,5.1875,-0.0625,5.1875,-0.0625
0.05,0.5040083690674241,0.3104069767462327,R12,H,3.207281779491343e-05,17565.736638774568,1.472633880463607e-06,0.0016321231378242373,5.1875,-0.0625,5.1875,-0.0625
0.05,0.5040083690674241,0.3104069767462327,R12,M,1.4927927421446917e-05,17565.736638774568,2.543310985939201e-07,0.0006802318554178993,5.375,-0.125,5.375,-0.125
0.05,0.5040083690674241,0.3104069767462327,R12,Z,1.0547262356280585e-05,17565.736638774568,3.345617470505376e-08,0.00025351365465107475,4.8125,-0.3125,4.8125,-0.3125
0.05,0.5040083690674241,0.3104069767462327,full,C,0.00010130485067111516,47760.71965067654,1.6505253485725104e-06,0.0017278921314160475,5.1875,-0.0625,5.1875,-0.0625
0.05,0.5040083690674241,0.3104069767462327,full,H,3.665504912870065e-05,47760.71965067654,1.472633880463607e-06,0.0016321231378242373,5.1875,-0.0625,5.1875,-0.0625
0.05,0.5040083690674241,0.3104069767462327,full,M,1.614297928478809e-05,47760.71965067654,2.543310985939201e-07,0.0006802318554178993,5.375,-0.125,5.375,-0.125
0.05,0.5040083690674241,0.3104069767462327,full,Z,1.0689804036834053e-05,47760.71965067654,3.345617470505376e-08,0.00025351365465107475,4.8125,-0.3125,4.8125,-0.3125
0.05,0.7515878864765001,0.46288561198779665,R4,C,7.233705245903371e-07,1121.4971863519836,1.3362834104299912e-08,0.00019536867832051878,3.9375,-0.0625,4.0,0.0
0.05,0.7515878864765001,0.46288561198779665,R4,H,9.311070972156266e-09,1121.4971863519836,1.7876649023642448e-10,2.3289681848837063e-05,3.9375,-0.125,3.9375,0.0
0.05,0.7515878864765001,0.46288561198779665,R4,M,4.0402628117635315e-08,1121.4971863519836,9.114280699459827e-10,4.533850381844246e-05,3.9375,-0.0625,3.9375,-0.0625
0.05,0.7515878864765001,0.46288561198779665,R4,Z,1.59472661430412e-07,1121.4971863519836,2.9068211415658188e-09,9.352036670240134e-05,3.9375,0.0625,4.0,0.0
0.05,0.7515878864765001,0.46288561198779665,R8,C,6.433298370179935e-05,6871.947294818308,6.107549601174502e-07,0.0012282182102740604,5.125,-0.125,5.125,0.0
0.05,0.7515878864765001,0.46288561198779665,R8,H,1.6860371501161415e-05,6871.947294818308,3.1809407757212933e-07,0.0010055953171104193,5.125,0.0,5.125,0.0
0.05,0.7515878864765001,0.46288561198779665,R8,M,1.9723389403039078e-05,6871.947294818308,2.82943153068651e-07,0.0006744549561351934,5.0625,-0.125,5.0625,-0.125
0.05,0.7515878864765001,0.46288561198779665,R8,Z,4.89492377610946e-06,6871.947294818308,1.0951383199484347e-08,0.00013935303359253912,4.75,-0.375,4.75,-0.375
0.05,0.7515878864765001,0.46288561198779665,R12,C,6.433929760913961e-05,17565.923675899834,6.107549601174502e-07,0.0012282182102740604,5.125,-0.125,5.125,0.0
0.05,0.7515878864765001,0.46288561198779665,R12,H,1.6863002566632454e-05,17565.923675899834,3.1809407757212933e-07,0.0010055953171104193,5.125,0.0,5.125,0.0
0.05,0.7515878864765001,0.46288561198779665,R12,M,1.9724253268212737e-05,17565.923675899834,2.82943153068651e-07,0.0006744549561351934,5.0625,-0.125,5.0625,-0.125
0.05,0.7515878864765001,0.46288561198779665,R12,Z,4.895329432763144e-06,17565.923675899834,1.0951383199484347e-08,0.00013935303359253912,4.75,-0.375,4.75,-0.375
0.05,0.7515878864765001,0.46288561198779665,full,C,7.441646365295194e-05,47761.039186756454,6.107549601174502e-07,0.0012282182102740604,5.125,-0.125,5.125,0.0
0.05,0.7515878864765001,0.46288561198779665,full,H,2.3254973815247222e-05,47761.039186756454,3.1809407757212933e-07,0.0010055953171104193,5.125,0.0,5.125,0.0
0.05,0.7515878864765001,0.46288561198779665,full,M,2.153720222605156e-05,47761.039186756454,2.82943153068651e-07,0.0006744549561351934,5.0625,-0.125,5.0625,-0.125
0.05,0.7515878864765001,0.46288561198779665,full,Z,5.361418579289127e-06,47761.039186756454,1.0951383199484347e-08,0.00013935303359253912,4.75,-0.375,4.75,-0.375
0.05,1.00196462378649,0.617087547246452,R4,C,8.231411237359347e-07,1110.5061315481657,9.399134551506279e-09,0.00014865194664769553,3.8125,-0.0625,3.8125,-0.0625
0.05,1.00196462378649,0.617087547246452,R4,H,6.8580660943993574e-09,1110.5061315481657,1.2142826721634596e-10,1.663901457504835e-05,3.9375,-0.375,3.9375,-0.375
0.05,1.00196462378649,0.617087547246452,R4,M,5.943472108139276e-08,1110.5061315481657,9.756278961200885e-10,7.092513193007653e-05,3.9375,-0.4375,4.0,0.0
0.05,1.00196462378649,0.617087547246452,R4,Z,1.7711610400855423e-07,1110.5061315481657,2.075499400568884e-09,7.03073705431057e-05,3.8125,-0.0625,3.8125,0.0
0.05,1.00196462378649,0.617087547246452,R8,C,5.7324910037427755e-05,6872.765627581504,5.130516199583738e-07,0.0008852072803140688,5.0,-0.0625,5.0,-0.0625
0.05,1.00196462378649,0.617087547246452,R8,H,1.5406297763326736e-05,6872.765627581504,2.972231565905799e-07,0.000678184675052762,4.9375,-0.0625,4.9375,-0.0625
0.05,1.00196462378649,0.617087547246452,R8,M,1.0700286454654494e-05,6872.765627581504,1.5100022097639438e-07,0.00048023436772871294,5.0,-0.0625,5.0,-0.0625
0.05,1.00196462378649,0.617087547246452,R8,Z,5.924570647870798e-06,6872.765627581504,4.21216336717234e-08,0.0002512845299369433,5.4375,-0.125,5.4375,-0.125
0.05,1.00196462378649,0.617087547246452,R12,C,5.733685971401899e-05,17566.425746935758,5.130516199583738e-07,0.0008852072803140688,5.0,-0.0625,5.0,-0.0625
0.05,1.00196462378649,0.617087547246452,R12,H,1.5409998464516654e-05,17566.425746935758,2.972231565905799e-07,0.000678184675052762,4.9375,-0.0625,4.9375,-0.0625
0.05,1.00196462378649,0.617087547246452,R12,M,1.0701156858680702e-05,17566.425746935758,1.5100022097639438e-07,0.00048023436772871294,5.0,-0.0625,5.0,-0.0625
0.05,1.00196462378649,0.617087547246452,R12,Z,5.925604556497939e-06,17566.425746935758,4.21216336717234e-08,0.0002512845299369433,5.4375,-0.125,5.4375,-0.125
0.05,1.00196462378649,0.617087547246452,full,C,7.220427041770796e-05,47761.727626084314,5.130516199583738e-07,0.0008852072803140688,5.0,-0.0625,5.0,-0.0625
0.05,1.00196462378649,0.617087547246452,full,H,2.3472291813402593e-05,47761.727626084314,2.972231565905799e-07,0.000678184675052762,4.9375,-0.0625,4.9375,-0.0625
0.05,1.00196462378649,0.617087547246452,full,M,1.3147186402192424e-05,47761.727626084314,1.5100022097639438e-07,0.00048023436772871294,5.0,-0.0625,5.0,-0.0625
0.05,1.00196462378649,0.617087547246452,full,Z,7.010996194552787e-06,47761.727626084314,4.21216336717234e-08,0.0002512845299369433,5.4375,-0.125,5.4375,-0.125
0.05,1.2559826463308477,0.7735333621509705,R4,C,6.638717352736684e-07,1100.9704151035737,1.1283486855906582e-08,0.00017177662048189663,3.9375,-0.0625,4.0,0.0
0.05,1.2559826463308477,0.7735333621509705,R4,H,4.845522224955044e-08,1100.9704151035737,1.3346636173369748e-09,5.662647890858352e-05,3.875,-0.8125,3.875,-0.8125
0.05,1.2559826463308477,0.7735333621509705,R4,M,8.200113455704284e-08,1100.9704151035737,1.2674956935396738e-09,5.578146745184119e-05,3.9375,-0.0625,4.0,0.0
0.05,1.2559826463308477,0.7735333621509705,R4,Z,1.1694576883791841e-07,1100.9704151035737,2.1689996976798508e-09,7.541842913220745e-05,3.9375,-0.0625,4.0,0.0
0.05,1.2559826463308477,0.7735333621509705,R8,C,7.612603261621246e-05,6873.902154475657,5.114354350543668e-07,0.0008683848461916812,5.0625,-0.0625,5.0625,-0.0625
0.05,1.2559826463308477,0.7735333621509705,R8,H,1.5629232661646326e-05,6873.902154475657,2.2607252974127175e-07,0.0005778405466116965,5.0625,-0.0625,4.875,-0.125
0.05,1.2559826463308477,0.7735333621509705,R8,M,9.814882579376637e-06,6873.902154475657,1.2993238766074502e-07,0.0004592950297718759,5.125,-0.0625,4.875,0.0
0.05,1.2559826463308477,0.7735333621509705,R8,Z,1.1399495875502402e-05,6873.902154475657,7.412580377109712e-08,0.0003313382798787648,5.4375,-0.25,5.4375,-0.25
0.05,1.2559826463308477,0.7735333621509705,R12,C,7.615296372890003e-05,17566.663943975316,5.114354350543668e-07,0.0008683848461916812,5.0625,-0.0625,5.0625,-0.0625
0.05,1.2559826463308477,0.7735333621509705,R12,H,1.5632865874486307e-05,17566.663943975316,2.2607252974127175e-07,0.0005778405466116965,5.0625,-0.0625,4.875,-0.125
0.05,1.2559826463308477,0.7735333621509705,R12,M,9.816703451495238e-06,17566.663943975316,1.2993238766074502e-07,0.0004592950297718759,5.125,-0.0625,4.875,0.0
0.05,1.2559826463308477,0.7735333621509705,R12,Z,1.1403555579631641e-05,17566.663943975316,7.412580377109712e-08,0.0003313382798787648,5.4375,-0.25,5.4375,-0.25
0.05,1.2559826463308477,0.7735333621509705,full,C,9.758884738432601e-05,47762.208096007314,5.114354350543668e-07,0.0008683848461916812,5.0625,-0.0625,5.0625,-0.0625
0.05,1.2559826463308477,0.7735333621509705,full,H,2.5507880909164154e-05,47762.208096007314,2.2607252974127175e-07,0.0005778405466116965,5.0625,-0.0625,4.875,-0.125
0.05,1.2559826463308477,0.7735333621509705,full,M,1.289794556047207e-05,47762.208096007314,1.2993238766074502e-07,0.0004592950297718759,5.125,-0.0625,4.875,0.0
0.05,1.2559826463308477,0.7735333621509705,full,Z,1.3515197205751073e-05,47762.208096007314,7.412580377109712e-08,0.0003313382798787648,5.4375,-0.25,5.4375,-0.25
0.05,1.5020099011546935,0.9250601262858507,R4,C,1.0367349960058603e-06,1094.1349999557897,9.946047630714395e-09,0.00014726433351027013,3.875,-0.0625,3.875,-0.0625
0.05,1.5020099011546935,0.9250601262858507,R4,H,6.996091768370264e-08,1094.1349999557897,1.3776837156242232e-09,6.024626418366097e-05,3.6875,-1.125,3.6875,-1.125
0.05,1.5020099011546935,0.9250601262858507,R4,M,1.0338811053954511e-07,1094.1349999557897,1.7487121262985606e-09,7.865496598306271e-05,3.9375,-0.0625,4.0,0.0
0.05,1.5020099011546935,0.9250601262858507,R4,Z,1.9514930573475025e-07,1094.1349999557897,1.901076004624655e-09,6.639029050162503e-05,3.8125,-0.0625,3.75,0.0
0.05,1.5020099011546935,0.9250601262858507,R8,C,9.444068557651838e-05,6874.882516668383,5.498126445954745e-07,0.0009602040918157627,5.0,-0.125,5.0,0.0
0.05,1.5020099011546935,0.9250601262858507,R8,H,1.589376435470464e-05,6874.882516668383,1.7993495921778968e-07,0.0006251594750210643,5.0,-0.125,5.0,0.0
0.05,1.5020099011546935,0.9250601262858507,R8,M,1.2288389859122829e-05,6874.882516668383,1.6017661043624776e-07,0.0004859211043493189,5.0625,-0.125,5.0625,-0.125
0.05,1.5020099011546935,0.9250601262858507,R8,Z,1.5672420244374335e-05,6874.882516668383,7.146366037857377e-08,0.00032547117234717215,5.5625,-0.1875,5.5625,-0.25
0.05,1.5020099011546935,0.9250601262858507,R12,C,9.451205866724186e-05,17565.86794153179,5.498126445954745e-07,0.0009602040918157627,5.0,-0.125,5.0,0.0
0.05,1.5020099011546935,0.9250601262858507,R12,H,1.5899579692291905e-05,17565.86794153179,1.7993495921778968e-07,0.0006251594750210643,5.0,-0.125,5.0,0.0
0.05,1.5020099011546935,0.9250601262858507,R12,M,1.2295083271594852e-05,17565.86794153179,1.6017661043624776e-07,0.0004859211043493189,5.0625,-0.125,5.0625,-0.125
0.05,1.5020099011546935,0.9250601262858507,R12,Z,1.5685459062588313e-05,17565.86794153179,7.146366037857377e-08,0.00032547117234717215,5.5625,-0.1875,5.5625,-0.25
0.05,1.5020099011546935,0.9250601262858507,full,C,0.0001243254236366988,47761.69728619914,5.498126445954745e-07,0.0009602040918157627,5.0,-0.125,5.0,0.0
0.05,1.5020099011546935,0.9250601262858507,full,H,2.7603991712590886e-05,47761.69728619914,1.7993495921778968e-07,0.0006251594750210643,5.0,-0.125,5.0,0.0
0.05,1.5020099011546935,0.9250601262858507,full,M,1.600825933931241e-05,47761.69728619914,1.6017661043624776e-07,0.0004859211043493189,5.0625,-0.125,5.0625,-0.125
0.05,1.5020099011546935,0.9250601262858507,full,Z,1.927071616731749e-05,47761.69728619914,7.146366037857377e-08,0.00032547117234717215,5.5625,-0.1875,5.5625,-0.25
0.05,1.756742750083472,1.081952733562229,R4,C,1.1267129280769619e-06,1089.136155031416,7.62218381730294e-09,0.00013287773762537175,3.875,-0.0625,3.875,0.0
0.05,1.756742750083472,1.081952733562229,R4,H,9.048473342514756e-08,1089.136155031416,1.0679670231796088e-09,5.474306090036407e-05,3.625,-1.5,3.625,-1.5
0.05,1.756742750083472,1.081952733562229,R4,M,1.2874759773158056e-07,1089.136155031416,2.0128089113895146e-09,6.50514898114116e-05,3.9375,-0.1875,3.9375,-0.1875
0.05,1.756742750083472,1.081952733562229,R4,Z,2.0280749097135166e-07,1089.136155031416,1.3437245277026147e-09,5.555478047033054e-05,3.75,-0.0625,3.75,0.0
0.05,1.756742750083472,1.081952733562229,R8,C,0.00010282606415154955,6875.420429333486,5.955762828409483e-07,0.0009504029372275436,4.9375,-0.0625,4.9375,-0.0625
0.05,1.756742750083472,1.081952733562229,R8,H,1.8473414698138785e-05,6875.420429333486,2.4378168132728616e-07,0.0006080504390411079,4.9375,-0.0625,4.9375,-0.0625
0.05,1.756742750083472,1.081952733562229,R8,M,1.3913554441657222e-05,6875.420429333486,1.7366900660914294e-07,0.0005132160531751603,4.9375,-0.0625,4.9375,-0.0625
0.05,1.756742750083472,1.081952733562229,R8,Z,1.668744138363878e-05,6875.420429333486,5.334224568106771e-08,0.00028568689667860805,5.625,-0.3125,5.0,-0.3125
0.05,1.756742750083472,1.081952733562229,R12,C,0.00010302570801043492,17563.31359937592,5.955762828409483e-07,0.0009504029372275436,4.9375,-0.0625,4.9375,-0.0625
0.05,1.756742750083472,1.081952733562229,R12,H,1.8502922634101464e-05,17563.31359937592,2.4378168132728616e-07,0.0006080504390411079,4.9375,-0.0625,4.9375,-0.0625
0.05,1.756742750083472,1.081952733562229,R12,M,1.3943754223654641e-05,17563.31359937592,1.7366900660914294e-07,0.0005132160531751603,4.9375,-0.0625,4.9375,-0.0625
0.05,1.756742750083472,1.081952733562229,R12,Z,1.671876557832617e-05,17563.31359937592,5.334224568106771e-08,0.00028568689667860805,5.625,-0.3125,5.0,-0.3125
0.05,1.756742750083472,1.081952733562229,full,C,0.0001439576424833517,47759.48996836572,5.955762828409483e-07,0.0009504029372275436,4.9375,-0.0625,4.9375,-0.0625
0.05,1.756742750083472,1.081952733562229,full,H,3.213354215397811e-05,47759.48996836572,2.4378168132728616e-07,0.0006080504390411079,4.9375,-0.0625,4.9375,-0.0625
0.05,1.756742750083472,1.081952733562229,full,M,1.8333291657912284e-05,47759.48996836572,1.7366900660914294e-07,0.0005132160531751603,4.9375,-0.0625,4.9375,-0.0625
0.05,1.756742750083472,1.081952733562229,full,Z,2.2425383164497617e-05,47759.48996836572,5.334224568106771e-08,0.00028568689667860805,5.625,-0.3125,5.0,-0.3125
0.05,2.004133024344186,1.2343291572285904,R4,C,1.1495660420785465e-06,1085.6717602560711,7.553017087109656e-09,0.00012991966873289478,3.8125,-0.0625,3.75,0.0
0.05,2.004133024344186,1.2343291572285904,R4,H,1.0833349667768983e-07,1085.6717602560711,8.628203120381894e-10,6.317438965197653e-05,3.5,-1.8125,4.0,0.0
0.05,2.004133024344186,1.2343291572285904,R4,M,1.5504580129388474e-07,1085.6717602560711,1.5336661931465652e-09,5.7609270965953326e-05,3.875,-0.375,3.875,-0.375
0.05,2.004133024344186,1.2343291572285904,R4,Z,1.959990385632364e-07,1085.6717602560711,1.299314120098927e-09,5.437942720130895e-05,3.75,-0.0625,3.75,0.0
0.05,2.004133024344186,1.2343291572285904,R8,C,0.00010501120954967034,6875.166611649391,4.872773656307661e-07,0.0009141560618892343,4.875,-0.125,4.875,0.0
0.05,2.004133024344186,1.2343291572285904,R8,H,2.1527287141300407e-05,6875.166611649391,2.1234662935509193e-07,0.0006146379746496677,4.5625,-0.0625,4.8125,0.0
0.05,2.004133024344186,1.2343291572285904,R8,M,1.5935694531171553e-05,6875.166611649391,1.5657379274530127e-07,0.0005211370677798611,4.875,-0.125,4.875,0.0
0.05,2.004133024344186,1.2343291572285904,R8,Z,1.568850616404752e-05,6875.166611649391,3.719342520594047e-08,0.00024261254839681511,4.9375,-0.375,4.9375,-0.375
0.05,2.004133024344186,1.2343291572285904,R12,C,0.00010662908408028132,17558.791188522457,4.872773656307661e-07,0.0009141560618892343,4.875,-0.125,4.875,0.0
0.05,2.004133024344186,1.2343291572285904,R12,H,2.175461802030746e-05,17558.791188522457,2.1234662935509193e-07,0.0006146379746496677,4.5625,-0.0625,4.8125,0.0
0.05,2.004133024344186,1.2343291572285904,R12,M,1.601262980637891e-05,17558.791188522457,1.5657379274530127e-07,0.0005211370677798611,4.875,-0.125,4.875,0.0
0.05,2.004133024344186,1.2343291572285904,R12,Z,1.6008463041617083e-05,17558.791188522457,3.719342520594047e-08,0.00024261254839681511,4.9375,-0.375,4.9375,-0.375
0.05,2.004133024344186,1.2343291572285904,full,C,0.00016126039727286156,47755.35430187051,4.872773656307661e-07,0.0009141560618892343,4.875,-0.125,4.875,0.0
0.05,2.004133024344186,1.2343291572285904,full,H,3.736218780289474e-05,47755.35430187051,2.1234662935509193e-07,0.0006146379746496677,4.5625,-0.0625,4.8125,0.0
0.05,2.004133024344186,1.2343291572285904,full,M,2.1093865269275815e-05,47755.35430187051,1.5657379274530127e-07,0.0005211370677798611,4.875,-0.125,4.875,0.0
0.05,2.004133024344186,1.2343291572285904,full,Z,2.4463018120814575e-05,47755.35430187051,3.719342520594047e-08,0.00024261254839681511,4.9375,-0.375,4.9375,-0.375
0.05,2.2528141345160866,1.3875093519656987,R4,C,1.2071982243022177e-06,1083.05766807638,7.862602349795766e-09,0.00021739824920877487,3.6875,-0.0625,4.0,0.0
0.05,2.2528141345160866,1.3875093519656987,R4,H,1.712793589884806e-07,1083.05766807638,4.9502953513977635e-09,0.0001843567588366568,3.9375,-0.125,4.0,0.0
0.05,2.2528141345160866,1.3875093519656987,R4,M,1.511854798547829e-07,1083.05766807638,1.2695174161980464e-09,6.297797686648522e-05,3.75,-0.4375,4.0,0.0
0.05,2.2528141345160866,1.3875093519656987,R4,Z,1.9684904440159218e-07,1083.05766807638,1.4513245930031841e-09,5.8103024967237915e-05,3.6875,-0.0625,3.6875,0.0
0.05,2.2528141345160866,1.3875093519656987,R8,C,0.00010932596932004635,6873.555031003895,5.10241024480317e-07,0.0009100562400345915,4.75,-0.0625,4.75,-0.0625
0.05,2.2528141345160866,1.3875093519656987,R8,H,2.6035175542401552e-05,6873.555031003895,2.681152263130679e-07,0.0006596921011805534,4.75,-0.0625,4.75,-0.0625
0.05,2.2528141345160866,1.3875093519656987,R8,M,1.86714504690509e-05,6873.555031003895,1.530654941159407e-07,0.0004948284417784079,4.8125,-0.0625,4.8125,-0.0625
0.05,2.2528141345160866,1.3875093519656987,R8,Z,1.4615993073617793e-05,6873.555031003895,7.64656236473058e-08,0.0003827790796651434,8.0,0.0,8.0,0.0
0.05,2.2528141345160866,1.3875093519656987,R12,C,0.00012821037072368026,17552.144918803067,7.87563928301595e-07,0.0009100562400345915,8.0,-0.125,4.75,-0.0625
0.05,2.2528141345160866,1.3875093519656987,R12,H,2.887653309994502e-05,17552.144918803067,2.681152263130679e-07,0.0006596921011805534,4.75,-0.0625,4.75,-0.0625
0.05,2.2528141345160866,1.3875093519656987,R12,M,2.246953754728936e-05,17552.144918803067,1.7788418944439907e-07,0.0004948284417784079,8.0,-0.75,4.8125,-0.0625
0.05,2.2528141345160866,1.3875093519656987,R12,Z,1.7428767950140948e-05,17552.144918803067,1.4716150611910177e-07,0.0003827790796651434,8.0,-0.125,8.0,0.0
0.05,2.2528141345160866,1.3875093519656987,full,C,0.0001999553799419482,47749.145636505724,7.87563928301595e-07,0.0009100562400345915,8.0,-0.125,4.75,-0.0625
0.05,2.2528141345160866,1.3875093519656987,full,H,4.6577977336248286e-05,47749.145636505724,2.681152263130679e-07,0.0006596921011805534,4.75,-0.0625,4.75,-0.0625
0.05,2.2528141345160866,1.3875093519656987,full,M,2.8296141690591675e-05,47749.145636505724,1.7788418944439907e-07,0.0004948284417784079,8.0,-0.75,4.8125,-0.0625
0.05,2.2528141345160866,1.3875093519656987,full,Z,2.9439464462117893e-05,47749.145636505724,1.4716150611910177e-07,0.0003827790796651434,8.0,-0.125,8.0,0.0
0.05,2.500252815432,1.539935759618639,R4,C,1.7402422176703269e-06,1080.958588014692,3.6341238002732843e-08,0.0003827227004810717,3.9375,-0.0625,4.0,0.0
0.05,2.500252815432,1.539935759618639,R4,H,4.5486557070938064e-07,1080.958588014692,2.273080915730772e-08,0.00028173549799248576,3.9375,-0.0625,4.0,0.0
0.05,2.500252815432,1.539935759618639,R4,M,1.9971297370888753e-07,1080.958588014692,4.486421605830381e-09,0.0001416525231391958,3.9375,-0.0625,4.0,0.0
0.05,2.500252815432,1.539935759618639,R4,Z,2.4661100665382426e-07,1080.958588014692,2.1854584961354704e-09,0.00010421557236932708,3.9375,-0.0625,4.0,0.0
0.05,2.500252815432,1.539935759618639,R8,C,0.00012764015722942023,6869.76928922538,4.635567895458286e-07,0.0009422514298693807,4.6875,-0.0625,4.6875,0.0
0.05,2.500252815432,1.539935759618639,R8,H,3.375037336485792e-05,6869.76928922538,2.5327338122652596e-07,0.0007101883529685438,4.6875,-0.125,4.6875,0.0
0.05,2.500252815432,1.539935759618639,R8,M,2.7702609784272542e-05,6869.76928922538,2.530024028227305e-07,0.0006940784166485157,7.9375,-0.5,7.9375,-0.5
0.05,2.500252815432,1.539935759618639,R8,Z,1.4579450758097772e-05,6869.76928922538,2.9891253950411245e-08,0.00023784883791065406,7.875,-0.0625,7.875,0.0
0.05,2.500252815432,1.539935759618639,R12,C,0.00018420142988141263,17543.555232176303,1.2800092439694084e-06,0.00119456587821156,8.25,-0.125,8.0,-0.875
0.05,2.500252815432,1.539935759618639,R12,H,4.625975250808373e-05,17543.555232176303,4.6402342514626383e-07,0.0007101883529685438,8.0,-1.5,4.6875,0.0
0.05,2.500252815432,1.539935759618639,R12,M,4.465538491232312e-05,17543.555232176303,8.704889013493191e-07,0.0010929144073678668,8.0,-0.875,8.0,-0.8125
0.05,2.500252815432,1.539935759618639,R12,Z,2.1099964695223406e-05,17543.555232176303,3.0260019201406597e-07,0.0003824496720986383,8.25,-0.125,8.25,0.0
0.05,2.500252815432,1.539935759618639,full,C,0.0002768522451142014,47741.039351821404,1.2800092439694084e-06,0.00119456587821156,8.25,-0.125,8.0,-0.875
0.05,2.500252815432,1.539935759618639,full,H,6.61996600245296e-05,47741.039351821404,4.6402342514626383e-07,0.0007101883529685438,8.0,-1.5,4.6875,0.0
0.05,2.500252815432,1.539935759618639,full,M,5.12812211781711e-05,47741.039351821404,8.704889013493191e-07,0.0010929144073678668,8.0,-0.875,8.0,-0.8125
0.05,2.500252815432,1.539935759618639,full,Z,3.756213573743788e-05,47741.039351821404,3.0260019201406597e-07,0.0003824496720986383,8.25,-0.125,8.25,0.0
0.05,2.7526266938964365,1.6954172569727042,R4,C,3.333565730533044e-06,1079.0858408129832,8.16309765365007e-08,0.0004377398063550189,3.9375,-0.0625,4.0,0.0
0.05,2.7526266938964365,1.6954172569727042,R4,H,1.1292439441083631e-06,1079.0858408129832,3.9636622166906755e-08,0.0002980681892950088,3.9375,-0.0625,3.9375,0.0
0.05,2.7526266938964365,1.6954172569727042,R4,M,4.368217796502751e-07,1079.0858408129832,1.1625476550959217e-08,0.0001583390573118589,3.9375,-0.125,3.9375,0.0
0.05,2.7526266938964365,1.6954172569727042,R4,Z,4.018913807248454e-07,1079.0858408129832,6.77402078416055e-09,0.00014265470531580867,3.9375,-0.0625,4.0,0.0
0.05,2.7526266938964365,1.6954172569727042,R8,C,0.00015516742396194972,6863.446330418924,7.721707045794833e-07,0.0012148883000406231,7.875,-0.9375,7.875,-0.9375
0.05,2.7526266938964365,1.6954172569727042,R8,H,4.290781945801011e-05,6863.446330418924,2.8563407408082934e-07,0.0006995290168561041,4.625,-0.0625,4.625,-0.0625
0.05,2.7526266938964365,1.6954172569727042,R8,M,4.327781362316639e-05,6863.446330418924,6.636138570161827e-07,0.001126256763816468,7.875,-0.9375,7.875,-0.9375
0.05,2.7526266938964365,1.6954172569727042,R8,Z,1.4941099093251394e-05,6863.446330418924,2.6055139210498525e-08,0.00021066273250763335,6.125,-0.0625,7.875,0.0
0.05,2.7526266938964365,1.6954172569727042,R12,C,0.00022219304062795017,17532.998318574886,1.2360587302669229e-06,0.0013022634493330275,8.0,-1.625,7.9375,-1.3125
0.05,2.7526266938964365,1.6954172569727042,R12,H,6.517402274353047e-05,17532.998318574886,7.382007578465672e-07,0.0008540844428353012,8.0,-1.625,8.0,-1.625
0.05,2.7526266938964365,1.6954172569727042,R12,M,6.324566603154015e-05,17532.998318574886,6.894857534670251e-07,0.0011585316396317813,7.9375,-1.3125,7.9375,-1.3125
0.05,2.7526266938964365,1.6954172569727042,R12,Z,2.087909124348391e-05,17532.998318574886,1.5620485226992588e-07,0.00027456650428401327,8.5,-0.125,8.5,0.0
0.05,2.7526266938964365,1.6954172569727042,full,C,0.0003407413933441366,47731.02430001228,1.2360587302669229e-06,0.0013022634493330275,8.0,-1.625,7.9375,-1.3125
0.05,2.7526266938964365,1.6954172569727042,full,H,8.757418988266248e-05,47731.02430001228,7.382007578465672e-07,0.0008540844428353012,8.0,-1.625,8.0,-1.625
0.05,2.7526266938964365,1.6954172569727042,full,M,7.076167153969334e-05,47731.02430001228,6.894857534670251e-07,0.0011585316396317813,7.9375,-1.3125,7.9375,-1.3125
0.05,2.7526266938964365,1.6954172569727042,full,Z,4.295834510616519e-05,47731.02430001228,1.5620485226992588e-07,0.00027456650428401327,8.5,-0.125,8.5,0.0
0.05,3.0029228142532425,1.8496363382389565,R4,C,5.402734685341263e-06,1077.3506024793949,8.43368421200534e-08,0.00042807471612073175,3.875,-0.0625,3.875,-0.0625
0.05,3.0029228142532425,1.8496363382389565,R4,H,1.7209250340014311e-06,1077.3506024793949,3.581169184929055e-08,0.00027894804952666163,3.875,-0.0625,3.875,-0.0625
0.05,3.0029228142532425,1.8496363382389565,R4,M,7.475046706292633e-07,1077.3506024793949,1.1651516300979253e-08,0.00015937239343359442,3.9375,-0.375,3.875,-0.25
0.05,3.0029228142532425,1.8496363382389565,R4,Z,6.533330347887849e-07,1077.3506024793949,1.041165958726656e-08,0.00014963279233733847,3.9375,-0.0625,3.9375,0.0
0.05,3.0029228142532425,1.8496363382389565,R8,C,0.0001763267520175195,6855.029785545849,6.585286322408728e-07,0.001127471906646112,7.8125,-1.3125,7.8125,-1.3125
0.05,3.0029228142532425,1.8496363382389565,R8,H,5.2906929570374225e-05,6855.029785545849,2.9984133566121704e-07,0.0007461769273504615,4.5,-0.0625,4.5,0.0
0.05,3.0029228142532425,1.8496363382389565,R8,M,5.272251219924315e-05,6855.029785545849,5.110200410446652e-07,0.00099320149443094,7.8125,-1.3125,7.8125,-1.3125
0.05,3.0029228142532425,1.8496363382389565,R8,Z,1.5079432017982399e-05,6855.029785545849,2.5844308662121167e-08,0.00021364195521260342,6.25,-0.0625,7.75,0.0
0.05,3.0029228142532425,1.8496363382389565,R12,C,0.00022539698197454218,17521.008593633727,6.88904900673192e-07,0.001127471906646112,8.0,-2.125,7.8125,-1.3125
0.05,3.0029228142532425,1.8496363382389565,R12,H,7.563163225109562e-05,17521.008593633727,5.355050335586283e-07,0.0007461769273504615,8.25,-2.125,4.5,0.0
0.05,3.0029228142532425,1.8496363382389565,R12,M,6.872775731798032e-05,17521.008593633727,5.110200410446652e-07,0.00099320149443094,7.8125,-1.3125,7.8125,-1.3125
0.05,3.0029228142532425,1.8496363382389565,R12,Z,1.752610444965796e-05,17521.008593633727,3.234573141159578e-08,0.00021364195521260342,8.5,-1.375,7.75,0.0
0.05,3.0029228142532425,1.8496363382389565,full,C,0.000374855764098129,47719.62029720475,6.88904900673192e-07,0.001127471906646112,8.0,-2.125,7.8125,-1.3125
0.05,3.0029228142532425,1.8496363382389565,full,H,0.00010069776587796886,47719.62029720475,5.355050335586283e-07,0.0007461769273504615,8.25,-2.125,4.5,0.0
0.05,3.0029228142532425,1.8496363382389565,full,M,7.720858055315162e-05,47719.62029720475,5.110200410446652e-07,0.00099320149443094,7.8125,-1.3125,7.8125,-1.3125
0.05,3.0029228142532425,1.8496363382389565,full,Z,4.640120395717831e-05,47719.62029720475,3.234573141159578e-08,0.00021364195521260342,8.5,-1.375,7.75,0.0
0.05,3.2513265386933035,2.0027084550926633,R4,C,7.137889175472725e-06,1075.6834805715387,7.665700015602257e-08,0.0005185637254718565,3.8125,-0.0625,4.0,0.0
0.05,3.2513265386933035,2.0027084550926633,R4,H,1.954832548522597e-06,1075.6834805715387,3.2133854569364603e-08,0.0004058554768562317,3.75,-0.0625,4.0,0.0
0.05,3.2513265386933035,2.0027084550926633,R4,M,9.721485603730824e-07,1075.6834805715387,1.1003736691649796e-08,0.0001879621959221091,3.8125,-0.3125,4.0,0.0
0.05,3.2513265386933035,2.0027084550926633,R4,Z,9.180322132189955e-07,1075.6834805715387,1.0593417093696548e-08,0.0001528019388644007,3.875,-0.0625,3.875,0.0
0.05,3.2513265386933035,2.0027084550926633,R8,C,0.00019036522850436876,6844.868184912537,5.284368453530467e-07,0.0010050949124466154,7.6875,-1.3125,7.6875,-1.3125
0.05,3.2513265386933035,2.0027084550926633,R8,H,6.145855342514986e-05,6844.868184912537,3.263024944437796e-07,0.0007872026180848479,4.4375,-0.0625,4.4375,0.0
0.05,3.2513265386933035,2.0027084550926633,R8,M,5.662635016295807e-05,6844.868184912537,4.041250930273279e-07,0.0008789586366270906,7.6875,-1.3125,7.6875,-1.3125
0.05,3.2513265386933035,2.0027084550926633,R8,Z,1.52780629926482e-05,6844.868184912537,2.556746866352378e-08,0.00021653683286989672,7.625,-0.0625,7.625,0.0
0.05,3.2513265386933035,2.0027084550926633,R12,C,0.00023053493890856763,17507.84873477331,5.284368453530467e-07,0.0010050949124466154,7.6875,-1.3125,7.6875,-1.3125
0.05,3.2513265386933035,2.0027084550926633,R12,H,8.168571648778333e-05,17507.84873477331,4.122347958080718e-07,0.0007872026180848479,8.0,-2.625,4.4375,0.0
0.05,3.2513265386933035,2.0027084550926633,R12,M,6.858265606489089e-05,17507.84873477331,4.041250930273279e-07,0.0008789586366270906,7.6875,-1.3125,7.6875,-1.3125
0.05,3.2513265386933035,2.0027084550926633,R12,Z,1.7126493134810447e-05,17507.84873477331,2.556746866352378e-08,0.00021653683286989672,7.625,-0.0625,7.625,0.0
0.05,3.2513265386933035,2.0027084550926633,full,C,0.00041651231542768615,47707.08883996418,5.284368453530467e-07,0.0010050949124466154,7.6875,-1.3125,7.6875,-1.3125
0.05,3.2513265386933035,2.0027084550926633,full,H,0.00010964967350052151,47707.08883996418,4.122347958080718e-07,0.0007872026180848479,8.0,-2.625,4.4375,0.0
0.05,3.2513265386933035,2.0027084550926633,full,M,7.811474608851447e-05,47707.08883996418,4.041250930273279e-07,0.0008789586366270906,7.6875,-1.3125,7.6875,-1.3125
0.05,3.2513265386933035,2.0027084550926633,full,Z,5.4114776917689996e-05,47707.08883996418,3.798524950420486e-08,0.00021653683286989672,15.875,-0.125,7.625,0.0
0.05,3.5049564546594665,2.159020102509789,R4,C,1.0181670289126232e-05,1074.0309083717164,1.8289162094226448e-07,0.0007904899135422733,3.9375,-0.0625,4.0,0.0
0.05,3.5049564546594665,2.159020102509789,R4,H,3.6008687714704476e-06,1074.0309083717164,1.3053201703709435e-07,0.0007030504057183862,3.9375,-0.0625,4.0,0.0
0.05,3.5049564546594665,2.159020102509789,R4,M,1.4820229132010676e-06,1074.0309083717164,2.8750981415488498e-08,0.00034287501319114644,3.9375,-0.0625,4.0,0.0
0.05,3.5049564546594665,2.159020102509789,R4,Z,1.098618930358154e-06,1074.0309083717164,1.0266244030657258e-08,0.0001525720573197589,3.8125,-0.0625,3.8125,0.0
0.05,3.5049564546594665,2.159020102509789,R8,C,0.00020717356459910304,6832.856570185139,5.132422589561601e-07,0.0009861646101147177,4.375,-0.0625,4.375,0.0
0.05,3.5049564546594665,2.159020102509789,R8,H,7.094249496709758e-05,6832.856570185139,3.3721431383472144e-07,0.0007976714987307787,4.375,-0.0625,4.375,0.0
0.05,3.5049564546594665,2.159020102509789,R8,M,5.9614487716385516e-05,6832.856570185139,3.181738726452353e-07,0.0007750426224831794,7.5625,-1.25,7.5625,-1.25
0.05,3.5049564546594665,2.159020102509789,R8,Z,1.6192202697537994e-05,6832.856570185139,3.009180292225575e-08,0.0002337714456682222,7.375,-0.0625,7.375,0.0
0.05,3.5049564546594665,2.159020102509789,R12,C,0.00024403435051909307,17493.297417109763,5.132422589561601e-07,0.0009861646101147177,4.375,-0.0625,4.375,0.0
0.05,3.5049564546594665,2.159020102509789,R12,H,8.962128885323209e-05,17493.297417109763,3.3721431383472144e-07,0.0007976714987307787,4.375,-0.0625,4.375,0.0
0.05,3.5049564546594665,2.159020102509789,R12,M,6.893577320994176e-05,17493.297417109763,3.181738726452353e-07,0.0007750426224831794,7.5625,-1.25,7.5625,-1.25
0.05,3.5049564546594665,2.159020102509789,R12,Z,1.8254238810025383e-05,17493.297417109763,3.0148448363188494e-08,0.0002337714456682222,9.125,-0.125,7.375,0.0
0.05,3.5049564546594665,2.159020102509789,full,C,0.00047408728433217905,47693.22711742842,5.132422589561601e-07,0.0009861646101147177,4.375,-0.0625,4.375,0.0
0.05,3.5049564546594665,2.159020102509789,full,H,0.00012085515693487542,47693.22711742842,3.3721431383472144e-07,0.0007976714987307787,4.375,-0.0625,4.375,0.0
0.05,3.5049564546594665,2.159020102509789,full,M,7.96439464255776e-05,47693.22711742842,3.181738726452353e-07,0.0007750426224831794,7.5625,-1.25,7.5625,-1.25
0.05,3.5049564546594665,2.159020102509789,full,Z,6.511368296663303e-05,47693.22711742842,4.521519959357935e-08,0.0002337714456682222,15.875,-0.125,7.375,0.0
0.05,3.750323847648633,2.3102536930878634,R4,C,1.57416421009244e-05,1072.5102634396453,3.009787207638482e-07,0.0008158928671282188,3.9375,-0.0625,3.9375,0.0
0.05,3.750323847648633,2.3102536930878634,R4,H,7.74692578226748e-06,1072.5102634396453,2.408062434536929e-07,0.0007302490994334221,3.9375,-0.0625,3.9375,0.0
0.05,3.750323847648633,2.3102536930878634,R4,M,2.583093153587881e-06,1072.5102634396453,5.804622597294333e-08,0.00035759653510476324,3.9375,-0.0625,3.9375,0.0
0.05,3.750323847648633,2.3102536930878634,R4,Z,1.1600217010740884e-06,1072.5102634396453,9.955477389630478e-09,0.00015371406351948823,3.6875,-0.0625,3.6875,0.0
0.05,3.750323847648633,2.3102536930878634,R8,C,0.00022430773693400013,6819.820975519248,4.876368921941033e-07,0.0009889866481451438,4.3125,-0.0625,4.25,0.0
0.05,3.750323847648633,2.3102536930878634,R8,H,8.100134307283199e-05,6819.820975519248,3.239873793833836e-07,0.0008040373213589191,4.3125,-0.0625,4.25,0.0
0.05,3.750323847648633,2.3102536930878634,R8,M,6.218449072048336e-05,6819.820975519248,2.9473603929659794e-07,0.0007342248306755238,7.375,-0.75,7.375,-0.75
0.05,3.750323847648633,2.3102536930878634,R8,Z,1.7240372034789336e-05,6819.820975519248,5.963526225634693e-08,0.0003281333735211392,7.25,-0.0625,7.25,0.0
0.05,3.750323847648633,2.3102536930878634,R12,C,0.0002599340303429112,17478.262757112177,4.876368921941033e-07,0.0009889866481451438,4.3125,-0.0625,4.25,0.0
0.05,3.750323847648633,2.3102536930878634,R12,H,9.903904213517085e-05,17478.262757112177,3.239873793833836e-07,0.0008040373213589191,4.3125,-0.0625,4.25,0.0
0.05,3.750323847648633,2.3102536930878634,R12,M,7.108132303295162e-05,17478.262757112177,2.9473603929659794e-07,0.0007342248306755238,7.375,-0.75,7.375,-0.75
0.05,3.750323847648633,2.3102536930878634,R12,Z,1.923464639597693e-05,17478.262757112177,5.963526225634693e-08,0.0003281333735211392,7.25,-0.0625,7.25,0.0
0.05,3.750323847648633,2.3102536930878634,full,C,0.0005399423212144533,47678.904827191465,4.876368921941033e-07,0.0009889866481451438,4.3125,-0.0625,4.25,0.0
0.05,3.750323847648633,2.3102536930878634,full,H,0.00013377425315644882,47678.904827191465,3.239873793833836e-07,0.0008040373213589191,4.3125,-0.0625,4.25,0.0
0.05,3.750323847648633,2.3102536930878634,full,M,8.30354790108388e-05,47678.904827191465,2.9473603929659794e-07,0.0007342248306755238,7.375,-0.75,7.375,-0.75
0.05,3.750323847648633,2.3102536930878634,full,Z,7.735381925724297e-05,47678.904827191465,5.963526225634693e-08,0.0003281333735211392,7.25,-0.0625,7.25,0.0
0.05,4.001271756643003,2.4649309046779764,R4,C,2.1320806493427663e-05,1071.084764186631,2.866272039369352e-07,0.0007989252191985297,3.875,-0.0625,3.875,0.0
0.05,4.001271756643003,2.4649309046779764,R4,H,1.1895318321928833e-05,1071.084764186631,2.2923944618065088e-07,0.0007149545708671212,3.875,-0.0625,3.875,0.0
0.05,4.001271756643003,2.4649309046779764,R4,M,3.7888586310209516e-06,1071.084764186631,5.6915150067085895e-08,0.0003554818016181464,3.875,-0.0625,3.875,-0.0625
0.05,4.001271756643003,2.4649309046779764,R4,Z,1.1914279669460013e-06,1071.084764186631,9.789191985262139e-09,0.0001543285115394491,3.625,-0.0625,3.625,0.0
0.05,4.001271756643003,2.4649309046779764,R8,C,0.0002367272600327579,6805.18949941079,5.226162253979673e-07,0.0010290575084803207,4.1875,-0.0625,4.1875,0.0
0.05,4.001271756643003,2.4649309046779764,R8,H,9.084860037434903e-05,6805.18949941079,3.528115350596231e-07,0.000845526868943125,4.1875,-0.0625,4.1875,0.0
0.05,4.001271756643003,2.4649309046779764,R8,M,6.355975371436415e-05,6805.18949941079,2.954309028962366e-07,0.0007423315514517698,7.3125,-1.1875,7.3125,-1.1875
0.05,4.001271756643003,2.4649309046779764,R8,Z,1.7381231618723308e-05,6805.18949941079,4.650098304706219e-08,0.00028826486088556324,7.125,-0.0625,7.125,0.0
0.05,4.001271756643003,2.4649309046779764,R12,C,0.00027289916324238196,17461.988707362474,5.226162253979673e-07,0.0010290575084803207,4.1875,-0.0625,4.1875,0.0
0.05,4.001271756643003,2.4649309046779764,R12,H,0.00010805122986654831,17461.988707362474,3.528115350596231e-07,0.000845526868943125,4.1875,-0.0625,4.1875,0.0
0.05,4.001271756643003,2.4649309046779764,R12,M,7.303911664406123e-05,17461.988707362474,2.954309028962366e-07,0.0007423315514517698,7.3125,-1.1875,7.3125,-1.1875
0.05,4.001271756643003,2.4649309046779764,R12,Z,1.9552439772419586e-05,17461.988707362474,4.650098304706219e-08,0.00028826486088556324,7.125,-0.0625,7.125,0.0
0.05,4.001271756643003,2.4649309046779764,full,C,0.0006123079089892459,47663.403007463385,5.226162253979673e-07,0.0010290575084803207,4.1875,-0.0625,4.1875,0.0
0.05,4.001271756643003,2.4649309046779764,full,H,0.00014676437919511776,47663.403007463385,3.528115350596231e-07,0.000845526868943125,4.1875,-0.0625,4.1875,0.0
0.05,4.001271756643003,2.4649309046779764,full,M,8.6382305099488e-05,47663.403007463385,2.954309028962366e-07,0.0007423315514517698,7.3125,-1.1875,7.3125,-1.1875
0.05,4.001271756643003,2.4649309046779764,full,Z,9.112821631087115e-05,47663.403007463385,6.170773477765472e-08,0.00028826486088556324,15.875,-0.125,7.125,0.0
0.05,4.25115461047827,2.618935656780061,R4,C,2.475785861978572e-05,1069.8485144407393,2.844050536302641e-07,0.0008184540690547005,3.75,-0.0625,3.75,0.0
0.05,4.25115461047827,2.618935656780061,R4,H,1.3827446659384644e-05,1069.8485144407393,2.271576702318736e-07,0.0007315669790841639,3.75,-0.0625,3.75,0.0
0.05,4.25115461047827,2.618935656780061,R4,M,4.496502624066023e-06,1069.8485144407393,5.38434490026994e-08,0.0003561978558775591,3.75,-0.0625,3.75,0.0
0.05,4.25115461047827,2.618935656780061,R4,Z,1.3216185656221045e-06,1069.8485144407393,9.290770713598692e-09,0.0001708641191829491,3.5,-0.0625,4.0,0.0
0.05,4.25115461047827,2.618935656780061,R8,C,0.0002461991597910796,6789.419848334263,5.270027400952369e-07,0.001045979017009536,4.125,-0.0625,5.3125,0.0
0.05,4.25115461047827,2.618935656780061,R8,H,0.000100092939304459,6789.419848334263,3.6215116851490715e-07,0.0008670274401083589,4.125,-0.0625,4.125,0.0
0.05,4.25115461047827,2.618935656780061,R8,M,6.497825223807402e-05,6789.419848334263,2.913609037666279e-07,0.0007365618167079915,7.1875,-1.1875,7.1875,-1.1875
0.05,4.25115461047827,2.618935656780061,R8,Z,1.666981312847892e-05,6789.419848334263,3.145557739745896e-08,0.00023640203773343582,6.875,-0.0625,6.875,0.0
0.05,4.25115461047827,2.618935656780061,R12,C,0.00028075201929009816,17444.92000335663,5.270027400952369e-07,0.001045979017009536,4.125,-0.0625,5.3125,0.0
0.05,4.25115461047827,2.618935656780061,R12,H,0.00011517371193067472,17444.92000335663,3.6215116851490715e-07,0.0008670274401083589,4.125,-0.0625,4.125,0.0
0.05,4.25115461047827,2.618935656780061,R12,M,7.443219049891425e-05,17444.92000335663,2.913609037666279e-07,0.0007365618167079915,7.1875,-1.1875,7.1875,-1.1875
0.05,4.25115461047827,2.618935656780061,R12,Z,1.89401954335217e-05,17444.92000335663,3.596945197173442e-08,0.00023640203773343582,9.25,-0.125,6.875,0.0
0.05,4.25115461047827,2.618935656780061,full,C,0.0006885624445690247,47647.14153552188,5.270027400952369e-07,0.001045979017009536,4.125,-0.0625,5.3125,0.0
0.05,4.25115461047827,2.618935656780061,full,H,0.00015829604308169055,47647.14153552188,3.6215116851490715e-07,0.0008670274401083589,4.125,-0.0625,4.125,0.0
0.05,4.25115461047827,2.618935656780061,full,M,8.927956279044045e-05,47647.14153552188,2.913609037666279e-07,0.0007365618167079915,7.1875,-1.1875,7.1875,-1.1875
0.05,4.25115461047827,2.618935656780061,full,Z,0.00010607667018248341,47647.14153552188,7.121248249193012e-08,0.00023640203773343582,15.875,-0.125,6.875,0.0
0.05,4.500067670974702,2.772291583192239,R4,C,2.9902040326291256e-05,1068.8412702987496,2.7824757535359976e-07,0.002043266084866612,3.6875,-0.0625,0.0,-0.5625
0.05,4.500067670974702,2.772291583192239,R4,H,1.668598422195267e-05,1068.8412702987496,2.2255861339619924e-07,0.0020430993754416704,3.6875,-0.0625,0.0,-0.5625
0.05,4.500067670974702,2.772291583192239,R4,M,5.248347836846862e-06,1068.8412702987496,5.482703681197072e-08,0.00040075847682522907,3.6875,-0.0625,4.0,0.0
0.05,4.500067670974702,2.772291583192239,R4,Z,1.6005385300394251e-06,1068.8412702987496,1.4689285344181895e-08,0.00018887264547450157,3.9375,-0.0625,4.0,0.0
0.05,4.500067670974702,2.772291583192239,R8,C,0.00025580710921199767,6772.594047878932,5.08892578638794e-07,0.002043266084866612,4.0625,-0.0625,0.0,-0.5625
0.05,4.500067670974702,2.772291583192239,R8,H,0.00010906010408459339,6772.594047878932,3.550126890836055e-07,0.0020430993754416704,4.0625,-0.0625,0.0,-0.5625
0.05,4.500067670974702,2.772291583192239,R8,M,6.605194150648058e-05,6772.594047878932,2.3157848350515638e-07,0.000657370674850743,7.0625,-1.25,7.0625,-1.25
0.05,4.500067670974702,2.772291583192239,R8,Z,1.589102452508248e-05,6772.594047878932,3.036527043983302e-08,0.0002334394891490352,7.0,-0.0625,7.0,0.0
0.05,4.500067670974702,2.772291583192239,R12,C,0.0002878773964948553,17427.077890068133,5.08892578638794e-07,0.002043266084866612,4.0625,-0.0625,0.0,-0.5625
0.05,4.500067670974702,2.772291583192239,R12,H,0.00012184119412844074,17427.077890068133,3.550126890836055e-07,0.0020430993754416704,4.0625,-0.0625,0.0,-0.5625
0.05,4.500067670974702,2.772291583192239,R12,M,7.507350695411648e-05,17427.077890068133,2.3157848350515638e-07,0.000657370674850743,7.0625,-1.25,7.0625,-1.25
0.05,4.500067670974702,2.772291583192239,R12,Z,1.8221325460334004e-05,17427.077890068133,3.9870518029762096e-08,0.0002334394891490352,9.375,-0.125,7.0,0.0
0.05,4.500067670974702,2.772291583192239,full,C,0.0007739510141051794,47630.1301518857,5.08892578638794e-07,0.002043266084866612,4.0625,-0.0625,0.0,-0.5625
0.05,4.500067670974702,2.772291583192239,full,H,0.0001698554724204687,47630.1301518857,3.550126890836055e-07,0.0020430993754416704,4.0625,-0.0625,0.0,-0.5625
0.05,4.500067670974702,2.772291583192239,full,M,9.154149252849414e-05,47630.1301518857,2.3157848350515638e-07,0.000657370674850743,7.0625,-1.25,7.0625,-1.25
0.05,4.500067670974702,2.772291583192239,full,Z,0.00012322319676019242,47630.1301518857,8.147305463952213e-08,0.0002334394891490352,15.875,-0.125,7.0,0.0
0.05,4.754815611852692,2.9291275448801692,R4,C,3.966926277576465e-05,1068.0664756621427,5.185878434463931e-07,0.002391024699231976,3.9375,-0.0625,0.0,-1.0
0.05,4.754815611852692,2.9291275448801692,R4,H,2.305787094452291e-05,1068.0664756621427,3.6267461690750487e-07,0.0023908093571662903,3.9375,-0.0625,0.0,-1.0
0.05,4.754815611852692,2.9291275448801692,R4,M,6.885005777765481e-06,1068.0664756621427,8.492231365412316e-08,0.00048163308876804654,3.9375,-0.0625,0.0625,0.0
0.05,4.754815611852692,2.9291275448801692,R4,Z,1.9446867019580677e-06,1068.0664756621427,1.5230313974476603e-08,0.00018463268729349005,3.9375,-0.0625,3.875,0.0
0.05,4.754815611852692,2.9291275448801692,R8,C,0.00026951558018580685,6754.265705230853,8.27729073143593e-07,0.002391024699231976,5.25,0.0,0.0,-1.0
0.05,4.754815611852692,2.9291275448801692,R8,H,0.00011763706063644992,6754.265705230853,3.6267461690750487e-07,0.0023908093571662903,3.9375,-0.0625,0.0,-1.0
0.05,4.754815611852692,2.9291275448801692,R8,M,6.687560289539534e-05,6754.265705230853,2.1259011648601e-07,0.0006272914924071047,7.0625,-1.125,7.0625,-1.125
0.05,4.754815611852692,2.9291275448801692,R8,Z,1.614441630713702e-05,6754.265705230853,4.284831837381314e-08,0.0002763965774921079,6.9375,-0.0625,6.9375,0.0
0.05,4.754815611852692,2.9291275448801692,R12,C,0.00029968525674253186,17407.959210854173,8.27729073143593e-07,0.002391024699231976,5.25,0.0,0.0,-1.0
0.05,4.754815611852692,2.9291275448801692,R12,H,0.00012869658103658357,17407.959210854173,3.6267461690750487e-07,0.0023908093571662903,3.9375,-0.0625,0.0,-1.0
0.05,4.754815611852692,2.9291275448801692,R12,M,7.53440729833037e-05,17407.959210854173,2.1259011648601e-07,0.0006272914924071047,7.0625,-1.125,7.0625,-1.125
0.05,4.754815611852692,2.9291275448801692,R12,Z,1.8561924878552363e-05,17407.959210854173,4.284831837381314e-08,0.0002763965774921079,6.9375,-0.0625,6.9375,0.0
0.05,4.754815611852692,2.9291275448801692,full,C,0.0008773467492330221,47611.869071200555,8.27729073143593e-07,0.002391024699231976,5.25,0.0,0.0,-1.0
0.05,4.754815611852692,2.9291275448801692,full,H,0.00018229342136878452,47611.869071200555,3.6267461690750487e-07,0.0023908093571662903,3.9375,-0.0625,0.0,-1.0
0.05,4.754815611852692,2.9291275448801692,full,M,9.359875181421946e-05,47611.869071200555,2.1259011648601e-07,0.0006272914924071047,7.0625,-1.125,7.0625,-1.125
0.05,4.754815611852692,2.9291275448801692,full,Z,0.00014453150345410546,47611.869071200555,9.277648739912127e-08,0.0002763965774921079,15.875,-0.125,6.9375,0.0
0.05,5.002050866482306,3.0811281550060503,R4,C,5.0206892220939396e-05,1067.561194429373,5.269345547775669e-07,0.0018296889213378325,3.875,-0.0625,0.0,-1.3125
0.05,5.002050866482306,3.0811281550060503,R4,H,3.029932490368446e-05,1067.561194429373,3.7538692022931286e-07,0.0018278690986335278,3.875,-0.0625,0.0,-1.3125
0.05,5.002050866482306,3.0811281550060503,R4,M,8.962831262664498e-06,1067.561194429373,9.052036475058962e-08,0.00045125421230852113,3.875,-0.0625,3.875,0.0
0.05,5.002050866482306,3.0811281550060503,R4,Z,2.195302062211411e-06,1067.561194429373,1.490678670096121e-08,0.0001845934581818847,3.8125,-0.0625,3.8125,0.0
0.05,5.002050866482306,3.0811281550060503,R8,C,0.0002879488799383074,6735.427727970615,1.6519975380642741e-06,0.002701301987081953,5.25,0.0,5.25,0.0
0.05,5.002050866482306,3.0811281550060503,R8,H,0.00012541772730354468,6735.427727970615,3.7538692022931286e-07,0.0018278690986335278,3.875,-0.0625,0.0,-1.3125
0.05,5.002050866482306,3.0811281550060503,R8,M,6.867489825778728e-05,6735.427727970615,2.098461408165252e-07,0.0006699365862420137,6.9375,-1.1875,5.125,0.0
0.05,5.002050866482306,3.0811281550060503,R8,Z,1.7090610691929745e-05,6735.427727970615,4.905061442130573e-08,0.00032922731159415805,5.1875,-0.0625,5.1875,-0.0625
0.05,5.002050866482306,3.0811281550060503,R12,C,0.00031692179531322956,17388.58448212943,1.6519975380642741e-06,0.002701301987081953,5.25,0.0,5.25,0.0
0.05,5.002050866482306,3.0811281550060503,R12,H,0.00013498306466160932,17388.58448212943,3.7538692022931286e-07,0.0018278690986335278,3.875,-0.0625,0.0,-1.3125
0.05,5.002050866482306,3.0811281550060503,R12,M,7.672117710304282e-05,17388.58448212943,2.098461408165252e-07,0.0006699365862420137,6.9375,-1.1875,5.125,0.0
0.05,5.002050866482306,3.0811281550060503,R12,Z,1.967150883308906e-05,17388.58448212943,4.905061442130573e-08,0.00032922731159415805,5.1875,-0.0625,5.1875,-0.0625
0.05,5.002050866482306,3.0811281550060503,full,C,0.0009955927919369331,47593.30561089876,1.6519975380642741e-06,0.002701301987081953,5.25,0.0,5.25,0.0
0.05,5.002050866482306,3.0811281550060503,full,H,0.00019461368295554048,47593.30561089876,3.7538692022931286e-07,0.0018278690986335278,3.875,-0.0625,0.0,-1.3125
0.05,5.002050866482306,3.0811281550060503,full,M,9.683249574436233e-05,47593.30561089876,2.098461408165252e-07,0.0006699365862420137,6.9375,-1.1875,5.125,0.0
0.05,5.002050866482306,3.0811281550060503,full,Z,0.00016882236079124126,47593.30561089876,1.0447433298915007e-07,0.00032922731159415805,15.875,-0.125,5.1875,-0.0625
0.05,5.25517918774387,3.2363825855384167,R4,C,5.810494173763311e-05,1067.267241091291,5.105152977061836e-07,0.001580926757277454,3.8125,-0.0625,0.0,0.0
0.05,5.25517918774387,3.2363825855384167,R4,H,3.581632231820245e-05,1067.267241091291,3.690032749020713e-07,0.0015808629104867578,3.8125,-0.0625,0.0,0.0
0.05,5.25517918774387,3.2363825855384167,R4,M,1.070478393778812e-05,1067.267241091291,9.232724563996033e-08,0.0004582903422570279,3.8125,-0.0625,3.8125,0.0
0.05,5.25517918774387,3.2363825855384167,R4,Z,2.3198885612680062e-06,1067.267241091291,1.3976299987564898e-08,0.00018039513880139727,3.75,-0.0625,3.75,0.0
0.05,5.25517918774387,3.2363825855384167,R8,C,0.00031107597992531153,6715.074431498349,3.380236594387795e-06,0.00391646326857178,5.25,0.0,5.25,0.0
0.05,5.25517918774387,3.2363825855384167,R8,H,0.00013231501804759183,6715.074431498349,3.690032749020713e-07,0.0015808629104867578,3.8125,-0.0625,0.0,0.0
0.05,5.25517918774387,3.2363825855384167,R8,M,7.33684291421786e-05,6715.074431498349,3.5762115026052016e-07,0.000998008211249185,5.25,-0.1875,5.4375,0.0
0.05,5.25517918774387,3.2363825855384167,R8,Z,1.756631488589654e-05,6715.074431498349,8.883940152603816e-08,0.0004491679004778412,5.1875,-0.0625,5.1875,-0.0625
0.05,5.25517918774387,3.2363825855384167,R12,C,0.0003397504230223204,17367.926147582897,3.380236594387795e-06,0.00391646326857178,5.25,0.0,5.25,0.0
0.05,5.25517918774387,3.2363825855384167,R12,H,0.00014057011448557992,17367.926147582897,3.690032749020713e-07,0.0015808629104867578,3.8125,-0.0625,0.0,0.0
0.05,5.25517918774387,3.2363825855384167,R12,M,8.0942914266085e-05,17367.926147582897,3.5762115026052016e-07,0.000998008211249185,5.25,-0.1875,5.4375,0.0
0.05,5.25517918774387,3.2363825855384167,R12,Z,2.0474369143772154e-05,17367.926147582897,8.883940152603816e-08,0.0004491679004778412,5.1875,-0.0625,5.1875,-0.0625
0.05,5.25517918774387,3.2363825855384167,full,C,0.0011352668059063057,47573.42118834782,3.380236594387795e-06,0.00391646326857178,5.25,0.0,5.25,0.0
0.05,5.25517918774387,3.2363825855384167,full,H,0.0002070712608144095,47573.42118834782,3.690032749020713e-07,0.0015808629104867578,3.8125,-0.0625,0.0,0.0
0.05,5.25517918774387,3.2363825855384167,full,M,0.00010307730552425645,47573.42118834782,3.5762115026052016e-07,0.000998008211249185,5.25,-0.1875,5.4375,0.0
0.05,5.25517918774387,3.2363825855384167,full,Z,0.00019649621955100465,47573.42118834782,1.1714387242556339e-07,0.0004491679004778412,15.875,-0.125,5.1875,-0.0625
0.05,5.500930670469635,3.386559149968309,R4,C,6.297300384810073e-05,1067.1472175958802,5.0807127553959e-07,0.0014802140631395187,3.6875,-0.0625,0.0,0.0
0.05,5.500930670469635,3.386559149968309,R4,H,3.925320555808441e-05,1067.1472175958802,3.658878160951191e-07,0.0014802133664488792,3.6875,-0.0625,0.0,0.0
0.05,5.500930670469635,3.386559149968309,R4,M,1.1756993085226333e-05,1067.1472175958802,8.969389518387607e-08,0.00045626096891861017,3.75,-0.0625,3.75,0.0
0.05,5.500930670469635,3.386559149968309,R4,Z,2.3692879206209596e-06,1067.1472175958802,1.3163877456462245e-08,0.00017886214798386326,3.625,-0.0625,3.625,0.0
0.05,5.500930670469635,3.386559149968309,R8,C,0.0003428113511284045,6694.2753288654285,6.767614188074864e-06,0.0056139841579724,5.25,0.0,5.25,0.0
0.05,5.500930670469635,3.386559149968309,R8,H,0.00013790572355404138,6694.2753288654285,3.658878160951191e-07,0.0014802133664488792,3.6875,-0.0625,0.0,0.0
0.05,5.500930670469635,3.386559149968309,R8,M,8.288128936077916e-05,6694.2753288654285,7.863057231462936e-07,0.0014401573967124538,5.25,-0.1875,5.4375,0.0
0.05,5.500930670469635,3.386559149968309,R8,Z,1.7531325695171992e-05,6694.2753288654285,1.5989963051659394e-07,0.0006105730839409244,5.1875,-0.0625,5.1875,-0.0625
0.05,5.500930670469635,3.386559149968309,R12,C,0.0003720507536386529,17347.08701648798,6.767614188074864e-06,0.0056139841579724,5.25,0.0,5.25,0.0
0.05,5.500930670469635,3.386559149968309,R12,H,0.000145060957500133,17347.08701648798,3.658878160951191e-07,0.0014802133664488792,3.6875,-0.0625,0.0,0.0
0.05,5.500930670469635,3.386559149968309,R12,M,9.00560193139021e-05,17347.08701648798,7.863057231462936e-07,0.0014401573967124538,5.25,-0.1875,5.4375,0.0
0.05,5.500930670469635,3.386559149968309,R12,Z,2.0897739938014706e-05,17347.08701648798,1.5989963051659394e-07,0.0006105730839409244,5.1875,-0.0625,5.1875,-0.0625
0.05,5.500930670469635,3.386559149968309,full,C,0.0012949996290011732,47553.24786123842,6.767614188074864e-06,0.0056139841579724,5.25,0.0,5.25,0.0
0.05,5.500930670469635,3.386559149968309,full,H,0.0002189666730407839,47553.24786123842,3.8607603376546466e-07,0.0014802133664488792,15.75,-16.0,0.0,0.0
0.05,5.500930670469635,3.386559149968309,full,M,0.00011426683382644545,47553.24786123842,7.863057231462936e-07,0.0014401573967124538,5.25,-0.1875,5.4375,0.0
0.05,5.500930670469635,3.386559149968309,full,Z,0.00022627658647669528,47553.24786123842,1.5989963051659394e-07,0.0006105730839409244,5.1875,-0.0625,5.1875,-0.0625
0.05,5.7525880568831,3.539535272476728,R4,C,6.765884173700723e-05,1067.1232268122308,5.192314574571829e-07,0.0011225953924426722,3.625,-0.0625,3.625,0.0
0.05,5.7525880568831,3.539535272476728,R4,H,4.27693577426208e-05,1067.1232268122308,3.803479265544374e-07,0.0010394364362582564,3.625,-0.0625,0.0,-0.6875
0.05,5.7525880568831,3.539535272476728,R4,M,1.257491626877424e-05,1067.1232268122308,8.947634852886232e-08,0.00046601994340016796,3.625,-0.0625,3.625,0.0
0.05,5.7525880568831,3.539535272476728,R4,Z,2.396533420555498e-06,1067.1232268122308,1.2669102218972192e-08,0.00017713187752769024,3.5625,-0.0625,3.5625,0.0
0.05,5.7525880568831,3.539535272476728,R8,C,0.000400426705974844,6671.90276381118,1.3679992459540547e-05,0.008087531117172541,5.25,0.0,5.25,0.0
0.05,5.7525880568831,3.539535272476728,R8,H,0.00014339541491322595,6671.90276381118,3.803479265544374e-07,0.0010394364362582564,3.625,-0.0625,0.0,-0.6875
0.05,5.7525880568831,3.539535272476728,R8,M,0.0001022530818368299,6671.90276381118,1.6684170850514397e-06,0.0021262290258717764,5.125,-0.125,5.125,0.0
0.05,5.7525880568831,3.539535272476728,R8,Z,1.8089772617339006e-05,6671.90276381118,2.935077424765459e-07,0.0008383395639636879,5.1875,-0.0625,5.1875,-0.0625
0.05,5.7525880568831,3.539535272476728,R12,C,0.00043088460950723394,17324.943936730917,1.3679992459540547e-05,0.008087531117172541,5.25,0.0,5.25,0.0
0.05,5.7525880568831,3.539535272476728,R12,H,0.00015008418512539904,17324.943936730917,3.803479265544374e-07,0.0010394364362582564,3.625,-0.0625,0.0,-0.6875
0.05,5.7525880568831,3.539535272476728,R12,M,0.00010914895825792693,17324.943936730917,1.6684170850514397e-06,0.0021262290258717764,5.125,-0.125,5.125,0.0
0.05,5.7525880568831,3.539535272476728,R12,Z,2.1895344204289545e-05,17324.943936730917,2.935077424765459e-07,0.0008383395639636879,5.1875,-0.0625,5.1875,-0.0625
0.05,5.7525880568831,3.539535272476728,full,C,0.001499685679597268,47531.68687019573,1.3679992459540547e-05,0.008087531117172541,5.25,0.0,5.25,0.0
0.05,5.7525880568831,3.539535272476728,full,H,0.00023239235024117248,47531.68687019573,4.4022374778560336e-07,0.0010394364362582564,15.75,-16.0,0.0,-0.6875
0.05,5.7525880568831,3.539535272476728,full,M,0.00013559602012541808,47531.68687019573,1.6684170850514397e-06,0.0021262290258717764,5.125,-0.125,5.125,0.0
0.05,5.7525880568831,3.539535272476728,full,Z,0.000260923824946368,47531.68687019573,2.935077424765459e-07,0.0008383395639636879,5.1875,-0.0625,5.1875,-0.0625
0.05,6.003544494626971,3.6910180245732045,R4,C,7.288219511719349e-05,1067.1200042126839,5.013504973201312e-07,0.0011126570298084673,3.5625,-0.0625,3.5625,0.0
0.05,6.003544494626971,3.6910180245732045,R4,H,4.675277545009979e-05,1067.1200042126839,3.7122167789741363e-07,0.000957660551648587,3.5625,0.0625,3.5625,0.0
0.05,6.003544494626971,3.6910180245732045,R4,M,1.3510635136758026e-05,1067.1200042126839,9.137491039718864e-08,0.0004751387090265808,3.5625,-0.0625,3.5625,0.0
0.05,6.003544494626971,3.6910180245732045,R4,Z,2.411888368019686e-06,1067.1200042126839,1.164397037055609e-08,0.0001735309466214543,3.5,-0.0625,3.4375,0.0
0.05,6.003544494626971,3.6910180245732045,R8,C,0.0005081299439457906,6648.497977527649,2.698817922555679e-05,0.01150816212088705,5.25,0.0,5.25,0.0
0.05,6.003544494626971,3.6910180245732045,R8,H,0.00015086656368106115,6648.497977527649,5.479037401960945e-07,0.0016397261060774326,5.25,0.0,5.25,0.0
0.05,6.003544494626971,3.6910180245732045,R8,M,0.00013981730090236195,6648.497977527649,3.48761806641056e-06,0.003116998245296909,5.125,-0.125,5.125,0.0
0.05,6.003544494626971,3.6910180245732045,R8,Z,2.009511330218808e-05,6648.497977527649,5.395607488850101e-07,0.001151742091775298,5.1875,-0.0625,5.1875,-0.0625
0.05,6.003544494626971,3.6910180245732045,R12,C,0.0005389787148612449,17302.035981208774,2.698817922555679e-05,0.01150816212088705,5.25,0.0,5.25,0.0
0.05,6.003544494626971,3.6910180245732045,R12,H,0.0001573439972387339,17302.035981208774,5.479037401960945e-07,0.0016397261060774326,5.25,0.0,5.25,0.0
0.05,6.003544494626971,3.6910180245732045,R12,M,0.00014637776358802156,17302.035981208774,3.48761806641056e-06,0.003116998245296909,5.125,-0.125,5.125,0.0
0.05,6.003544494626971,3.6910180245732045,R12,Z,2.4108046792790058e-05,17302.035981208774,5.395607488850101e-07,0.001151742091775298,5.1875,-0.0625,5.1875,-0.0625
0.05,6.003544494626971,3.6910180245732045,full,C,0.0017696413385649512,47509.26263403786,2.698817922555679e-05,0.01150816212088705,5.25,0.0,5.25,0.0
0.05,6.003544494626971,3.6910180245732045,full,H,0.0002488697253505699,47509.26263403786,5.479037401960945e-07,0.0016397261060774326,5.25,0.0,5.25,0.0
0.05,6.003544494626971,3.6910180245732045,full,M,0.0001751368386897318,47509.26263403786,3.48761806641056e-06,0.003116998245296909,5.125,-0.125,5.125,0.0
0.05,6.003544494626971,3.6910180245732045,full,Z,0.00030054410216770916,47509.26263403786,5.395607488850101e-07,0.001151742091775298,5.1875,-0.0625,5.1875,-0.0625
0.05,6.253781522790862,3.8408099044943174,R4,C,7.83158041673958e-05,1067.0590273873613,4.9979918652961e-07,0.0011365513444034007,3.4375,-0.0625,3.4375,0.0
0.05,6.253781522790862,3.8408099044943174,R4,H,5.08678277305774e-05,1067.0590273873613,3.684768216535904e-07,0.0009763449779711664,3.4375,-0.0625,3.4375,0.0
0.05,6.253781522790862,3.8408099044943174,R4,M,1.4560636410292601e-05,1067.0590273873613,8.833534436979402e-08,0.0004713991893878769,3.5,-0.0625,3.5,0.0
0.05,6.253781522790862,3.8408099044943174,R4,Z,2.4258135398474e-06,1067.0590273873613,1.1426964635494807e-08,0.00017356428383682478,3.375,-0.0625,3.375,0.0
0.05,6.253781522790862,3.8408099044943174,R8,C,0.000705113197553291,6624.066428904055,5.110361409083112e-05,0.016039964198165675,5.25,0.0,5.25,0.0
0.05,6.253781522790862,3.8408099044943174,R8,H,0.00016225260203306177,6624.066428904055,1.52869117153509e-06,0.0027741980738937855,5.25,0.0,5.25,0.0
0.05,6.253781522790862,3.8408099044943174,R8,M,0.00021209497240554648,6624.066428904055,6.922391134840611e-06,0.004605134193799512,5.125,-0.125,5.375,0.0
0.05,6.253781522790862,3.8408099044943174,R8,Z,2.3798779934236804e-05,6624.066428904055,9.866231634484987e-07,0.001577806745861924,5.1875,-0.0625,5.1875,-0.0625
0.05,6.253781522790862,3.8408099044943174,R12,C,0.0007361613789857138,17278.374823544502,5.110361409083112e-05,0.016039964198165675,5.25,0.0,5.25,0.0
0.05,6.253781522790862,3.8408099044943174,R12,H,0.0001687054987856439,17278.374823544502,1.52869117153509e-06,0.0027741980738937855,5.25,0.0,5.25,0.0
0.05,6.253781522790862,3.8408099044943174,R12,M,0.00021847872655872077,17278.374823544502,6.922391134840611e-06,0.004605134193799512,5.125,-0.125,5.375,0.0
0.05,6.253781522790862,3.8408099044943174,R12,Z,2.789446507041105e-05,17278.374823544502,9.866231634484987e-07,0.001577806745861924,5.1875,-0.0625,5.1875,-0.0625
0.05,6.253781522790862,3.8408099044943174,full,C,0.0021450965006736917,47485.97323891009,5.110361409083112e-05,0.016039964198165675,5.25,0.0,5.25,0.0
0.05,6.253781522790862,3.8408099044943174,full,H,0.00027002804941409154,47485.97323891009,1.52869117153509e-06,0.0027741980738937855,5.25,0.0,5.25,0.0
0.05,6.253781522790862,3.8408099044943174,full,M,0.0002495522921347295,47485.97323891009,6.922391134840611e-06,0.004605134193799512,5.125,-0.125,5.375,0.0
0.05,6.253781522790862,3.8408099044943174,full,Z,0.0003456714636400971,47485.97323891009,9.866231634484987e-07,0.001577806745861924,5.1875,-0.0625,5.1875,-0.0625
0.05,6.5,3.986930160418594,R4,C,8.348170073218314e-05,1066.874705535423,5.050904422132274e-07,0.001152788864873596,3.375,-0.0625,3.375,0.0
0.05,6.5,3.986930160418594,R4,H,5.476477102052647e-05,1066.874705535423,3.7734072777041803e-07,0.0009967199293896556,3.375,-0.0625,3.375,0.0
0.05,6.5,3.986930160418594,R4,M,1.5589808280686434e-05,1066.874705535423,8.87045764736904e-08,0.00048319248547293406,3.375,-0.0625,3.375,0.0
0.05,6.5,3.986930160418594,R4,Z,2.441061147189378e-06,1066.874705535423,1.074003311793635e-08,0.0001698501104790821,3.3125,-0.0625,3.3125,0.0
0.05,6.5,3.986930160418594,R8,C,0.001058757668801075,6598.967748461554,9.030116893907376e-05,0.02158775706738672,5.25,0.0,5.25,0.0
0.05,6.5,3.986930160418594,R8,H,0.00018562083744764278,6598.967748461554,3.4798212116300664e-06,0.00423778872936964,5.25,0.0,5.25,0.0
0.05,6.5,3.986930160418594,R8,M,0.0003459205953968245,6598.967748461554,1.2746846017545675e-05,0.006706410569622358,5.125,-0.125,5.375,0.0
0.05,6.5,3.986930160418594,R8,Z,2.930529798113006e-05,6598.967748461554,1.7758666943065886e-06,0.0021436844360282915,5.1875,-0.0625,5.1875,-0.0625
0.05,6.5,3.986930160418594,R12,C,0.0010919101509330165,17254.315314468677,9.030116893907376e-05,0.02158775706738672,5.25,0.0,5.25,0.0
0.05,6.5,3.986930160418594,R12,H,0.0001927091441719115,17254.315314468677,3.4798212116300664e-06,0.00423778872936964,5.25,0.0,5.25,0.0
0.05,6.5,3.986930160418594,R12,M,0.0003524384517784669,17254.315314468677,1.2746846017545675e-05,0.006706410569622358,5.125,-0.125,5.375,0.0
0.05,6.5,3.986930160418594,R12,Z,3.36830950894073e-05,17254.315314468677,1.7758666943065886e-06,0.0021436844360282915,5.1875,-0.0625,5.1875,-0.0625
0.05,6.5,3.986930160418594,full,C,0.0026934456363274435,47462.14271951982,9.030116893907376e-05,0.02158775706738672,5.25,0.0,5.25,0.0
0.05,6.5,3.986930160418594,full,H,0.0003042416030134916,47462.14271951982,3.4798212116300664e-06,0.00423778872936964,5.25,0.0,5.25,0.0
0.05,6.5,3.986930160418594,full,M,0.00038575600052729724,47462.14271951982,1.2746846017545675e-05,0.006706410569622358,5.125,-0.125,5.375,0.0
0.05,6.5,3.986930160418594,full,Z,0.0003962741215934456,47462.14271951982,1.7758666943065886e-06,0.0021436844360282915,5.1875,-0.0625,5.1875,-0.0625
0.10,0.0,0.0,R4,C,1.3840910029346725e-06,1141.0689141071855,1.1726826281631262e-07,0.00047874771265271176,3.875,-0.125,4.0,0.0
0.10,0.0,0.0,R4,H,1.3537014188740079e-06,1141.0689141071855,1.1540042373202753e-07,0.0004770499945152551,3.875,-0.125,4.0,0.0
0.10,0.0,0.0,R4,M,0.0,1141.0689141071855,0.0,0.0,0.0,-4.0,0.0,-4.0
0.10,0.0,0.0,R4,Z,7.597400312957967e-09,1141.0689141071855,4.669594277178711e-10,2.0141215313484147e-05,3.875,-0.125,4.0,0.0
0.10,0.0,0.0,R8,C,0.0006850460432450883,6867.697340557753,3.911899354771891e-05,0.005980632079563001,5.25,-0.125,5.25,0.0
0.10,0.0,0.0,R8,H,0.0006815194336669424,6867.697340557753,3.9074666148472876e-05,0.005977977998554707,5.25,-0.125,5.25,0.0
0.10,0.0,0.0,R8,M,0.0,6867.697340557753,0.0,0.0,0.0,-8.0,0.0,-8.0
0.10,0.0,0.0,R8,Z,8.816500925019459e-07,6867.697340557753,1.5430093490057476e-08,0.00010646245129491397,5.125,-0.125,5.125,0.0
0.10,0.0,0.0,R12,C,0.0006850460718118196,17565.79789342099,3.911899354771891e-05,0.005980632079563001,5.25,-0.125,5.25,0.0
0.10,0.0,0.0,R12,H,0.0006815194399779816,17565.79789342099,3.9074666148472876e-05,0.005977977998554707,5.25,-0.125,5.25,0.0
0.10,0.0,0.0,R12,M,0.0,17565.79789342099,0.0,0.0,0.0,-12.0,0.0,-12.0
0.10,0.0,0.0,R12,Z,8.816556564248726e-07,17565.79789342099,1.5430093490057476e-08,0.00010646245129491397,5.125,-0.125,5.125,0.0
0.10,0.0,0.0,full,C,0.0006854074260927119,47760.672142924894,3.911899354771891e-05,0.005980632079563001,5.25,-0.125,5.25,0.0
0.10,0.0,0.0,full,H,0.0006818807942574769,47760.672142924894,3.9074666148472876e-05,0.005977977998554707,5.25,-0.125,5.25,0.0
0.10,0.0,0.0,full,M,0.0,47760.672142924894,0.0,0.0,0.0,-16.0,0.0,-16.0
0.10,0.0,0.0,full,Z,8.816556564248726e-07,47760.672142924894,1.5430093490057476e-08,0.00010646245129491397,5.125,-0.125,5.125,0.0
0.10,0.25239732023575734,0.1554455952880053,R4,C,5.701663843826965e-07,1139.961769347799,1.0432851904588577e-08,0.0002960714443746615,4.0,0.0,4.0,0.0
0.10,0.25239732023575734,0.1554455952880053,R4,H,7.926149667412626e-08,1139.961769347799,7.707856970898808e-09,0.0002525103627704084,4.0,0.0,4.0,0.0
0.10,0.25239732023575734,0.1554455952880053,R4,M,1.2464000662937576e-08,1139.961769347799,3.8082494834027866e-10,3.360337234693084e-05,3.875,-0.0625,4.0,0.0
0.10,0.25239732023575734,0.1554455952880053,R4,Z,1.1780425257908485e-07,1139.961769347799,2.477417557360411e-09,7.808104953006942e-05,3.9375,-0.125,4.0,0.0
0.10,0.25239732023575734,0.1554455952880053,R8,C,0.0004246598650166446,6871.950939219177,1.3464822405203966e-06,0.0035764905231043123,5.34375,-0.21875,5.40625,0.0
0.10,0.25239732023575734,0.1554455952880053,R8,H,0.00031006482884808167,6871.950939219177,1.241103945591932e-06,0.0034395940601825714,5.34375,-0.21875,5.40625,0.0
0.10,0.25239732023575734,0.1554455952880053,R8,M,2.952372369648111e-05,6871.950939219177,9.418630754074358e-08,0.0009391814736551328,5.5625,-0.03125,5.5625,0.0
0.10,0.25239732023575734,0.1554455952880053,R8,Z,2.0766295777486454e-05,6871.950939219177,2.789019605142733e-08,0.0005043396642459054,5.03125,-0.25,5.03125,-0.25
0.10,0.25239732023575734,0.1554455952880053,R12,C,0.000424660573428316,17565.943549873613,1.3464822405203966e-06,0.0035764905231043123,5.34375,-0.21875,5.40625,0.0
0.10,0.25239732023575734,0.1554455952880053,R12,H,0.0003100649818838793,17565.943549873613,1.241103945591932e-06,0.0034395940601825714,5.34375,-0.21875,5.40625,0.0
0.10,0.25239732023575734,0.1554455952880053,R12,M,2.9523829490339604e-05,17565.943549873613,9.418630754074358e-08,0.0009391814736551328,5.5625,-0.03125,5.5625,0.0
0.10,0.25239732023575734,0.1554455952880053,R12,Z,2.0766390880325795e-05,17565.943549873613,2.789019605142733e-08,0.0005043396642459054,5.03125,-0.25,5.03125,-0.25
0.10,0.25239732023575734,0.1554455952880053,full,C,0.0004272358401541835,47760.845145566185,1.3464822405203966e-06,0.0035764905231043123,5.34375,-0.21875,5.40625,0.0
0.10,0.25239732023575734,0.1554455952880053,full,H,0.0003120760657519181,47760.845145566185,1.241103945591932e-06,0.0034395940601825714,5.34375,-0.21875,5.40625,0.0
0.10,0.25239732023575734,0.1554455952880053,full,M,3.001570854229584e-05,47760.845145566185,9.418630754074358e-08,0.0009391814736551328,5.5625,-0.03125,5.5625,0.0
0.10,0.25239732023575734,0.1554455952880053,full,Z,2.078439523887551e-05,47760.845145566185,2.789019605142733e-08,0.0005043396642459054,5.03125,-0.25,5.03125,-0.25
0.10,0.5040084184597967,0.31040700716722963,R4,C,5.695611450258448e-07,1131.9545913268548,9.73923196610041e-09,0.00018009452428608408,3.9375,-0.125,4.0,0.0
0.10,0.5040084184597967,0.31040700716722963,R4,H,1.8564657046340687e-08,1131.9545913268548,7.412060925459662e-10,6.57003402011469e-05,3.9375,0.625,4.0,0.0
0.10,0.5040084184597967,0.31040700716722963,R4,M,2.8958902853997398e-08,1131.9545913268548,9.792084759162472e-10,5.0980128293991096e-05,3.9375,-0.125,3.9375,0.0
0.10,0.5040084184597967,0.31040700716722963,R4,Z,1.2523482885308294e-07,1131.9545913268548,2.109520729833271e-09,7.9586749005977e-05,3.9375,-0.0625,4.0,0.0
0.10,0.5040084184597967,0.31040700716722963,R8,C,8.879861241395104e-05,6871.712147840947,1.4377315775090417e-06,0.001612666300382196,5.1875,-0.0625,5.1875,-0.0625
0.10,0.5040084184597967,0.31040700716722963,R8,H,2.6016068292791737e-05,6871.712147840947,1.2533566083520738e-06,0.0015057155396789312,5.1875,-0.0625,5.1875,-0.0625
0.10,0.5040084184597967,0.31040700716722963,R8,M,1.4897561218069894e-05,6871.712147840947,2.4726329636473164e-07,0.0006704220433438199,5.125,-0.125,5.125,-0.125
0.10,0.5040084184597967,0.31040700716722963,R8,Z,1.0544784930746242e-05,6871.712147840947,3.3340264010072463e-08,0.0002530741342430447,4.8125,-0.3125,4.8125,-0.3125
0.10,0.5040084184597967,0.31040700716722963,R12,C,8.880153755947125e-05,17565.73663198865,1.4377315775090417e-06,0.001612666300382196,5.1875,-0.0625,5.1875,-0.0625
0.10,0.5040084184597967,0.31040700716722963,R12,H,2.6017092289622906e-05,17565.73663198865,1.2533566083520738e-06,0.0015057155396789312,5.1875,-0.0625,5.1875,-0.0625
0.10,0.5040084184597967,0.31040700716722963,R12,M,1.4898081449349468e-05,17565.73663198865,2.4726329636473164e-07,0.0006704220433438199,5.125,-0.125,5.125,-0.125
0.10,0.5040084184597967,0.31040700716722963,R12,Z,1.05450440396e-05,17565.73663198865,3.3340264010072463e-08,0.0002530741342430447,4.8125,-0.3125,4.8125,-0.3125
0.10,0.5040084184597967,0.31040700716722963,full,C,9.515456879211641e-05,47760.71965248226,1.4377315775090417e-06,0.001612666300382196,5.1875,-0.0625,5.1875,-0.0625
0.10,0.5040084184597967,0.31040700716722963,full,H,3.0596207158786595e-05,47760.71965248226,1.2533566083520738e-06,0.0015057155396789312,5.1875,-0.0625,5.1875,-0.0625
0.10,0.5040084184597967,0.31040700716722963,full,M,1.6107034720095333e-05,47760.71965248226,2.4726329636473164e-07,0.0006704220433438199,5.125,-0.125,5.125,-0.125
0.10,0.5040084184597967,0.31040700716722963,full,Z,1.0685721527081072e-05,47760.71965248226,3.3340264010072463e-08,0.0002530741342430447,4.8125,-0.3125,4.8125,-0.3125
0.10,0.7515879653345714,0.46288566055720726,R4,C,7.196084681195132e-07,1121.4971812092354,1.3195055777683213e-08,0.00019549271290656144,3.9375,-0.0625,4.0,0.0
0.10,0.7515879653345714,0.46288566055720726,R4,H,5.8045725685446795e-09,1121.4971812092354,1.1403240586919266e-10,1.762974170560483e-05,3.75,0.875,3.9375,0.0
0.10,0.7515879653345714,0.46288566055720726,R4,M,3.992301717535094e-08,1121.4971812092354,7.187569692756506e-10,4.026215718502791e-05,3.9375,-0.0625,3.9375,-0.0625
0.10,0.7515879653345714,0.46288566055720726,R4,Z,1.5959658301888094e-07,1121.4971812092354,2.9139386023660545e-09,9.307805868463836e-05,3.9375,-0.0625,4.0,0.0
0.10,0.7515879653345714,0.46288566055720726,R8,C,6.076234181402236e-05,6871.947288321911,5.295654473612713e-07,0.0010923913129821953,5.125,-0.125,5.0625,0.0
0.10,0.7515879653345714,0.46288566055720726,R8,H,1.297402462640565e-05,6871.947288321911,2.1054308496926446e-07,0.0008141771540977061,5.125,-0.125,5.125,0.0
0.10,0.7515879653345714,0.46288566055720726,R8,M,2.0071636747593052e-05,6871.947288321911,2.8532429311574327e-07,0.0006776056934333578,5.0625,-0.125,5.0625,0.0
0.10,0.7515879653345714,0.46288566055720726,R8,Z,4.892919137663833e-06,6871.947288321911,1.0985493670997447e-08,0.0001395698854403231,4.75,-0.375,4.75,-0.375
0.10,0.7515879653345714,0.46288566055720726,R12,C,6.076847024350749e-05,17565.923666185157,5.295654473612713e-07,0.0010923913129821953,5.125,-0.125,5.0625,0.0
0.10,0.7515879653345714,0.46288566055720726,R12,H,1.2976668472304719e-05,17565.923666185157,2.1054308496926446e-07,0.0008141771540977061,5.125,-0.125,5.125,0.0
0.10,0.7515879653345714,0.46288566055720726,R12,M,2.0072493576014312e-05,17565.923666185157,2.8532429311574327e-07,0.0006776056934333578,5.0625,-0.125,5.0625,0.0
0.10,0.7515879653345714,0.46288566055720726,R12,Z,4.893337753126668e-06,17565.923666185157,1.0985493670997447e-08,0.0001395698854403231,4.75,-0.375,4.75,-0.375
0.10,0.7515879653345714,0.46288566055720726,full,C,7.082803348893608e-05,47761.03920278668,5.295654473612713e-07,0.0010923913129821953,5.125,-0.125,5.0625,0.0
0.10,0.7515879653345714,0.46288566055720726,full,H,1.938248516853689e-05,47761.03920278668,2.1054308496926446e-07,0.0008141771540977061,5.125,-0.125,5.125,0.0
0.10,0.7515879653345714,0.46288566055720726,full,M,2.1885535803790277e-05,47761.03920278668,2.8532429311574327e-07,0.0006776056934333578,5.0625,-0.125,5.0625,0.0
0.10,0.7515879653345714,0.46288566055720726,full,Z,5.351825345182857e-06,47761.03920278668,1.0985493670997447e-08,0.0001395698854403231,4.75,-0.375,4.75,-0.375
0.10,1.001964724312734,0.6170876091621139,R4,C,8.204292275019883e-07,1110.5061275087655,9.302517765108811e-09,0.00014788594046652255,3.8125,-0.0625,3.8125,-0.0625
0.10,1.001964724312734,0.6170876091621139,R4,H,5.888819265551392e-09,1110.5061275087655,1.0422661192389802e-10,1.5717434507678263e-05,3.9375,0.375,3.6875,-0.6875
0.10,1.001964724312734,0.6170876091621139,R4,M,5.864975941964048e-08,1110.5061275087655,9.555053073744908e-10,6.377023966095826e-05,3.9375,-0.4375,4.0,0.0
0.10,1.001964724312734,0.6170876091621139,R4,Z,1.769388378989296e-07,1110.5061275087655,2.0743690088417305e-09,7.016685453607103e-05,3.8125,-0.0625,3.8125,0.0
0.10,1.001964724312734,0.6170876091621139,R8,C,5.533856130876987e-05,6872.765611042709,4.3236564216002276e-07,0.0008126247112429992,5.0,-0.0625,5.0,-0.0625
0.10,1.001964724312734,0.6170876091621139,R8,H,1.351386419620501e-05,6872.765611042709,2.1303944498979866e-07,0.0005741649074479938,4.9375,-0.0625,4.9375,-0.0625
0.10,1.001964724312734,0.6170876091621139,R8,M,1.0758085695848429e-05,6872.765611042709,1.455884347122593e-07,0.00047155013696994607,5.0,0.0625,5.0,0.0625
0.10,1.001964724312734,0.6170876091621139,R8,Z,5.8934055771882e-06,6872.765611042709,4.141959931343636e-08,0.00024918170686121584,5.4375,-0.125,5.4375,-0.125
0.10,1.001964724312734,0.6170876091621139,R12,C,5.5350018226609434e-05,17566.425736558365,4.3236564216002276e-07,0.0008126247112429992,5.0,-0.0625,5.0,-0.0625
0.10,1.001964724312734,0.6170876091621139,R12,H,1.3517607856913182e-05,17566.425736558365,2.1303944498979866e-07,0.0005741649074479938,4.9375,-0.0625,4.9375,-0.0625
0.10,1.001964724312734,0.6170876091621139,R12,M,1.0758919523526087e-05,17566.425736558365,1.455884347122593e-07,0.00047155013696994607,5.0,0.0625,5.0,0.0625
0.10,1.001964724312734,0.6170876091621139,R12,Z,5.8945865460241036e-06,17566.425736558365,4.141959931343636e-08,0.00024918170686121584,5.4375,-0.125,5.4375,-0.125
0.10,1.001964724312734,0.6170876091621139,full,C,7.01198092392476e-05,47761.727697896495,4.3236564216002276e-07,0.0008126247112429992,5.0,-0.0625,5.0,-0.0625
0.10,1.001964724312734,0.6170876091621139,full,H,2.1585270474628708e-05,47761.727697896495,2.1303944498979866e-07,0.0005741649074479938,4.9375,-0.0625,4.9375,-0.0625
0.10,1.001964724312734,0.6170876091621139,full,M,1.3201060510588166e-05,47761.727697896495,1.455884347122593e-07,0.00047155013696994607,5.0,0.0625,5.0,0.0625
0.10,1.001964724312734,0.6170876091621139,full,Z,6.956049230427773e-06,47761.727697896495,4.141959931343636e-08,0.00024918170686121584,5.4375,-0.125,5.4375,-0.125
0.10,1.2559828310715746,0.773533475934368,R4,C,6.618372347496885e-07,1100.9704088030003,1.1131320310778226e-08,0.0001738173028216794,3.9375,-0.0625,4.0,0.0
0.10,1.2559828310715746,0.773533475934368,R4,H,4.764592703039336e-08,1100.9704088030003,1.3249634438770755e-09,5.642032920150086e-05,3.875,-0.8125,3.875,-0.8125
0.10,1.2559828310715746,0.773533475934368,R4,M,8.187844357105449e-08,1100.9704088030003,1.1932855787022656e-09,6.165986707659703e-05,3.9375,-0.0625,4.0,0.0
0.10,1.2559828310715746,0.773533475934368,R4,Z,1.1674990706013058e-07,1100.9704088030003,2.147726797686557e-09,7.565209033326937e-05,3.9375,-0.0625,4.0,0.0
0.10,1.2559828310715746,0.773533475934368,R8,C,7.473510308464886e-05,6873.902128144427,3.916537898104982e-07,0.0007732196456304691,5.0625,-0.0625,4.875,-0.125
0.10,1.2559828310715746,0.773533475934368,R8,H,1.4589995728458744e-05,6873.902128144427,1.725420780409685e-07,0.0005161482258699834,4.875,-0.125,4.875,-0.125
0.10,1.2559828310715746,0.773533475934368,R8,M,9.735363589335842e-06,6873.902128144427,1.1717620045631024e-07,0.00045043797547456943,4.875,-0.0625,4.875,0.0
0.10,1.2559828310715746,0.773533475934368,R8,Z,1.1336821949099594e-05,6873.902128144427,7.357522194561222e-08,0.00032861073701909914,5.4375,-0.1875,5.4375,-0.1875
0.10,1.2559828310715746,0.773533475934368,R12,C,7.476238357571688e-05,17566.663933561067,3.916537898104982e-07,0.0007732196456304691,5.0625,-0.0625,4.875,-0.125
0.10,1.2559828310715746,0.773533475934368,R12,H,1.4593633697605286e-05,17566.663933561067,1.725420780409685e-07,0.0005161482258699834,4.875,-0.125,4.875,-0.125
0.10,1.2559828310715746,0.773533475934368,R12,M,9.736914463854498e-06,17566.663933561067,1.1717620045631024e-07,0.00045043797547456943,4.875,-0.0625,4.875,0.0
0.10,1.2559828310715746,0.773533475934368,R12,Z,1.1341496158228533e-05,17566.663933561067,7.357522194561222e-08,0.00032861073701909914,5.4375,-0.1875,5.4375,-0.1875
0.10,1.2559828310715746,0.773533475934368,full,C,9.593379512309851e-05,47762.20830483882,3.916537898104982e-07,0.0007732196456304691,5.0625,-0.0625,4.875,-0.125
0.10,1.2559828310715746,0.773533475934368,full,H,2.4466493060857865e-05,47762.20830483882,1.725420780409685e-07,0.0005161482258699834,4.875,-0.125,4.875,-0.125
0.10,1.2559828310715746,0.773533475934368,full,M,1.2810417426455871e-05,47762.20830483882,1.1717620045631024e-07,0.00045043797547456943,4.875,-0.0625,4.875,0.0
0.10,1.2559828310715746,0.773533475934368,full,Z,1.3391547406750424e-05,47762.20830483882,7.357522194561222e-08,0.00032861073701909914,5.4375,-0.1875,5.4375,-0.1875
0.10,1.502010196261165,0.9250603080436015,R4,C,1.0326213528220203e-06,1094.1349928048471,9.809489450380801e-09,0.00014579393584579806,3.9375,-0.0625,3.875,-0.0625
0.10,1.502010196261165,0.9250603080436015,R4,H,6.881024653872543e-08,1094.1349928048471,1.3865437859104418e-09,6.011086952639744e-05,3.75,-1.1875,3.75,-1.1875
0.10,1.502010196261165,0.9250603080436015,R4,M,1.0260325318303436e-07,1094.1349928048471,1.746830160269931e-09,7.417551681121847e-05,3.9375,-0.0625,4.0,0.0
0.10,1.502010196261165,0.9250603080436015,R4,Z,1.9468708190081533e-07,1094.1349928048471,1.894120868270389e-09,6.636191275214273e-05,3.8125,-0.0625,3.75,0.0
0.10,1.502010196261165,0.9250603080436015,R8,C,9.346485704267148e-05,6874.882465038223,4.643398142960803e-07,0.0008663321198964249,5.0625,-0.125,5.0,0.0
0.10,1.502010196261165,0.9250603080436015,R8,H,1.5210958586041702e-05,6874.882465038223,1.504203285542534e-07,0.0005076138186268508,4.75,-0.0625,5.0,0.0
0.10,1.502010196261165,0.9250603080436015,R8,M,1.2250919354350975e-05,6874.882465038223,1.3929925852022648e-07,0.0004531487249007722,5.0625,-0.125,5.0625,-0.125
0.10,1.502010196261165,0.9250603080436015,R8,Z,1.5614286851458036e-05,6874.882465038223,7.086880535175188e-08,0.0003240275808495562,5.5625,-0.1875,5.5625,-0.25
0.10,1.502010196261165,0.9250603080436015,R12,C,9.354031529344687e-05,17565.86791427847,4.643398142960803e-07,0.0008663321198964249,5.0625,-0.125,5.0,0.0
0.10,1.502010196261165,0.9250603080436015,R12,H,1.5216722347529224e-05,17565.86791427847,1.504203285542534e-07,0.0005076138186268508,4.75,-0.0625,5.0,0.0
0.10,1.502010196261165,0.9250603080436015,R12,M,1.2256993754741856e-05,17565.86791427847,1.3929925852022648e-07,0.0004531487249007722,5.0625,-0.125,5.0625,-0.125
0.10,1.502010196261165,0.9250603080436015,R12,Z,1.5628954574664556e-05,17565.86791427847,7.086880535175188e-08,0.0003240275808495562,5.5625,-0.1875,5.5625,-0.25
0.10,1.502010196261165,0.9250603080436015,full,C,0.00012276128517866965,47761.69779160583,4.643398142960803e-07,0.0008663321198964249,5.0625,-0.125,5.0,0.0
0.10,1.502010196261165,0.9250603080436015,full,H,2.6896292378006332e-05,47761.69779160583,1.504203285542534e-07,0.0005076138186268508,4.75,-0.0625,5.0,0.0
0.10,1.502010196261165,0.9250603080436015,full,M,1.5953750699950748e-05,47761.69779160583,1.3929925852022648e-07,0.0004531487249007722,5.0625,-0.125,5.0625,-0.125
0.10,1.502010196261165,0.9250603080436015,full,Z,1.908061716234499e-05,47761.69779160583,7.086880535175188e-08,0.0003240275808495562,5.5625,-0.1875,5.5625,-0.25
0.10,1.7567431810693264,1.0819529990097956,R4,C,1.1247182272769261e-06,1089.1361458804072,7.806308046419145e-09,0.00013185462210704919,3.875,-0.0625,3.875,0.0
0.10,1.7567431810693264,1.0819529990097956,R4,H,8.943924603116628e-08,1089.1361458804072,1.053721022928281e-09,5.437671279651113e-05,3.625,-1.5,3.625,-1.5
0.10,1.7567431810693264,1.0819529990097956,R4,M,1.2898029612437916e-07,1089.1361458804072,1.944086296953206e-09,6.399359148276176e-05,3.9375,-0.0625,3.9375,0.0
0.10,1.7567431810693264,1.0819529990097956,R4,Z,2.0258801978321815e-07,1089.1361458804072,1.3407946915361433e-09,5.5412481924851375e-05,3.8125,-0.0625,3.75,0.0
0.10,1.7567431810693264,1.0819529990097956,R8,C,0.00010232431353757286,6875.420360775301,5.14328047986432e-07,0.000883200540353973,4.9375,-0.0625,4.9375,-0.0625
0.10,1.7567431810693264,1.0819529990097956,R8,H,1.8163076445543562e-05,6875.420360775301,1.9204611092783957e-07,0.0005701202317140996,4.6875,-0.125,4.6875,0.0
0.10,1.7567431810693264,1.0819529990097956,R8,M,1.3899020447433828e-05,6875.420360775301,1.5393586854873646e-07,0.00048318020650045713,4.9375,-0.0625,4.9375,-0.0625
0.10,1.7567431810693264,1.0819529990097956,R8,Z,1.6652221428217758e-05,6875.420360775301,5.293576366384866e-08,0.0002844991072390853,5.625,-0.3125,5.0,-0.3125
0.10,1.7567431810693264,1.0819529990097956,R12,C,0.00010253267605641591,17563.31356104725,5.14328047986432e-07,0.000883200540353973,4.9375,-0.0625,4.9375,-0.0625
0.10,1.7567431810693264,1.0819529990097956,R12,H,1.8192446879071377e-05,17563.31356104725,1.9204611092783957e-07,0.0005701202317140996,4.6875,-0.125,4.6875,0.0
0.10,1.7567431810693264,1.0819529990097956,R12,M,1.3927883272952336e-05,17563.31356104725,1.5393586854873646e-07,0.00048318020650045713,4.9375,-0.0625,4.9375,-0.0625
0.10,1.7567431810693264,1.0819529990097956,R12,Z,1.668665092043581e-05,17563.31356104725,5.293576366384866e-08,0.0002844991072390853,5.625,-0.3125,5.0,-0.3125
0.10,1.7567431810693264,1.0819529990097956,full,C,0.00014229633410761013,47759.49103046917,5.14328047986432e-07,0.000883200540353973,4.9375,-0.0625,4.9375,-0.0625
0.10,1.7567431810693264,1.0819529990097956,full,H,3.177286128799798e-05,47759.49103046917,1.9204611092783957e-07,0.0005701202317140996,4.6875,-0.125,4.6875,0.0
0.10,1.7567431810693264,1.0819529990097956,full,M,1.828608783197787e-05,47759.49103046917,1.5393586854873646e-07,0.00048318020650045713,4.9375,-0.0625,4.9375,-0.0625
0.10,1.7567431810693264,1.0819529990097956,full,Z,2.2129430509975773e-05,47759.49103046917,5.293576366384866e-08,0.0002844991072390853,5.625,-0.3125,5.0,-0.3125
0.10,2.0041335601467467,1.234329487246461,R4,C,1.1483464990083402e-06,1085.6717522647568,7.504532619941642e-09,0.00012927666231600052,3.8125,-0.0625,3.75,0.0
0.10,2.0041335601467467,1.234329487246461,R4,H,1.076602400811911e-07,1085.6717522647568,8.478829472290566e-10,6.818624387960881e-05,3.5,-1.8125,4.0,0.0
0.10,2.0041335601467467,1.234329487246461,R4,M,1.5562252421367384e-07,1085.6717522647568,1.5325667957073142e-09,5.7588617740720784e-05,3.875,-0.375,3.875,-0.375
0.10,2.0041335601467467,1.234329487246461,R4,Z,1.9579891109884206e-07,1085.6717522647568,1.301439931079702e-09,5.447563729391657e-05,3.75,-0.0625,3.75,0.0
0.10,2.0041335601467467,1.234329487246461,R8,C,0.00010482797540746213,6875.166519813049,4.480378691179632e-07,0.0008681632071829831,4.875,-0.125,4.875,0.0
0.10,2.0041335601467467,1.234329487246461,R8,H,2.144463007028609e-05,6875.166519813049,2.0105658400539602e-07,0.0005845938576385379,4.5625,-0.0625,4.5625,-0.0625
0.10,2.0041335601467467,1.234329487246461,R8,M,1.596967312960612e-05,6875.166519813049,1.4787571805719524e-07,0.0005024223969504306,4.875,-0.0625,4.875,0.0
0.10,2.0041335601467467,1.234329487246461,R8,Z,1.5667438535118427e-05,6875.166519813049,3.6723192532106136e-08,0.00024107407137760882,4.9375,-0.375,4.9375,-0.375
0.10,2.0041335601467467,1.234329487246461,R12,C,0.00010649739368747973,17558.7911235454,4.480378691179632e-07,0.0008681632071829831,4.875,-0.125,4.875,0.0
0.10,2.0041335601467467,1.234329487246461,R12,H,2.1677481618771397e-05,17558.7911235454,2.0105658400539602e-07,0.0005845938576385379,4.5625,-0.0625,4.5625,-0.0625
0.10,2.0041335601467467,1.234329487246461,R12,M,1.6048255264270824e-05,17558.7911235454,1.4787571805719524e-07,0.0005024223969504306,4.875,-0.0625,4.875,0.0
0.10,2.0041335601467467,1.234329487246461,R12,Z,1.599887953258786e-05,17558.7911235454,3.6723192532106136e-08,0.00024107407137760882,4.9375,-0.375,4.9375,-0.375
0.10,2.0041335601467467,1.234329487246461,full,C,0.00015904644169820994,47755.356312506985,4.480378691179632e-07,0.0008681632071829831,4.875,-0.125,4.875,0.0
0.10,2.0041335601467467,1.234329487246461,full,H,3.718799589551964e-05,47755.356312506985,2.0105658400539602e-07,0.0005845938576385379,4.5625,-0.0625,4.5625,-0.0625
0.10,2.0041335601467467,1.234329487246461,full,M,2.1076500563078014e-05,47755.356312506985,1.4787571805719524e-07,0.0005024223969504306,4.875,-0.0625,4.875,0.0
0.10,2.0041335601467467,1.234329487246461,full,Z,2.3983708292548867e-05,47755.356312506985,3.6723192532106136e-08,0.00024107407137760882,4.9375,-0.375,4.9375,-0.375
0.10,2.2528146991572955,1.3875096997924887,R4,C,1.200936106848498e-06,1083.0576601958771,7.796145447691503e-09,0.00020917728462473806,3.6875,-0.0625,4.0,0.0
0.10,2.2528146991572955,1.3875096997924887,R4,H,1.6546270875934813e-07,1083.0576601958771,4.6432054558882884e-09,0.00017514757928438485,3.9375,-0.0625,4.0,0.0
0.10,2.2528146991572955,1.3875096997924887,R4,M,1.513139271652134e-07,1083.0576601958771,1.2770958374092035e-09,5.7688707708637225e-05,3.75,0.4375,4.0,0.0
0.10,2.2528146991572955,1.3875096997924887,R4,Z,1.967884770826847e-07,1083.0576601958771,1.458130910778729e-09,5.822968841038824e-05,3.6875,-0.0625,3.6875,0.0
0.10,2.2528146991572955,1.3875096997924887,R8,C,0.00010923509420899222,6873.5549163600235,4.781781005422677e-07,0.000887620010310419,4.75,-0.0625,8.0,0.0
0.10,2.2528146991572955,1.3875096997924887,R8,H,2.607484776418764e-05,6873.5549163600235,2.444791220291704e-07,0.0006309432210400701,4.75,-0.0625,4.5,0.0
0.10,2.2528146991572955,1.3875096997924887,R8,M,1.8758812669690293e-05,6873.5549163600235,1.4885102722359132e-07,0.0004879688805346392,4.8125,-0.0625,4.8125,-0.0625
0.10,2.2528146991572955,1.3875096997924887,R8,Z,1.4576131206531807e-05,6873.5549163600235,7.671219546546227e-08,0.00038339577532586343,8.0,0.0,8.0,0.0
0.10,2.2528146991572955,1.3875096997924887,R12,C,0.00012796761924981296,17552.144786123597,7.845283603718296e-07,0.000887620010310419,8.0,-0.125,8.0,0.0
0.10,2.2528146991572955,1.3875096997924887,R12,H,2.8870246322701395e-05,17552.144786123597,2.444791220291704e-07,0.0006309432210400701,4.75,-0.0625,4.5,0.0
0.10,2.2528146991572955,1.3875096997924887,R12,M,2.249445392056883e-05,17552.144786123597,1.801204709165926e-07,0.0004917674345009135,8.0,-0.625,8.0,-0.6875
0.10,2.2528146991572955,1.3875096997924887,R12,Z,1.7389839862974217e-05,17552.144786123597,1.4760635029527662e-07,0.00038339577532586343,8.0,-0.125,8.0,0.0
0.10,2.2528146991572955,1.3875096997924887,full,C,0.00019625006330251565,47749.14916335134,7.845283603718296e-07,0.000887620010310419,8.0,-0.125,8.0,0.0
0.10,2.2528146991572955,1.3875096997924887,full,H,4.6415272187232926e-05,47749.14916335134,2.444791220291704e-07,0.0006309432210400701,4.75,-0.0625,4.5,0.0
0.10,2.2528146991572955,1.3875096997924887,full,M,2.8234443547977102e-05,47749.14916335134,1.801204709165926e-07,0.0004917674345009135,8.0,-0.625,8.0,-0.6875
0.10,2.2528146991572955,1.3875096997924887,full,Z,2.8616986407516796e-05,47749.14916335134,1.4760635029527662e-07,0.00038339577532586343,8.0,-0.125,8.0,0.0
0.10,2.500253457715406,1.539936155404077,R4,C,1.7301259481808117e-06,1080.9585848313095,3.480718150405518e-08,0.00038619887482494266,3.9375,-0.0625,4.0,0.0
0.10,2.500253457715406,1.539936155404077,R4,H,4.414216074813693e-07,1080.9585848313095,2.1232233038098813e-08,0.0002836895582731813,3.9375,-0.0625,4.0,0.0
0.10,2.500253457715406,1.539936155404077,R4,M,1.9751250673174712e-07,1080.9585848313095,4.087903889963024e-09,0.00014199968813152162,3.9375,-0.0625,4.0,0.0
0.10,2.500253457715406,1.539936155404077,R4,Z,2.480493370496576e-07,1080.9585848313095,2.2765506390546615e-09,0.00010588610385871863,3.9375,-0.0625,4.0,0.0
0.10,2.500253457715406,1.539936155404077,R8,C,0.00012692944891929295,6869.76913135049,4.925962978339153e-07,0.0009301569568058683,4.6875,-0.0625,4.6875,0.0
0.10,2.500253457715406,1.539936155404077,R8,H,3.3760861594724794e-05,6869.76913135049,2.7419623199900606e-07,0.0006995443254709244,4.6875,-0.0625,4.6875,0.0
0.10,2.500253457715406,1.539936155404077,R8,M,2.7383489102001232e-05,6869.76913135049,2.4210594408964197e-07,0.0006811948009890157,7.875,-0.8125,7.875,-0.8125
0.10,2.500253457715406,1.539936155404077,R8,Z,1.4504635928886585e-05,6869.76913135049,2.886537736292099e-08,0.0002337310931394797,7.875,-0.0625,7.875,0.0
0.10,2.500253457715406,1.539936155404077,R12,C,0.00018129400095539034,17543.555114709023,1.2189869618525161e-06,0.0011553652168891264,8.25,-0.125,8.0,-0.875
0.10,2.500253457715406,1.539936155404077,R12,H,4.5790065888881584e-05,17543.555114709023,4.685338492747953e-07,0.0006995443254709244,8.0,-1.5,4.6875,0.0
0.10,2.500253457715406,1.539936155404077,R12,M,4.3446587145678685e-05,17543.555114709023,8.206356512599498e-07,0.0010554399767481587,8.0,-0.875,8.0,-0.8125
0.10,2.500253457715406,1.539936155404077,R12,Z,2.0831772408091542e-05,17543.555114709023,2.878273958538372e-07,0.0003730199440262338,8.25,-0.125,8.25,0.0
0.10,2.500253457715406,1.539936155404077,full,C,0.00026848871271924457,47741.04526865675,1.2189869618525161e-06,0.0011553652168891264,8.25,-0.125,8.0,-0.875
0.10,2.500253457715406,1.539936155404077,full,H,6.54839113961301e-05,47741.04526865675,4.685338492747953e-07,0.0006995443254709244,8.0,-1.5,4.6875,0.0
0.10,2.500253457715406,1.539936155404077,full,M,4.99397478149606e-05,47741.04526865675,8.206356512599498e-07,0.0010554399767481587,8.0,-0.875,8.0,-0.8125
0.10,2.500253457715406,1.539936155404077,full,Z,3.605702367307578e-05,47741.04526865675,2.878273958538372e-07,0.0003730199440262338,8.25,-0.125,8.25,0.0
0.10,2.7526274328862836,1.6954177126682424,R4,C,3.3337930409502455e-06,1079.0858415200048,8.327360906066549e-08,0.0004410478545285695,3.9375,-0.0625,4.0,0.0
0.10,2.7526274328862836,1.6954177126682424,R4,H,1.112699938119306e-06,1079.0858415200048,4.0413862798107434e-08,0.0002959650009870529,3.9375,-0.0625,3.9375,0.0
0.10,2.7526274328862836,1.6954177126682424,R4,M,4.3361580594549006e-07,1079.0858415200048,1.1701721349919435e-08,0.0001578188615864158,3.9375,-0.0625,3.9375,0.0
0.10,2.7526274328862836,1.6954177126682424,R4,Z,4.068547919209598e-07,1079.0858415200048,6.955328360572677e-09,0.00014395600233091193,3.9375,-0.0625,4.0,0.0
0.10,2.7526274328862836,1.6954177126682424,R8,C,0.00015145422755209956,6863.446190661792,6.785571551441458e-07,0.0011388666324575487,7.875,-0.9375,7.875,-0.9375
0.10,2.7526274328862836,1.6954177126682424,R8,H,4.2357833112554375e-05,6863.446190661792,2.879844003995415e-07,0.0007073199958540499,4.625,-0.0625,4.625,0.0
0.10,2.7526274328862836,1.6954177126682424,R8,M,4.100353741761381e-05,6863.446190661792,5.820788693411611e-07,0.0010548010866080926,7.875,-0.9375,7.875,-0.9375
0.10,2.7526274328862836,1.6954177126682424,R8,Z,1.4760522463288777e-05,6863.446190661792,2.5631264946072362e-08,0.00020490063947905545,6.125,-0.0625,6.125,0.0
0.10,2.7526274328862836,1.6954177126682424,R12,C,0.00021464529685367016,17532.99815742265,1.193385779912593e-06,0.0012477979769654052,8.0,-1.625,7.9375,-1.3125
0.10,2.7526274328862836,1.6954177126682424,R12,H,6.36446082827213e-05,17532.99815742265,7.174865897908088e-07,0.0008420163067057729,8.0,-1.625,8.0,-1.625
0.10,2.7526274328862836,1.6954177126682424,R12,M,5.924863789653575e-05,17532.99815742265,6.33250014022654e-07,0.0011102807908097577,7.9375,-1.3125,7.9375,-1.3125
0.10,2.7526274328862836,1.6954177126682424,R12,Z,2.0459019837508913e-05,17532.99815742265,1.4846286458955376e-07,0.00026755146090715553,8.5,-0.125,8.5,0.0
0.10,2.7526274328862836,1.6954177126682424,full,C,0.0003248947979984102,47731.033650395606,1.193385779912593e-06,0.0012477979769654052,8.0,-1.625,7.9375,-1.3125
0.10,2.7526274328862836,1.6954177126682424,full,H,8.567760102869636e-05,47731.033650395606,7.174865897908088e-07,0.0008420163067057729,8.0,-1.625,8.0,-1.625
0.10,2.7526274328862836,1.6954177126682424,full,M,6.656547855806227e-05,47731.033650395606,6.33250014022654e-07,0.0011102807908097577,7.9375,-1.3125,7.9375,-1.3125
0.10,2.7526274328862836,1.6954177126682424,full,Z,4.0652809289695334e-05,47731.033650395606,1.4846286458955376e-07,0.00026755146090715553,8.5,-0.125,8.5,0.0
0.10,3.0029236441181664,1.8496368505898182,R4,C,5.4343617903324084e-06,1077.35060672003,8.536071982874946e-08,0.0004320863007195632,3.875,-0.0625,3.875,0.0
0.10,3.0029236441181664,1.8496368505898182,R4,H,1.720879294747227e-06,1077.35060672003,3.59869934807823e-08,0.00028069774270989,3.875,-0.0625,3.875,0.0
0.10,3.0029236441181664,1.8496368505898182,R4,M,7.493270993513701e-07,1077.35060672003,1.1747092051142927e-08,0.0001596265525143493,3.9375,-0.375,3.875,-0.1875
0.10,3.0029236441181664,1.8496368505898182,R4,Z,6.608060390421655e-07,1077.35060672003,1.0505666644845712e-08,0.00015019303711596096,3.9375,-0.0625,3.9375,0.0
0.10,3.0029236441181664,1.8496368505898182,R8,C,0.00016904485057886768,6855.02962361935,5.636197576063346e-07,0.0010430652344695151,7.8125,1.3125,7.8125,1.3125
0.10,3.0029236441181664,1.8496368505898182,R8,H,5.130036763606939e-05,6855.02962361935,3.066873644480681e-07,0.0007543526007793844,4.5,-0.0625,4.5,0.0
0.10,3.0029236441181664,1.8496368505898182,R8,M,4.838437761619959e-05,6855.02962361935,4.3784000005171317e-07,0.0009193398460286794,7.8125,-1.3125,7.8125,-1.3125
0.10,3.0029236441181664,1.8496368505898182,R8,Z,1.4820601305550357e-05,6855.02962361935,2.5441978001463372e-08,0.00020608784960684197,6.25,-0.0625,6.25,0.0
0.10,3.0029236441181664,1.8496368505898182,R12,C,0.00021478892632202675,17521.00838037084,6.861903719875475e-07,0.0010430652344695151,8.0,-2.125,7.8125,1.3125
0.10,3.0029236441181664,1.8496368505898182,R12,H,7.293937318647161e-05,17521.00838037084,5.153628918668443e-07,0.0007543526007793844,8.0,-2.125,4.5,0.0
0.10,3.0029236441181664,1.8496368505898182,R12,M,6.261164175126697e-05,17521.00838037084,4.3784000005171317e-07,0.0009193398460286794,7.8125,-1.3125,7.8125,-1.3125
0.10,3.0029236441181664,1.8496368505898182,R12,Z,1.7173697960923374e-05,17521.00838037084,3.088428766646469e-08,0.00020608784960684197,8.5,-1.375,6.25,0.0
0.10,3.0029236441181664,1.8496368505898182,full,C,0.0003521072563725553,47719.634352304216,6.861903719875475e-07,0.0010430652344695151,8.0,-2.125,7.8125,1.3125
0.10,3.0029236441181664,1.8496368505898182,full,H,9.747087677004947e-05,47719.634352304216,5.153628918668443e-07,0.0007543526007793844,8.0,-2.125,4.5,0.0
0.10,3.0029236441181664,1.8496368505898182,full,M,7.08058934859357e-05,47719.634352304216,4.3784000005171317e-07,0.0009193398460286794,7.8125,-1.3125,7.8125,-1.3125
0.10,3.0029236441181664,1.8496368505898182,full,Z,4.328642418576069e-05,47719.634352304216,3.088428766646469e-08,0.00020608784960684197,8.5,-1.375,6.25,0.0
0.10,3.251327475824071,2.0027090346311045,R4,C,7.160331624494476e-06,1075.6834893272835,7.830073527941921e-08,0.0005123187003292402,3.8125,-0.0625,4.0,0.0
0.10,3.251327475824071,2.0027090346311045,R4,H,1.958240096039617e-06,1075.6834893272835,3.2625349720412716e-08,0.00040278799133375287,3.75,-0.0625,4.0,0.0
0.10,3.251327475824071,2.0027090346311045,R4,M,9.764558386273026e-07,1075.6834893272835,1.1102598419531478e-08,0.00018673117354505995,3.8125,-0.3125,4.0,0.0
0.10,3.251327475824071,2.0027090346311045,R4,Z,9.222400529009709e-07,1075.6834893272835,1.0567728218000666e-08,0.00015268029059325175,3.875,-0.0625,3.875,0.0
0.10,3.251327475824071,2.0027090346311045,R8,C,0.00018087807913627833,6844.867997949404,5.186445351992503e-07,0.0009851790922836764,4.4375,-0.0625,4.4375,0.0
0.10,3.251327475824071,2.0027090346311045,R8,H,5.900083979920352e-05,6844.867997949404,3.34677370142497e-07,0.0007931945729069412,4.4375,-0.0625,4.4375,0.0
0.10,3.251327475824071,2.0027090346311045,R8,M,5.1036469190792356e-05,6844.867997949404,3.3243122949189594e-07,0.0007971891974780075,7.6875,-1.3125,7.6875,-1.3125
0.10,3.251327475824071,2.0027090346311045,R8,Z,1.4994158703383715e-05,6844.867997949404,2.4787842129633114e-08,0.000204336606359459,6.3125,-0.0625,6.3125,0.0
0.10,3.251327475824071,2.0027090346311045,R12,C,0.00021715021848361623,17507.8484342038,5.186445351992503e-07,0.0009851790922836764,4.4375,-0.0625,4.4375,0.0
0.10,3.251327475824071,2.0027090346311045,R12,H,7.772195575975809e-05,17507.8484342038,4.0377029949297846e-07,0.0007931945729069412,8.0,-2.625,4.4375,0.0
0.10,3.251327475824071,2.0027090346311045,R12,M,6.152676668005319e-05,17507.8484342038,3.3243122949189594e-07,0.0007971891974780075,7.6875,-1.3125,7.6875,-1.3125
0.10,3.251327475824071,2.0027090346311045,R12,Z,1.6629675580119204e-05,17507.8484342038,2.4787842129633114e-08,0.000204336606359459,6.3125,-0.0625,6.3125,0.0
0.10,3.251327475824071,2.0027090346311045,full,C,0.0003859374486201955,47707.10919384805,5.186445351992503e-07,0.0009851790922836764,4.4375,-0.0625,4.4375,0.0
0.10,3.251327475824071,2.0027090346311045,full,H,0.00010493351767584423,47707.10919384805,4.0377029949297846e-07,0.0007931945729069412,8.0,-2.625,4.4375,0.0
0.10,3.251327475824071,2.0027090346311045,full,M,7.065749427897879e-05,47707.10919384805,3.3243122949189594e-07,0.0007971891974780075,7.6875,-1.3125,7.6875,-1.3125
0.10,3.251327475824071,2.0027090346311045,full,Z,4.970121276707966e-05,47707.10919384805,2.7189860585561485e-08,0.000204336606359459,15.875,-1.75,6.3125,0.0
0.10,3.504957515523857,2.159020759884992,R4,C,1.0178408241400195e-05,1074.0309265224705,1.807385739073794e-07,0.0007938638432869469,3.9375,-0.0625,4.0,0.0
0.10,3.504957515523857,2.159020759884992,R4,H,3.6105996989804493e-06,1074.0309265224705,1.3000369626519544e-07,0.00070757552748546,3.9375,-0.0625,4.0,0.0
0.10,3.504957515523857,2.159020759884992,R4,M,1.4864030093133063e-06,1074.0309265224705,2.8696579272022444e-08,0.0003439193581786499,3.9375,-0.0625,4.0,0.0
0.10,3.504957515523857,2.159020759884992,R4,Z,1.0957565254796946e-06,1074.0309265224705,1.0131932640280377e-08,0.00015148425779716514,3.8125,-0.0625,3.8125,0.0
0.10,3.504957515523857,2.159020759884992,R8,C,0.00019567896552079883,6832.856366295769,5.164084760819274e-07,0.000991682182698897,4.375,-0.0625,4.375,0.0
0.10,3.504957515523857,2.159020759884992,R8,H,6.736279139169019e-05,6832.856366295769,3.406803196082234e-07,0.0008060391992330551,4.375,-0.0625,4.375,0.0
0.10,3.504957515523857,2.159020759884992,R8,M,5.324743075027378e-05,6832.856366295769,2.518876167440619e-07,0.0006895990230525161,7.5625,-1.25,7.5625,-1.25
0.10,3.504957515523857,2.159020759884992,R8,Z,1.5897027973876664e-05,6832.856366295769,2.695135574848496e-08,0.00022120951611741125,7.375,-0.0625,7.375,0.0
0.10,3.504957515523857,2.159020759884992,R12,C,0.00022859886172264446,17493.297034896645,5.164084760819274e-07,0.000991682182698897,4.375,-0.0625,4.375,0.0
0.10,3.504957515523857,2.159020759884992,R12,H,8.418728505384511e-05,17493.297034896645,3.406803196082234e-07,0.0008060391992330551,4.375,-0.0625,4.375,0.0
0.10,3.504957515523857,2.159020759884992,R12,M,6.13922420329444e-05,17493.297034896645,2.518876167440619e-07,0.0006895990230525161,7.5625,-1.25,7.5625,-1.25
0.10,3.504957515523857,2.159020759884992,R12,Z,1.775238015955581e-05,17493.297034896645,2.7126709952661812e-08,0.00022120951611741125,9.125,-0.125,7.375,0.0
0.10,3.504957515523857,2.159020759884992,full,C,0.0004347607515202193,47693.25598813212,5.164084760819274e-07,0.000991682182698897,4.375,-0.0625,4.375,0.0
0.10,3.504957515523857,2.159020759884992,full,H,0.00011437465951196164,47693.25598813212,3.406803196082234e-07,0.0008060391992330551,4.375,-0.0625,4.375,0.0
0.10,3.504957515523857,2.159020759884992,full,M,7.154962595352389e-05,47693.25598813212,2.518876167440619e-07,0.0006895990230525161,7.5625,-1.25,7.5625,-1.25
0.10,3.504957515523857,2.159020759884992,full,Z,5.9162193445916824e-05,47693.25598813212,3.154997567281893e-08,0.00022120951611741125,15.875,-2.5,7.375,0.0
0.10,3.750325025844545,2.310254424721048,R4,C,1.575353102114387e-05,1072.5102973909902,3.0334250862123245e-07,0.0008161145275929939,3.9375,-0.0625,3.9375,0.0
0.10,3.750325025844545,2.310254424721048,R4,H,7.783922958539128e-06,1072.5102973909902,2.4311786577429617e-07,0.0007309525390155613,3.9375,-0.0625,3.9375,0.0
0.10,3.750325025844545,2.310254424721048,R4,M,2.5938487620747453e-06,1072.5102973909902,5.851119444877275e-08,0.00035792116218414933,3.9375,-0.0625,3.9375,0.0
0.10,3.750325025844545,2.310254424721048,R4,Z,1.1529919631620378e-06,1072.5102973909902,9.920262478750881e-09,0.00015343004918204253,3.6875,-0.0625,3.6875,0.0
0.10,3.750325025844545,2.310254424721048,R8,C,0.0002105120821135746,6819.820703880346,4.917308748942853e-07,0.0009904041505185324,4.3125,-0.0625,4.25,0.0
0.10,3.750325025844545,2.310254424721048,R8,H,7.619980702398982e-05,6819.820703880346,3.287544614045282e-07,0.0008089248440228403,4.3125,-0.0625,4.25,0.0
0.10,3.750325025844545,2.310254424721048,R8,M,5.5179736047974464e-05,6819.820703880346,2.3302359572141412e-07,0.0006528484525271203,7.375,-0.75,7.375,-0.75
0.10,3.750325025844545,2.310254424721048,R8,Z,1.6835750801537702e-05,6819.820703880346,5.5124815803630135e-08,0.0003154252008770928,7.25,-0.0625,7.25,0.0
0.10,3.750325025844545,2.310254424721048,R12,C,0.00024236885969511232,17478.26228997737,4.917308748942853e-07,0.0009904041505185324,4.3125,-0.0625,4.25,0.0
0.10,3.750325025844545,2.310254424721048,R12,H,9.225160850413461e-05,17478.26228997737,3.287544614045282e-07,0.0008089248440228403,4.3125,-0.0625,4.25,0.0
0.10,3.750325025844545,2.310254424721048,R12,M,6.294785260767205e-05,17478.26228997737,2.3302359572141412e-07,0.0006528484525271203,7.375,-0.75,7.375,-0.75
0.10,3.750325025844545,2.310254424721048,R12,Z,1.8691574131015466e-05,17478.26228997737,5.5124815803630135e-08,0.0003154252008770928,7.25,-0.0625,7.25,0.0
0.10,3.750325025844545,2.310254424721048,full,C,0.0004902384468765381,47678.94423696366,4.917308748942853e-07,0.0009904041505185324,4.3125,-0.0625,4.25,0.0
0.10,3.750325025844545,2.310254424721048,full,H,0.00012557573160935202,47678.94423696366,3.287544614045282e-07,0.0008089248440228403,4.3125,-0.0625,4.25,0.0
0.10,3.750325025844545,2.310254424721048,full,M,7.416895495926951e-05,47678.94423696366,2.3302359572141412e-07,0.0006528484525271203,7.375,-0.75,7.375,-0.75
0.10,3.750325025844545,2.310254424721048,full,Z,6.947250403739944e-05,47678.94423696366,5.5124815803630135e-08,0.0003154252008770928,7.25,-0.0625,7.25,0.0
0.10,4.0012730729041035,2.464931723388596,R4,C,2.132339376394764e-05,1071.0848203069156,2.86759270187083e-07,0.0008004221617290454,3.875,-0.0625,3.875,0.0
0.10,4.0012730729041035,2.464931723388596,R4,H,1.1925090562353058e-05,1071.0848203069156,2.2942333346816688e-07,0.0007162070251069963,3.875,-0.0625,3.875,0.0
0.10,4.0012730729041035,2.464931723388596,R4,M,3.8023941921164894e-06,1071.0848203069156,5.691593561435281e-08,0.0003560613855580501,3.875,-0.0625,3.875,0.0
0.10,4.0012730729041035,2.464931723388596,R4,Z,1.18326363739787e-06,1071.0848203069156,9.658012225418713e-09,0.00015326916308155118,3.625,-0.0625,3.625,0.0
0.10,4.0012730729041035,2.464931723388596,R8,C,0.0002206142446532887,6805.189075636786,5.229336592869064e-07,0.0010309480713205465,4.1875,-0.0625,4.1875,0.0
0.10,4.0012730729041035,2.464931723388596,R8,H,8.459850920124977e-05,6805.189075636786,3.55603353933929e-07,0.0008509342442266643,4.1875,-0.0625,4.1875,0.0
0.10,4.0012730729041035,2.464931723388596,R8,M,5.603886254200944e-05,6805.189075636786,2.3103526827434396e-07,0.0006564611286136598,7.3125,-1.1875,7.3125,-1.1875
0.10,4.0012730729041035,2.464931723388596,R8,Z,1.6890705496885554e-05,6805.189075636786,4.2338255309069005e-08,0.00027498175063040054,7.125,-0.0625,7.125,0.0
0.10,4.0012730729041035,2.464931723388596,R12,C,0.00025258324143301964,17461.988099762228,5.229336592869064e-07,0.0010309480713205465,4.1875,-0.0625,4.1875,0.0
0.10,4.0012730729041035,2.464931723388596,R12,H,9.969294779451406e-05,17461.988099762228,3.55603353933929e-07,0.0008509342442266643,4.1875,-0.0625,4.1875,0.0
0.10,4.0012730729041035,2.464931723388596,R12,M,6.42365693044562e-05,17461.988099762228,2.3103526827434396e-07,0.0006564611286136598,7.3125,-1.1875,7.3125,-1.1875
0.10,4.0012730729041035,2.464931723388596,R12,Z,1.88846720741324e-05,17461.988099762228,4.2338255309069005e-08,0.00027498175063040054,7.125,-0.0625,7.125,0.0
0.10,4.0012730729041035,2.464931723388596,full,C,0.0005493082767649525,47663.45602571933,5.229336592869064e-07,0.0010309480713205465,4.1875,-0.0625,4.1875,0.0
0.10,4.0012730729041035,2.464931723388596,full,H,0.00013652044709948146,47663.45602571933,3.55603353933929e-07,0.0008509342442266643,4.1875,-0.0625,4.1875,0.0
0.10,4.0012730729041035,2.464931723388596,full,M,7.661759615014131e-05,47663.45602571933,2.3103526827434396e-07,0.0006564611286136598,7.3125,-1.1875,7.3125,-1.1875
0.10,4.0012730729041035,2.464931723388596,full,Z,8.070558840478973e-05,47663.45602571933,4.2338255309069005e-08,0.00027498175063040054,7.125,-0.0625,7.125,0.0
0.10,4.25115606561173,2.6189365612570557,R4,C,2.4697381900071626e-05,1069.8485893572226,2.857855507438137e-07,0.0008192822492704417,3.75,-0.0625,3.75,0.0
0.10,4.25115606561173,2.6189365612570557,R4,H,1.3828174699723538e-05,1069.8485893572226,2.2867166745251074e-07,0.0007331343949772418,3.75,-0.0625,3.75,0.0
0.10,4.25115606561173,2.6189365612570557,R4,M,4.506508713669237e-06,1069.8485893572226,5.4236032255557054e-08,0.00035659394215605694,3.75,-0.0625,3.75,0.0
0.10,4.25115606561173,2.6189365612570557,R4,Z,1.3073454843192742e-06,1069.8485893572226,9.249317993165621e-09,0.00016552745364328006,3.5,-0.0625,4.0,0.0
0.10,4.25115606561173,2.6189365612570557,R8,C,0.00022786023384279566,6789.419200916297,5.27112257408502e-07,0.0010440208835267293,4.125,-0.0625,4.125,0.0
0.10,4.25115606561173,2.6189365612570557,R8,H,9.232276118817188e-05,6789.419200916297,3.642919138710631e-07,0.0008684043423272669,4.125,-0.0625,4.125,0.0
0.10,4.25115606561173,2.6189365612570557,R8,M,5.70190486879524e-05,6789.419200916297,2.2598478898117125e-07,0.00064872619808552,7.1875,-1.1875,7.1875,-1.25
0.10,4.25115606561173,2.6189365612570557,R8,Z,1.612093084610709e-05,6789.419200916297,3.091229879948848e-08,0.00023433133817440927,6.875,-0.0625,6.875,0.0
0.10,4.25115606561173,2.6189365612570557,R12,C,0.00025796663842397297,17444.91920216194,5.27112257408502e-07,0.0010440208835267293,4.125,-0.0625,4.125,0.0
0.10,4.25115606561173,2.6189365612570557,R12,H,0.00010520425251426829,17444.91920216194,3.642919138710631e-07,0.0008684043423272669,4.125,-0.0625,4.125,0.0
0.10,4.25115606561173,2.6189365612570557,R12,M,6.501429547353945e-05,17444.91920216194,2.2598478898117125e-07,0.00064872619808552,7.1875,-1.1875,7.1875,-1.25
0.10,4.25115606561173,2.6189365612570557,R12,Z,1.8221415977665312e-05,17444.91920216194,3.091404924048634e-08,0.00023433133817440927,9.25,-0.125,6.875,0.0
0.10,4.25115606561173,2.6189365612570557,full,C,0.0006101438874682839,47647.21132847818,5.27112257408502e-07,0.0010440208835267293,4.125,-0.0625,4.125,0.0
0.10,4.25115606561173,2.6189365612570557,full,H,0.0001458481847199844,47647.21132847818,3.642919138710631e-07,0.0008684043423272669,4.125,-0.0625,4.125,0.0
0.10,4.25115606561173,2.6189365612570557,full,M,7.8622023132354e-05,47647.21132847818,2.2598478898117125e-07,0.00064872619808552,7.1875,-1.1875,7.1875,-1.25
0.10,4.25115606561173,2.6189365612570557,full,Z,9.26326610654292e-05,47647.21132847818,4.831620769985258e-08,0.00023433133817440927,15.875,-3.75,6.875,0.0
0.10,4.500069262753969,2.7722925656117368,R4,C,2.9797931922069112e-05,1068.841358503828,2.784227794782676e-07,0.0020025589290917226,3.6875,-0.0625,0.0,-0.5
0.10,4.500069262753969,2.7722925656117368,R4,H,1.6711937534149855e-05,1068.841358503828,2.2284487575843757e-07,0.0020024210680276155,3.6875,-0.0625,0.0,-0.5
0.10,4.500069262753969,2.7722925656117368,R4,M,5.262332752144886e-06,1068.841358503828,5.4881274593006286e-08,0.00040149090546118455,3.6875,-0.0625,4.0,0.0
0.10,4.500069262753969,2.7722925656117368,R4,Z,1.5716667740313397e-06,1068.841358503828,1.3813486480100356e-08,0.00018445776142936044,3.9375,-0.0625,4.0,0.0
0.10,4.500069262753969,2.7722925656117368,R8,C,0.00023565189174927533,6772.593149091638,5.067610206644906e-07,0.0020025589290917226,4.0625,-0.0625,0.0,-0.5
0.10,4.500069262753969,2.7722925656117368,R8,H,9.978377401939612e-05,6772.593149091638,3.544855208120208e-07,0.0020024210680276155,4.0625,-0.0625,0.0,-0.5
0.10,4.500069262753969,2.7722925656117368,R8,M,5.7743189361873044e-05,6772.593149091638,1.7436249573910677e-07,0.0005704108823905084,7.0625,-1.25,7.0625,-1.25
0.10,4.500069262753969,2.7722925656117368,R8,Z,1.5391549774624533e-05,6772.593149091638,2.5648548136097735e-08,0.0002145425203008657,7.0625,-0.0625,7.0625,0.0
0.10,4.500069262753969,2.7722925656117368,R12,C,0.00026321615451015156,17427.076951780582,5.067610206644906e-07,0.0020025589290917226,4.0625,-0.0625,0.0,-0.5
0.10,4.500069262753969,2.7722925656117368,R12,H,0.0001103994159500242,17427.076951780582,3.544855208120208e-07,0.0020024210680276155,4.0625,-0.0625,0.0,-0.5
0.10,4.500069262753969,2.7722925656117368,R12,M,6.51624486332034e-05,17427.076951780582,1.7436249573910677e-07,0.0005704108823905084,7.0625,-1.25,7.0625,-1.25
0.10,4.500069262753969,2.7722925656117368,R12,Z,1.7564845795934314e-05,17427.076951780582,3.404215140101094e-08,0.0002145425203008657,9.375,-0.125,7.0625,0.0
0.10,4.500069262753969,2.7722925656117368,full,C,0.0006779817701378599,47630.2204363002,5.067610206644906e-07,0.0020025589290917226,4.0625,-0.0625,0.0,-0.5
0.10,4.500069262753969,2.7722925656117368,full,H,0.000155202606027521,47630.2204363002,3.544855208120208e-07,0.0020024210680276155,4.0625,-0.0625,0.0,-0.5
0.10,4.500069262753969,2.7722925656117368,full,M,8.006063941938524e-05,47630.2204363002,1.7436249573910677e-07,0.0005704108823905084,7.0625,-1.25,7.0625,-1.25
0.10,4.500069262753969,2.7722925656117368,full,Z,0.0001062425928879065,47630.2204363002,5.543656164415591e-08,0.0002145425203008657,15.875,-3.875,7.0625,0.0
0.10,4.7548173599349735,2.929128597751108,R4,C,3.94954811219375e-05,1068.0665694231798,5.156365166269125e-07,0.002211707885292985,3.9375,-0.0625,0.0,-1.0
0.10,4.7548173599349735,2.929128597751108,R4,H,2.3090913370977373e-05,1068.0665694231798,3.628270128689392e-07,0.002211556537076831,3.9375,-0.0625,0.0,-1.0
0.10,4.7548173599349735,2.929128597751108,R4,M,6.894517459534651e-06,1068.0665694231798,8.468857745244164e-08,0.0004351091384626412,3.9375,-0.0625,4.0,0.0
0.10,4.7548173599349735,2.929128597751108,R4,Z,1.901459777050877e-06,1068.0665694231798,1.4631242558871017e-08,0.00017935573432641607,3.9375,-0.0625,3.875,0.0
0.10,4.7548173599349735,2.929128597751108,R8,C,0.0002478658509973325,6754.26447942621,7.697538398906951e-07,0.002211707885292985,5.25,0.0,0.0,-1.0
0.10,4.7548173599349735,2.929128597751108,R8,H,0.00010693032743426107,6754.26447942621,3.628270128689392e-07,0.002211556537076831,3.9375,-0.0625,0.0,-1.0
0.10,4.7548173599349735,2.929128597751108,R8,M,5.8383860612340486e-05,6754.26447942621,1.5802919095230148e-07,0.0005397770303655253,7.0625,-1.0625,7.0625,-1.0625
0.10,4.7548173599349735,2.929128597751108,R8,Z,1.572738895463554e-05,6754.26447942621,3.758841513689618e-08,0.00025891958567786556,6.9375,-0.0625,6.9375,0.0
0.10,4.7548173599349735,2.929128597751108,R12,C,0.00027352517630161154,17407.958071540168,7.697538398906951e-07,0.002211707885292985,5.25,0.0,0.0,-1.0
0.10,4.7548173599349735,2.929128597751108,R12,H,0.00011587782018825012,17407.958071540168,3.628270128689392e-07,0.002211556537076831,3.9375,-0.0625,0.0,-1.0
0.10,4.7548173599349735,2.929128597751108,R12,M,6.518662922206345e-05,17407.958071540168,1.5802919095230148e-07,0.0005397770303655253,7.0625,-1.0625,7.0625,-1.0625
0.10,4.7548173599349735,2.929128597751108,R12,Z,1.7988604614502525e-05,17407.958071540168,3.758841513689618e-08,0.00025891958567786556,6.9375,-0.0625,6.9375,0.0
0.10,4.7548173599349735,2.929128597751108,full,C,0.0007605952827083549,47611.98472333048,7.697538398906951e-07,0.002211707885292985,5.25,0.0,0.0,-1.0
0.10,4.7548173599349735,2.929128597751108,full,H,0.00016534104468243096,47611.98472333048,3.628270128689392e-07,0.002211556537076831,3.9375,-0.0625,0.0,-1.0
0.10,4.7548173599349735,2.929128597751108,full,M,8.147218559171925e-05,47611.98472333048,1.5802919095230148e-07,0.0005397770303655253,7.0625,-1.0625,7.0625,-1.0625
0.10,4.7548173599349735,2.929128597751108,full,Z,0.00012320223336057396,47611.98472333048,6.364208208611118e-08,0.00025891958567786556,15.875,-4.125,6.9375,0.0
0.10,5.002052743852435,3.0811292137292066,R4,C,4.991127118031503e-05,1067.5612735004763,5.226813089650678e-07,0.0015281009885658654,3.875,-0.0625,0.0,-1.25
0.10,5.002052743852435,3.0811292137292066,R4,H,3.0260686698900195e-05,1067.5612735004763,3.7376596348152543e-07,0.0015271679731085896,3.875,-0.0625,0.0,-1.25
0.10,5.002052743852435,3.0811292137292066,R4,M,8.949948141563219e-06,1067.5612735004763,8.995380637188052e-08,0.00044923545872978515,3.875,-0.0625,3.875,0.0
0.10,5.002052743852435,3.0811292137292066,R4,Z,2.147115102567296e-06,1067.5612735004763,1.4128089830112464e-08,0.00017971536793653733,3.8125,-0.0625,3.8125,0.0
0.10,5.002052743852435,3.0811292137292066,R8,C,0.00026456379693811993,6735.426113553206,1.5047838171962112e-06,0.0025781260954326683,5.25,0.0,5.25,0.0
0.10,5.002052743852435,3.0811292137292066,R8,H,0.00011341430590808674,6735.426113553206,3.7376596348152543e-07,0.0015271679731085896,3.875,-0.0625,0.0,-1.25
0.10,5.002052743852435,3.0811292137292066,R8,M,6.012723665653404e-05,6735.426113553206,1.4940227062224547e-07,0.0006264072378812362,6.9375,-1.1875,5.125,0.0
0.10,5.002052743852435,3.0811292137292066,R8,Z,1.6648242274419907e-05,6735.426113553206,4.7766762890893574e-08,0.000324890107382525,5.1875,-0.0625,5.1875,-0.0625
0.10,5.002052743852435,3.0811292137292066,R12,C,0.0002891094234657521,17388.583125299316,1.5047838171962112e-06,0.0025781260954326683,5.25,0.0,5.25,0.0
0.10,5.002052743852435,3.0811292137292066,R12,H,0.00012100958093427885,17388.583125299316,3.7376596348152543e-07,0.0015271679731085896,3.875,-0.0625,0.0,-1.25
0.10,5.002052743852435,3.0811292137292066,R12,M,6.64492194551717e-05,17388.583125299316,1.4940227062224547e-07,0.0006264072378812362,6.9375,-1.1875,5.125,0.0
0.10,5.002052743852435,3.0811292137292066,R12,Z,1.9073115403375287e-05,17388.583125299316,4.7766762890893574e-08,0.000324890107382525,5.1875,-0.0625,5.1875,-0.0625
0.10,5.002052743852435,3.0811292137292066,full,C,0.0008549766249070517,47593.45064738584,1.5047838171962112e-06,0.0025781260954326683,5.25,0.0,5.25,0.0
0.10,5.002052743852435,3.0811292137292066,full,H,0.00017541722383543072,47593.45064738584,3.7376596348152543e-07,0.0015271679731085896,3.875,-0.0625,0.0,-1.25
0.10,5.002052743852435,3.0811292137292066,full,M,8.413986064839056e-05,47593.45064738584,1.4940227062224547e-07,0.0006264072378812362,6.9375,-1.1875,5.125,0.0
0.10,5.002052743852435,3.0811292137292066,full,Z,0.0001423573877085499,47593.45064738584,7.254722007883166e-08,0.000324890107382525,15.875,-4.375,5.1875,-0.0625
0.10,5.255181215132532,3.2363835386809936,R4,C,5.7627859391078695e-05,1067.2672992550329,5.034441172965785e-07,0.001095853230642929,3.8125,-0.0625,0.0,-1.5
0.10,5.255181215132532,3.2363835386809936,R4,H,3.5624327364005454e-05,1067.2672992550329,3.6424356380919116e-07,0.0010889149270951748,3.8125,-0.0625,0.0,-1.5
0.10,5.255181215132532,3.2363835386809936,R4,M,1.0662744915437613e-05,1067.2672992550329,9.121482755003969e-08,0.0004557361940788227,3.8125,-0.0625,3.8125,0.0
0.10,5.255181215132532,3.2363835386809936,R4,Z,2.2732627370641726e-06,1067.2672992550329,1.3320675530121565e-08,0.0001761239694769254,3.75,-0.0625,3.75,0.0
0.10,5.255181215132532,3.2363835386809936,R8,C,0.00028541711395215364,6715.072314069585,3.0124871450278172e-06,0.003697269625491249,5.25,0.0,5.25,0.0
0.10,5.255181215132532,3.2363835386809936,R8,H,0.00011917159478917324,6715.072314069585,3.6424356380919116e-07,0.0010889149270951748,3.8125,-0.0625,0.0,-1.5
0.10,5.255181215132532,3.2363835386809936,R8,M,6.465954013379352e-05,6715.072314069585,3.366656769217123e-07,0.0009485003368870181,5.25,-0.1875,5.4375,0.0
0.10,5.255181215132532,3.2363835386809936,R8,Z,1.7042587251481564e-05,6715.072314069585,8.612514521438794e-08,0.0004422529365033563,5.1875,-0.0625,5.1875,-0.0625
0.10,5.255181215132532,3.2363835386809936,R12,C,0.00030975056023306656,17367.924473815343,3.0124871450278172e-06,0.003697269625491249,5.25,0.0,5.25,0.0
0.10,5.255181215132532,3.2363835386809936,R12,H,0.00012558540645212342,17367.924473815343,3.6424356380919116e-07,0.0010889149270951748,3.8125,-0.0625,0.0,-1.5
0.10,5.255181215132532,3.2363835386809936,R12,M,7.048506182824993e-05,17367.924473815343,3.366656769217123e-07,0.0009485003368870181,5.25,-0.1875,5.4375,0.0
0.10,5.255181215132532,3.2363835386809936,R12,Z,1.979069097234605e-05,17367.924473815343,8.612514521438794e-08,0.0004422529365033563,5.1875,-0.0625,5.1875,-0.0625
0.10,5.255181215132532,3.2363835386809936,full,C,0.00096577323737756,47573.601835012254,3.0124871450278172e-06,0.003697269625491249,5.25,0.0,5.25,0.0
0.10,5.255181215132532,3.2363835386809936,full,H,0.00018551836008250095,47573.601835012254,3.6424356380919116e-07,0.0010889149270951748,3.8125,-0.0625,0.0,-1.5
0.10,5.255181215132532,3.2363835386809936,full,M,8.966639991590235e-05,47573.601835012254,3.366656769217123e-07,0.0009485003368870181,5.25,-0.1875,5.4375,0.0
0.10,5.255181215132532,3.2363835386809936,full,Z,0.00016379804852729085,47573.601835012254,8.612514521438794e-08,0.0004422529365033563,5.1875,-0.0625,5.1875,-0.0625
0.10,5.5009328316899495,3.386559729008148,R4,C,6.23178066689465e-05,1067.1472373886015,5.024479150626408e-07,0.0010948350930808184,3.6875,-0.0625,3.6875,0.0
0.10,5.5009328316899495,3.386559729008148,R4,H,3.891013510060322e-05,1067.1472373886015,3.6351516092212716e-07,0.0009317817748524249,3.6875,-0.0625,3.6875,0.0
0.10,5.5009328316899495,3.386559729008148,R4,M,1.1691299772591157e-05,1067.1472373886015,8.831870281261394e-08,0.0004526218958343862,3.75,-0.0625,3.75,0.0
0.10,5.5009328316899495,3.386559729008148,R4,Z,2.32373442225438e-06,1067.1472373886015,1.2422486849064372e-08,0.00017375875464635223,3.625,-0.0625,3.625,0.0
0.10,5.5009328316899495,3.386559729008148,R8,C,0.00031415701778639364,6694.272610650319,5.896080883005736e-06,0.00524001089389345,5.25,0.0,5.25,0.0
0.10,5.5009328316899495,3.386559729008148,R8,H,0.00012388874176154458,6694.272610650319,3.6351516092212716e-07,0.0009317817748524249,3.6875,-0.0625,3.6875,0.0
0.10,5.5009328316899495,3.386559729008148,R8,M,7.355310571678525e-05,6694.272610650319,7.325047934511052e-07,0.001373584537132486,5.25,-0.1875,5.4375,0.0
0.10,5.5009328316899495,3.386559729008148,R8,Z,1.6981516728609495e-05,6694.272610650319,1.5410559246981566e-07,0.0005994083483934518,5.1875,-0.0625,5.1875,-0.0625
0.10,5.5009328316899495,3.386559729008148,R12,C,0.0003392190063383224,17347.085021692033,5.896080883005736e-06,0.00524001089389345,5.25,0.0,5.25,0.0
0.10,5.5009328316899495,3.386559729008148,R12,H,0.00012938369018159526,17347.085021692033,3.6351516092212716e-07,0.0009317817748524249,3.6875,-0.0625,3.6875,0.0
0.10,5.5009328316899495,3.386559729008148,R12,M,7.900344673274075e-05,17347.085021692033,7.325047934511052e-07,0.001373584537132486,5.25,-0.1875,5.4375,0.0
0.10,5.5009328316899495,3.386559729008148,R12,Z,2.0177484428691127e-05,17347.085021692033,1.5410559246981566e-07,0.0005994083483934518,5.1875,-0.0625,5.1875,-0.0625
0.10,5.5009328316899495,3.386559729008148,full,C,0.0010925866537458892,47553.46889501345,5.896080883005736e-06,0.00524001089389345,5.25,0.0,5.25,0.0
0.10,5.5009328316899495,3.386559729008148,full,H,0.0001951612983067299,47553.46889501345,3.6351516092212716e-07,0.0009317817748524249,3.6875,-0.0625,3.6875,0.0
0.10,5.5009328316899495,3.386559729008148,full,M,9.967287095532613e-05,47553.46889501345,7.325047934511052e-07,0.001373584537132486,5.25,-0.1875,5.4375,0.0
0.10,5.5009328316899495,3.386559729008148,full,Z,0.00018660229671641735,47553.46889501345,1.5410559246981566e-07,0.0005994083483934518,5.1875,-0.0625,5.1875,-0.0625
0.10,5.752590354891598,3.539534908662691,R4,C,6.681869352992912e-05,1067.1231925294287,5.107247006511606e-07,0.0011133390498914222,3.625,-0.0625,3.625,0.0
0.10,5.752590354891598,3.539534908662691,R4,H,4.227761684821278e-05,1067.1231925294287,3.7492603827216906e-07,0.0009542621555738151,3.625,-0.0625,3.625,0.0
0.10,5.752590354891598,3.539534908662691,R4,M,1.248291757449084e-05,1067.1231925294287,8.81597258555003e-08,0.00046260313343097776,3.625,-0.0625,3.625,0.0
0.10,5.752590354891598,3.539534908662691,R4,Z,2.3507150114350524e-06,1067.1231925294287,1.2001715562761695e-08,0.00017239639672141425,3.5625,-0.0625,3.5625,0.0
0.10,5.752590354891598,3.539534908662691,R8,C,0.0003661703581960065,6671.899274058007,1.1616138768641508e-05,0.007452462180013342,5.25,0.0,5.25,0.0
0.10,5.752590354891598,3.539534908662691,R8,H,0.0001285743866692527,6671.899274058007,3.7492603827216906e-07,0.0009542621555738151,3.625,-0.0625,3.625,0.0
0.10,5.752590354891598,3.539534908662691,R8,M,9.124586885692826e-05,6671.899274058007,1.468134748481612e-06,0.001951736253561346,5.25,-0.1875,5.125,0.0
0.10,5.752590354891598,3.539534908662691,R8,Z,1.75399500030236e-05,6671.899274058007,2.814399480935688e-07,0.000820923016361571,5.1875,-0.0625,5.1875,-0.0625
0.10,5.752590354891598,3.539534908662691,R12,C,0.0003924654877862394,17324.941467586163,1.1616138768641508e-05,0.007452462180013342,5.25,0.0,5.25,0.0
0.10,5.752590354891598,3.539534908662691,R12,H,0.00013367401212334296,17324.941467586163,3.7492603827216906e-07,0.0009542621555738151,3.625,-0.0625,3.625,0.0
0.10,5.752590354891598,3.539534908662691,R12,M,9.6406369433223e-05,17324.941467586163,1.468134748481612e-06,0.001951736253561346,5.25,-0.1875,5.125,0.0
0.10,5.752590354891598,3.539534908662691,R12,Z,2.1165153110209744e-05,17324.941467586163,2.814399480935688e-07,0.000820923016361571,5.1875,-0.0625,5.1875,-0.0625
0.10,5.752590354891598,3.539534908662691,full,C,0.0012562570683627963,47531.95587549283,1.1616138768641508e-05,0.007452462180013342,5.25,0.0,5.25,0.0
0.10,5.752590354891598,3.539534908662691,full,H,0.0002059602156315792,47531.95587549283,3.7492603827216906e-07,0.0009542621555738151,3.625,-0.0625,3.625,0.0
0.10,5.752590354891598,3.539534908662691,full,M,0.00011863329933026011,47531.95587549283,1.468134748481612e-06,0.001951736253561346,5.25,-0.1875,5.125,0.0
0.10,5.752590354891598,3.539534908662691,full,Z,0.00021305705034575193,47531.95587549283,2.814399480935688e-07,0.000820923016361571,5.1875,-0.0625,5.1875,-0.0625
0.10,6.003546925151914,3.6910156445883966,R4,C,7.186846002595911e-05,1067.1198916679687,4.911767220013048e-07,0.0011011592761496945,3.5625,-0.0625,3.5625,0.0
0.10,6.003546925151914,3.6910156445883966,R4,H,4.613705584995069e-05,1067.1198916679687,3.6379941719038894e-07,0.0009478644351474941,3.5625,-0.0625,3.5625,0.0
0.10,6.003546925151914,3.6910156445883966,R4,M,1.337444165591682e-05,1067.1198916679687,8.965817643317539e-08,0.00047059101782503173,3.5625,-0.0625,3.5625,0.0
0.10,6.003546925151914,3.6910156445883966,R4,Z,2.3664713491134713e-06,1067.1198916679687,1.108457199072844e-08,0.00016835713608007936,3.5,-0.0625,3.4375,0.0
0.10,6.003546925151914,3.6910156445883966,R8,C,0.00046219556297179157,6648.4935446561085,2.2322968496168596e-05,0.010466207137171139,5.25,0.0,5.25,0.0
0.10,6.003546925151914,3.6910156445883966,R8,H,0.00013511588735899715,6648.4935446561085,3.6379941719038894e-07,0.0012977449223399162,3.5625,-0.0625,5.25,0.0
0.10,6.003546925151914,3.6910156445883966,R8,M,0.00012487023032431953,6648.4935446561085,3.004221202169472e-06,0.0028309121315179416,5.125,-0.125,5.125,0.0
0.10,6.003546925151914,3.6910156445883966,R8,Z,1.9501679068672162e-05,6648.4935446561085,5.142724296409329e-07,0.0011244254957210743,5.1875,-0.0625,5.1875,-0.0625
0.10,6.003546925151914,3.6910156445883966,R12,C,0.0004888350644161214,17302.03306109931,2.2322968496168596e-05,0.010466207137171139,5.25,0.0,5.25,0.0
0.10,6.003546925151914,3.6910156445883966,R12,H,0.00013997795044413925,17302.03306109931,3.6379941719038894e-07,0.0012977449223399162,3.5625,-0.0625,5.25,0.0
0.10,6.003546925151914,3.6910156445883966,R12,M,0.0001297112061430465,17302.03306109931,3.004221202169472e-06,0.0028309121315179416,5.125,-0.125,5.125,0.0
0.10,6.003546925151914,3.6910156445883966,R12,Z,2.3327967511068236e-05,17302.03306109931,5.142724296409329e-07,0.0011244254957210743,5.1875,-0.0625,5.1875,-0.0625
0.10,6.003546925151914,3.6910156445883966,full,C,0.0014741620055964372,47509.58687369603,2.2322968496168596e-05,0.010466207137171139,5.25,0.0,5.25,0.0
0.10,6.003546925151914,3.6910156445883966,full,H,0.00021925265025162224,47509.58687369603,3.6379941719038894e-07,0.0012977449223399162,3.5625,-0.0625,5.25,0.0
0.10,6.003546925151914,3.6910156445883966,full,M,0.00015349350731343585,47509.58687369603,3.004221202169472e-06,0.0028309121315179416,5.125,-0.125,5.125,0.0
0.10,6.003546925151914,3.6910156445883966,full,Z,0.00024330022763629288,47509.58687369603,5.142724296409329e-07,0.0011244254957210743,5.1875,-0.0625,5.1875,-0.0625
0.10,6.253784071551201,3.8408036821349723,R4,C,7.711869025471759e-05,1067.0587972721128,4.90676267464975e-07,0.0011259571779870072,3.4375,-0.0625,3.4375,0.0
0.10,6.253784071551201,3.8408036821349723,R4,H,5.0110573379052625e-05,1067.0587972721128,3.628199260276505e-07,0.0009686029516160488,3.4375,-0.0625,3.4375,0.0
0.10,6.253784071551201,3.8408036821349723,R4,M,1.4386308631266119e-05,1067.0587972721128,8.636810953927983e-08,0.0004661229258149581,3.5,-0.0625,3.5,0.0
0.10,6.253784071551201,3.8408036821349723,R4,Z,2.3807758797343106e-06,1067.0587972721128,1.078520018012375e-08,0.00016861301211268962,3.375,-0.0625,3.375,0.0
0.10,6.253784071551201,3.8408036821349723,R8,C,0.0006338550080968268,6624.060823466071,4.120092926511062e-05,0.014402010501829638,5.25,0.0,5.25,0.0
0.10,6.253784071551201,3.8408036821349723,R8,H,0.00014453177842334972,6624.060823466071,9.4664202727184e-07,0.002183044096454978,5.25,0.0,5.25,0.0
0.10,6.253784071551201,3.8408036821349723,R8,M,0.0001884320802182176,6624.060823466071,5.846538158127682e-06,0.0042092118369809126,5.125,-0.125,5.375,0.0
0.10,6.253784071551201,3.8408036821349723,R8,Z,2.305289520256499e-05,6624.060823466071,9.360029340888216e-07,0.0015367925287180287,5.1875,-0.0625,5.1875,-0.0625
0.10,6.253784071551201,3.8408036821349723,R12,C,0.0006609435218796556,17278.37137951087,4.120092926511062e-05,0.014402010501829638,5.25,0.0,5.25,0.0
0.10,6.253784071551201,3.8408036821349723,R12,H,0.00014957203946931307,17278.37137951087,9.4664202727184e-07,0.002183044096454978,5.25,0.0,5.25,0.0
0.10,6.253784071551201,3.8408036821349723,R12,M,0.00019314574826156017,17278.37137951087,5.846538158127682e-06,0.0042092118369809126,5.125,-0.125,5.375,0.0
0.10,6.253784071551201,3.8408036821349723,R12,Z,2.6963035436202633e-05,17278.37137951087,9.360029340888216e-07,0.0015367925287180287,5.1875,-0.0625,5.1875,-0.0625
0.10,6.253784071551201,3.8408036821349723,full,C,0.0017790593497922036,47486.36053898183,4.120092926511062e-05,0.014402010501829638,5.25,0.0,5.25,0.0
0.10,6.253784071551201,3.8408036821349723,full,H,0.00023604504917572599,47486.36053898183,9.4664202727184e-07,0.002183044096454978,5.25,0.0,5.25,0.0
0.10,6.253784071551201,3.8408036821349723,full,M,0.00021840779479225788,47486.36053898183,5.846538158127682e-06,0.0042092118369809126,5.125,-0.125,5.375,0.0
0.10,6.253784071551201,3.8408036821349723,full,Z,0.00027773816614003557,47486.36053898183,9.360029340888216e-07,0.0015367925287180287,5.1875,-0.0625,5.1875,-0.0625
0.10,6.5,3.9869159641820273,R4,C,8.207432298991773e-05,1066.8743108122449,4.937790782645156e-07,0.0011395988097492574,3.375,-0.0625,3.375,0.0
0.10,6.5,3.9869159641820273,R4,H,5.383621360282282e-05,1066.8743108122449,3.69370313437255e-07,0.0009858990088105202,3.375,-0.0625,3.375,0.0
0.10,6.5,3.9869159641820273,R4,M,1.5379482009685803e-05,1066.8743108122449,8.681180604034346e-08,0.0004779351824434794,3.375,-0.0625,3.375,0.0
0.10,6.5,3.9869159641820273,R4,Z,2.3962222302344087e-06,1066.8743108122449,1.0172261443630765e-08,0.00016530077269311016,3.3125,-0.0625,3.3125,0.0
0.10,6.5,3.9869159641820273,R8,C,0.0009338052668852657,6598.96103416191,7.116615828465993e-05,0.019164039045108404,5.25,0.0,5.25,0.0
0.10,6.5,3.9869159641820273,R8,H,0.00016220265795864987,6598.96103416191,2.118669368386281e-06,0.0033066016621887684,5.25,0.0,5.25,0.0
0.10,6.5,3.9869159641820273,R8,M,0.00030413521280167074,6598.96103416191,1.058955722316654e-05,0.006149119831448692,5.125,-0.125,5.375,0.0
0.10,6.5,3.9869159641820273,R8,Z,2.830193701992106e-05,6598.96103416191,1.678930806995899e-06,0.0020843460348604595,5.1875,-0.0625,5.1875,-0.0625
0.10,6.5,3.9869159641820273,R12,C,0.000963220083432605,17254.31159063045,7.116615828465993e-05,0.019164039045108404,5.25,0.0,5.25,0.0
0.10,6.5,3.9869159641820273,R12,H,0.000168043677956586,17254.31159063045,2.118669368386281e-06,0.0033066016621887684,5.25,0.0,5.25,0.0
0.10,6.5,3.9869159641820273,R12,M,0.00030902625238312406,17254.31159063045,1.058955722316654e-05,0.006149119831448692,5.125,-0.125,5.375,0.0
0.10,6.5,3.9869159641820273,R12,Z,3.2497565480553344e-05,17254.31159063045,1.678930806995899e-06,0.0020843460348604595,5.1875,-0.0625,5.1875,-0.0625
0.10,6.5,3.9869159641820273,full,C,0.0022238008683508888,47462.60079231025,7.116615828465993e-05,0.019164039045108404,5.25,0.0,5.25,0.0
0.10,6.5,3.9869159641820273,full,H,0.00026177314190637687,47462.60079231025,2.118669368386281e-06,0.0033066016621887684,5.25,0.0,5.25,0.0
0.10,6.5,3.9869159641820273,full,M,0.00033563494693973633,47462.60079231025,1.058955722316654e-05,0.006149119831448692,5.125,-0.125,5.375,0.0
0.10,6.5,3.9869159641820273,full,Z,0.0003164460798791417,47462.60079231025,1.678930806995899e-06,0.0020843460348604595,5.1875,-0.0625,5.1875,-0.0625
0.20,0.0,0.0,R4,C,1.3840910029346725e-06,1141.0689141071855,1.1726826281631262e-07,0.00047874771265271176,3.875,-0.125,4.0,0.0
0.20,0.0,0.0,R4,H,1.3537014188740079e-06,1141.0689141071855,1.1540042373202753e-07,0.0004770499945152551,3.875,-0.125,4.0,0.0
0.20,0.0,0.0,R4,M,0.0,1141.0689141071855,0.0,0.0,0.0,-4.0,0.0,-4.0
0.20,0.0,0.0,R4,Z,7.597400312957967e-09,1141.0689141071855,4.669594277178711e-10,2.0141215313484147e-05,3.875,-0.125,4.0,0.0
0.20,0.0,0.0,R8,C,0.0006850460432450883,6867.697340557753,3.911899354771891e-05,0.005980632079563001,5.25,-0.125,5.25,0.0
0.20,0.0,0.0,R8,H,0.0006815194336669424,6867.697340557753,3.9074666148472876e-05,0.005977977998554707,5.25,-0.125,5.25,0.0
0.20,0.0,0.0,R8,M,0.0,6867.697340557753,0.0,0.0,0.0,-8.0,0.0,-8.0
0.20,0.0,0.0,R8,Z,8.816500925019459e-07,6867.697340557753,1.5430093490057476e-08,0.00010646245129491397,5.125,-0.125,5.125,0.0
0.20,0.0,0.0,R12,C,0.0006850460718118196,17565.79789342099,3.911899354771891e-05,0.005980632079563001,5.25,-0.125,5.25,0.0
0.20,0.0,0.0,R12,H,0.0006815194399779816,17565.79789342099,3.9074666148472876e-05,0.005977977998554707,5.25,-0.125,5.25,0.0
0.20,0.0,0.0,R12,M,0.0,17565.79789342099,0.0,0.0,0.0,-12.0,0.0,-12.0
0.20,0.0,0.0,R12,Z,8.816556564248726e-07,17565.79789342099,1.5430093490057476e-08,0.00010646245129491397,5.125,-0.125,5.125,0.0
0.20,0.0,0.0,full,C,0.0006854074260927119,47760.672142924894,3.911899354771891e-05,0.005980632079563001,5.25,-0.125,5.25,0.0
0.20,0.0,0.0,full,H,0.0006818807942574769,47760.672142924894,3.9074666148472876e-05,0.005977977998554707,5.25,-0.125,5.25,0.0
0.20,0.0,0.0,full,M,0.0,47760.672142924894,0.0,0.0,0.0,-16.0,0.0,-16.0
0.20,0.0,0.0,full,Z,8.816556564248726e-07,47760.672142924894,1.5430093490057476e-08,0.00010646245129491397,5.125,-0.125,5.125,0.0
0.20,0.2523973622263415,0.15544562114988003,R4,C,5.415847476235756e-07,1139.9617696495081,1.0432038886821406e-08,0.00027482706984523317,3.9375,-0.125,4.0,0.0
0.20,0.2523973622263415,0.15544562114988003,R4,H,4.993265746485872e-08,1139.9617696495081,6.3621731037002145e-09,0.00022941146744415164,4.0,0.0,4.0,0.0
0.20,0.2523973622263415,0.15544562114988003,R4,M,1.1352124276470208e-08,1139.9617696495081,2.923003244207037e-10,2.7355026586275954e-05,3.875,-0.0625,4.0,0.0
0.20,0.2523973622263415,0.15544562114988003,R4,Z,1.1836604833418742e-07,1139.9617696495081,2.4890387289896525e-09,7.820900537032243e-05,3.9375,-0.125,4.0,0.0
0.20,0.2523973622263415,0.15544562114988003,R8,C,0.000383712880097091,6871.950937138038,1.2160082863415108e-06,0.0034155331389014686,5.34375,-0.21875,5.40625,0.0
0.20,0.2523973622263415,0.15544562114988003,R8,H,0.00027482750207337,6871.950937138038,1.1158016254622327e-06,0.003292442299425602,5.34375,-0.21875,5.40625,0.0
0.20,0.2523973622263415,0.15544562114988003,R8,M,2.405469656039353e-05,6871.950937138038,7.35968360705971e-08,0.0008303766232160365,5.5625,-0.03125,5.5625,0.0
0.20,0.2523973622263415,0.15544562114988003,R8,Z,2.0712235117471188e-05,6871.950937138038,2.7523277741970948e-08,0.0005001409511803502,4.90625,-0.25,5.03125,-0.25
0.20,0.2523973622263415,0.15544562114988003,R12,C,0.00038371355146714657,17565.943547233714,1.2160082863415108e-06,0.0034155331389014686,5.34375,-0.21875,5.40625,0.0
0.20,0.2523973622263415,0.15544562114988003,R12,H,0.0002748276355760333,17565.943547233714,1.1158016254622327e-06,0.003292442299425602,5.34375,-0.21875,5.40625,0.0
0.20,0.2523973622263415,0.15544562114988003,R12,M,2.405479611031327e-05,17565.943547233714,7.35968360705971e-08,0.0008303766232160365,5.5625,-0.03125,5.5625,0.0
0.20,0.2523973622263415,0.15544562114988003,R12,Z,2.0712327887332348e-05,17565.943547233714,2.7523277741970948e-08,0.0005001409511803502,4.90625,-0.25,5.03125,-0.25
0.20,0.2523973622263415,0.15544562114988003,full,C,0.000386295864708596,47760.84514535298,1.2160082863415108e-06,0.0034155331389014686,5.34375,-0.21875,5.40625,0.0
0.20,0.2523973622263415,0.15544562114988003,full,H,0.0002768447814658624,47760.84514535298,1.1158016254622327e-06,0.003292442299425602,5.34375,-0.21875,5.40625,0.0
0.20,0.2523973622263415,0.15544562114988003,full,M,2.4548248191251123e-05,47760.84514535298,7.35968360705971e-08,0.0008303766232160365,5.5625,-0.03125,5.5625,0.0
0.20,0.2523973622263415,0.15544562114988003,full,Z,2.0730195565763026e-05,47760.84514535298,2.7523277741970948e-08,0.0005001409511803502,4.90625,-0.25,5.03125,-0.25
0.20,0.5040085097384398,0.3104070633858585,R4,C,5.598835576062421e-07,1131.9545862238504,9.59003455007871e-09,0.00017327383942022953,3.9375,-0.125,4.0,0.0
0.20,0.5040085097384398,0.3104070633858585,R4,H,8.544494476495852e-09,1131.9545862238504,3.580230182057476e-10,4.292342782719061e-05,3.9375,0.625,4.0,0.0
0.20,0.5040085097384398,0.3104070633858585,R4,M,2.8115890747712478e-08,1131.9545862238504,8.03228172904106e-10,4.5152839594684064e-05,3.9375,-0.125,3.9375,0.0
0.20,0.5040085097384398,0.3104070633858585,R4,Z,1.255446727090063e-07,1131.9545862238504,2.104992155579609e-09,7.995605694026975e-05,3.9375,-0.0625,4.0,0.0
0.20,0.5040085097384398,0.3104070633858585,R8,C,8.202507016230799e-05,6871.712144664128,1.1532811501425087e-06,0.0014443526609038498,5.1875,0.0625,5.1875,0.0625
0.20,0.5040085097384398,0.3104070633858585,R8,H,1.910147312381599e-05,6871.712144664128,9.573542534785608e-07,0.0013159578666090965,5.1875,0.0625,5.1875,0.0625
0.20,0.5040085097384398,0.3104070633858585,R8,M,1.5096589926867126e-05,6871.712144664128,2.455847767168104e-07,0.0006681424709422792,5.125,-0.125,5.125,-0.125
0.20,0.5040085097384398,0.3104070633858585,R8,Z,1.0540978423143785e-05,6871.712144664128,3.317974496097745e-08,0.000252464210142118,4.8125,-0.3125,4.8125,-0.3125
0.20,0.5040085097384398,0.3104070633858585,R12,C,8.202793601501249e-05,17565.736627461327,1.1532811501425087e-06,0.0014443526609038498,5.1875,0.0625,5.1875,0.0625
0.20,0.5040085097384398,0.3104070633858585,R12,H,1.910246038811686e-05,17565.736627461327,9.573542534785608e-07,0.0013159578666090965,5.1875,0.0625,5.1875,0.0625
0.20,0.5040085097384398,0.3104070633858585,R12,M,1.5097099434462066e-05,17565.736627461327,2.455847767168104e-07,0.0006681424709422792,5.125,-0.125,5.125,-0.125
0.20,0.5040085097384398,0.3104070633858585,R12,Z,1.0541240979539567e-05,17565.736627461327,3.317974496097745e-08,0.000252464210142118,4.8125,-0.3125,4.8125,-0.3125
0.20,0.5040085097384398,0.3104070633858585,full,C,8.83550996492315e-05,47760.71965465616,1.1532811501425087e-06,0.0014443526609038498,5.1875,0.0625,5.1875,0.0625
0.20,0.5040085097384398,0.3104070633858585,full,H,2.3680260077881486e-05,47760.71965465616,9.573542534785608e-07,0.0013159578666090965,5.1875,0.0625,5.1875,0.0625
0.20,0.5040085097384398,0.3104070633858585,full,M,1.629529944395904e-05,47760.71965465616,2.455847767168104e-07,0.0006681424709422792,5.125,-0.125,5.125,-0.125
0.20,0.5040085097384398,0.3104070633858585,full,Z,1.0678574013965051e-05,47760.71965465616,3.317974496097745e-08,0.000252464210142118,4.8125,-0.3125,4.8125,-0.3125
0.20,0.7515881064077728,0.4628857474447393,R4,C,7.195760519409881e-07,1121.4971666388801,1.3103489660017488e-08,0.00019605630328304232,3.9375,-0.0625,4.0,0.0
0.20,0.7515881064077728,0.4628857474447393,R4,H,3.792960058330883e-09,1121.4971666388801,7.849592730391896e-11,1.3732580555370077e-05,3.75,-0.875,3.75,-0.875
0.20,0.7515881064077728,0.4628857474447393,R4,M,3.979504309559488e-08,1121.4971666388801,5.771792495203933e-10,4.251091841957874e-05,3.9375,-0.375,4.0,0.0
0.20,0.7515881064077728,0.4628857474447393,R4,Z,1.6016415751910022e-07,1121.4971666388801,2.9316065375049245e-09,9.268408227261946e-05,3.9375,-0.0625,4.0,0.0
0.20,0.7515881064077728,0.4628857474447393,R8,C,5.895164080638264e-05,6871.947275957565,4.932153379672998e-07,0.0009982927841314354,5.0625,-0.125,5.0625,0.0
0.20,0.7515881064077728,0.4628857474447393,R8,H,1.0267358063304301e-05,6871.947275957565,1.561688411327663e-07,0.0006315303035080433,5.0625,-0.125,5.0625,0.0
0.20,0.7515881064077728,0.4628857474447393,R8,M,2.098139360637487e-05,6871.947275957565,2.9460462564410783e-07,0.0006908794508073607,5.0625,-0.125,5.0625,0.0
0.20,0.7515881064077728,0.4628857474447393,R8,Z,4.897891233846209e-06,6871.947275957565,1.1053604811432209e-08,0.00014000188998614473,4.75,-0.375,4.75,-0.375
0.20,0.7515881064077728,0.4628857474447393,R12,C,5.89576822882487e-05,17565.923654942955,4.932153379672998e-07,0.0009982927841314354,5.0625,-0.125,5.0625,0.0
0.20,0.7515881064077728,0.4628857474447393,R12,H,1.0270022058195284e-05,17565.923654942955,1.561688411327663e-07,0.0006315303035080433,5.0625,-0.125,5.0625,0.0
0.20,0.7515881064077728,0.4628857474447393,R12,M,2.098224346686718e-05,17565.923654942955,2.9460462564410783e-07,0.0006908794508073607,5.0625,-0.125,5.0625,0.0
0.20,0.7515881064077728,0.4628857474447393,R12,Z,4.8983424659390025e-06,17565.923654942955,1.1053604811432209e-08,0.00014000188998614473,4.75,-0.375,4.75,-0.375
0.20,0.7515881064077728,0.4628857474447393,full,C,6.899918561340401e-05,47761.03923596335,4.932153379672998e-07,0.0009982927841314354,5.0625,-0.125,5.0625,0.0
0.20,0.7515881064077728,0.4628857474447393,full,H,1.6710374695144924e-05,47761.03923596335,1.561688411327663e-07,0.0006315303035080433,5.0625,-0.125,5.0625,0.0
0.20,0.7515881064077728,0.4628857474447393,full,M,2.2796806824538644e-05,47761.03923596335,2.9460462564410783e-07,0.0006908794508073607,5.0625,-0.125,5.0625,0.0
0.20,0.7515881064077728,0.4628857474447393,full,Z,5.343720211841865e-06,47761.03923596335,1.1053604811432209e-08,0.00014000188998614473,4.75,-0.375,4.75,-0.375
0.20,1.0019649251291018,0.6170877328462286,R4,C,8.201424085199263e-07,1110.5061166993494,9.241871241954748e-09,0.000147570351496535,3.8125,-0.0625,3.8125,0.0
0.20,1.0019649251291018,0.6170877328462286,R4,H,5.596183173110363e-09,1110.5061166993494,9.089410939594994e-11,1.5068484572111629e-05,3.6875,-0.6875,3.6875,-0.6875
0.20,1.0019649251291018,0.6170877328462286,R4,M,5.815084599898294e-08,1110.5061166993494,9.53086500894278e-10,5.751337080564097e-05,3.9375,-0.375,4.0,0.0
0.20,1.0019649251291018,0.6170877328462286,R4,Z,1.7711448187367394e-07,1110.5061166993494,2.072431761691967e-09,7.004363374972878e-05,3.8125,-0.0625,3.8125,0.0
0.20,1.0019649251291018,0.6170877328462286,R8,C,5.527068763842306e-05,6872.7655884845135,3.7996238066461845e-07,0.0007617890357017928,5.0,-0.0625,5.0,-0.0625
0.20,1.0019649251291018,0.6170877328462286,R8,H,1.3281457600135102e-05,6872.7655884845135,1.51309241829541e-07,0.000484379444969818,4.9375,-0.0625,5.0,-0.25
0.20,1.0019649251291018,0.6170877328462286,R8,M,1.1122049506896834e-05,6872.7655884845135,1.4575722136653223e-07,0.00047378038591938595,5.0,-0.0625,5.0,0.0
0.20,1.0019649251291018,0.6170877328462286,R8,Z,5.853491925092808e-06,6872.7655884845135,4.0031873838546564e-08,0.0002449718704847407,5.4375,-0.125,5.4375,-0.125
0.20,1.0019649251291018,0.6170877328462286,R12,C,5.5282384424570644e-05,17566.425718760387,3.7996238066461845e-07,0.0007617890357017928,5.0,-0.0625,5.0,-0.0625
0.20,1.0019649251291018,0.6170877328462286,R12,H,1.3285287938705454e-05,17566.425718760387,1.51309241829541e-07,0.000484379444969818,4.9375,-0.0625,5.0,-0.25
0.20,1.0019649251291018,0.6170877328462286,R12,M,1.1122876885426141e-05,17566.425718760387,1.4575722136653223e-07,0.00047378038591938595,5.0,-0.0625,5.0,0.0
0.20,1.0019649251291018,0.6170877328462286,R12,Z,5.8549170884834404e-06,17566.425718760387,4.0031873838546564e-08,0.0002449718704847407,5.4375,-0.125,5.4375,-0.125
0.20,1.0019649251291018,0.6170877328462286,full,C,6.992785199348878e-05,47761.72781472437,3.7996238066461845e-07,0.0007617890357017928,5.0,-0.0625,5.0,-0.0625
0.20,1.0019649251291018,0.6170877328462286,full,H,2.1389341324290024e-05,47761.72781472437,1.51309241829541e-07,0.000484379444969818,4.9375,-0.0625,5.0,-0.25
0.20,1.0019649251291018,0.6170877328462286,full,M,1.3562835936273509e-05,47761.72781472437,1.4575722136653223e-07,0.00047378038591938595,5.0,-0.0625,5.0,0.0
0.20,1.0019649251291018,0.6170877328462286,full,Z,6.877864317576219e-06,47761.72781472437,4.0031873838546564e-08,0.0002449718704847407,5.4375,-0.125,5.4375,-0.125
0.20,1.2559831958546266,0.7735337006062516,R4,C,6.603252848745608e-07,1100.9703940033487,1.103786659766912e-08,0.00017567656858612945,3.9375,-0.0625,4.0,0.0
0.20,1.2559831958546266,0.7735337006062516,R4,H,4.6723098274090444e-08,1100.9703940033487,1.3215552035023541e-09,5.6347711506532505e-05,3.875,-0.8125,3.875,-0.8125
0.20,1.2559831958546266,0.7735337006062516,R4,M,8.165087608687926e-08,1100.9703940033487,1.144293831405711e-09,6.504671433577261e-05,3.9375,-0.0625,4.0,0.0
0.20,1.2559831958546266,0.7735337006062516,R4,Z,1.1673821068145713e-07,1100.9703940033487,2.1341102975921727e-09,7.602467881077715e-05,3.9375,-0.0625,4.0,0.0
0.20,1.2559831958546266,0.7735337006062516,R8,C,7.4879501493109e-05,6873.902091557777,3.637687177592536e-07,0.0007494445610737045,4.875,-0.125,4.875,-0.125
0.20,1.2559831958546266,0.7735337006062516,R8,H,1.4990683523440516e-05,6873.902091557777,1.4943655452449888e-07,0.0004803471965715289,4.875,-0.125,4.875,-0.125
0.20,1.2559831958546266,0.7735337006062516,R8,M,9.903102342144524e-06,6873.902091557777,1.2504341906788027e-07,0.0004493333851301915,4.875,-0.0625,4.875,0.0
0.20,1.2559831958546266,0.7735337006062516,R8,Z,1.1239824777791859e-05,6873.902091557777,7.203391336699911e-08,0.00032515061975220395,5.4375,-0.1875,5.4375,-0.1875
0.20,1.2559831958546266,0.7735337006062516,R12,C,7.490870775276e-05,17566.66391018434,3.637687177592536e-07,0.0007494445610737045,4.875,-0.125,4.875,-0.125
0.20,1.2559831958546266,0.7735337006062516,R12,H,1.499434549535228e-05,17566.66391018434,1.4943655452449888e-07,0.0004803471965715289,4.875,-0.125,4.875,-0.125
0.20,1.2559831958546266,0.7735337006062516,R12,M,9.904465199088415e-06,17566.66391018434,1.2504341906788027e-07,0.0004493333851301915,4.875,-0.0625,4.875,0.0
0.20,1.2559831958546266,0.7735337006062516,R12,Z,1.1245345382809092e-05,17566.66391018434,7.203391336699911e-08,0.00032515061975220395,5.4375,-0.1875,5.4375,-0.1875
0.20,1.2559831958546266,0.7735337006062516,full,C,9.572596612146234e-05,47762.20867094117,3.637687177592536e-07,0.0007494445610737045,4.875,-0.125,4.875,-0.125
0.20,1.2559831958546266,0.7735337006062516,full,H,2.4903128201258873e-05,47762.20867094117,1.4943655452449888e-07,0.0004803471965715289,4.875,-0.125,4.875,-0.125
0.20,1.2559831958546266,0.7735337006062516,full,M,1.2972402867834488e-05,47762.20867094117,1.2504341906788027e-07,0.0004493333851301915,4.875,-0.0625,4.875,0.0
0.20,1.2559831958546266,0.7735337006062516,full,Z,1.320167393002381e-05,47762.20867094117,7.203391336699911e-08,0.00032515061975220395,5.4375,-0.1875,5.4375,-0.1875
0.20,1.5020107795771485,0.9250606673144529,R4,C,1.0295069505478144e-06,1094.1349713337838,9.884151626045058e-09,0.00014606529566975636,3.9375,-0.0625,3.9375,0.0
0.20,1.5020107795771485,0.9250606673144529,R4,H,6.735972812566464e-08,1094.1349713337838,1.378474395456189e-09,5.993569357087836e-05,3.75,1.1875,3.75,1.1875
0.20,1.5020107795771485,0.9250606673144529,R4,M,1.0198852692072519e-07,1094.1349713337838,1.7294470117491114e-09,7.282708341401494e-05,3.9375,-0.0625,4.0,0.0
0.20,1.5020107795771485,0.9250606673144529,R4,Z,1.9451161179458653e-07,1094.1349713337838,1.896970369316542e-09,6.646319142553856e-05,3.75,-0.0625,3.75,0.0
0.20,1.5020107795771485,0.9250606673144529,R8,C,9.370951304811511e-05,6874.882399840447,4.4041776083198503e-07,0.0008230737003991448,5.0625,-0.125,5.0,0.0
0.20,1.5020107795771485,0.9250606673144529,R8,H,1.5618689462015415e-05,6874.882399840447,1.3781038487679687e-07,0.0004678092082031071,4.75,-0.0625,4.75,-0.0625
0.20,1.5020107795771485,0.9250606673144529,R8,M,1.2487471955045473e-05,6874.882399840447,1.3317605097144496e-07,0.00044486707567088036,5.0625,-0.125,5.0625,0.0
0.20,1.5020107795771485,0.9250606673144529,R8,Z,1.552477870703006e-05,6874.882399840447,6.988280264415646e-08,0.000321477738624254,5.5625,-0.1875,5.5625,-0.25
0.20,1.5020107795771485,0.9250606673144529,R12,C,9.379117498799782e-05,17565.867879368,4.4041776083198503e-07,0.0008230737003991448,5.0625,-0.125,5.0,0.0
0.20,1.5020107795771485,0.9250606673144529,R12,H,1.562437063313028e-05,17565.867879368,1.3781038487679687e-07,0.0004678092082031071,4.75,-0.0625,4.75,-0.0625
0.20,1.5020107795771485,0.9250606673144529,R12,M,1.2492901703915036e-05,17565.867879368,1.3317605097144496e-07,0.00044486707567088036,5.0625,-0.125,5.0625,0.0
0.20,1.5020107795771485,0.9250606673144529,R12,Z,1.554152771466163e-05,17565.867879368,6.988280264415646e-08,0.000321477738624254,5.5625,-0.1875,5.5625,-0.25
0.20,1.5020107795771485,0.9250606673144529,full,C,0.00012223043729758288,47761.698635115135,4.4041776083198503e-07,0.0008230737003991448,5.0625,-0.125,5.0,0.0
0.20,1.5020107795771485,0.9250606673144529,full,H,2.732660278634489e-05,47761.698635115135,1.3781038487679687e-07,0.0004678092082031071,4.75,-0.0625,4.75,-0.0625
0.20,1.5020107795771485,0.9250606673144529,full,M,1.6174286457302833e-05,47761.698635115135,1.3317605097144496e-07,0.00044486707567088036,5.0625,-0.125,5.0625,0.0
0.20,1.5020107795771485,0.9250606673144529,full,Z,1.880024786913901e-05,47761.698635115135,6.988280264415646e-08,0.000321477738624254,5.5625,-0.1875,5.5625,-0.25
0.20,1.7567440322155823,1.0819535232556583,R4,C,1.1248112118714943e-06,1089.1361279932505,7.949699707131636e-09,0.00013198193248497675,3.875,-0.0625,3.875,0.0
0.20,1.7567440322155823,1.0819535232556583,R4,H,8.84255567901873e-08,1089.1361279932505,1.0293537101998267e-09,5.3744301112601534e-05,3.625,-1.5,3.625,-1.5
0.20,1.7567440322155823,1.0819535232556583,R4,M,1.2943114182410196e-07,1089.1361279932505,2.0036456374876046e-09,6.527950928521248e-05,3.9375,-0.0625,4.0,0.0
0.20,1.7567440322155823,1.0819535232556583,R4,Z,2.0283231910428513e-07,1089.1361279932505,1.3464448657999376e-09,5.540287601953503e-05,3.8125,-0.0625,3.75,0.0
0.20,1.7567440322155823,1.0819535232556583,R8,C,0.00010291326298647034,6875.4202640418725,4.942889602147806e-07,0.0008668104771103764,4.9375,-0.0625,4.9375,0.0
0.20,1.7567440322155823,1.0819535232556583,R8,H,1.8782366655024414e-05,6875.4202640418725,1.9397369819562777e-07,0.0005663163028657436,4.6875,-0.0625,4.6875,0.0
0.20,1.7567440322155823,1.0819535232556583,R8,M,1.4124901324179526e-05,6875.4202640418725,1.51660677095905e-07,0.0004841808678009281,4.9375,-0.0625,4.9375,0.0
0.20,1.7567440322155823,1.0819535232556583,R8,Z,1.6603516594626814e-05,6875.4202640418725,5.227942933599062e-08,0.00028131812513978674,5.625,-0.3125,5.625,-0.3125
0.20,1.7567440322155823,1.0819535232556583,R12,C,0.00010313274237347624,17563.313506287093,4.942889602147806e-07,0.0008668104771103764,4.9375,-0.0625,4.9375,0.0
0.20,1.7567440322155823,1.0819535232556583,R12,H,1.881141101959269e-05,17563.313506287093,1.9397369819562777e-07,0.0005663163028657436,4.6875,-0.0625,4.6875,0.0
0.20,1.7567440322155823,1.0819535232556583,R12,M,1.4151788893060128e-05,17563.313506287093,1.51660677095905e-07,0.0004841808678009281,4.9375,-0.0625,4.9375,0.0
0.20,1.7567440322155823,1.0819535232556583,R12,Z,1.6641773639026257e-05,17563.313506287093,5.227942933599062e-08,0.00028131812513978674,5.625,-0.3125,5.625,-0.3125
0.20,1.7567440322155823,1.0819535232556583,full,C,0.0001413909624925737,47759.49281518578,4.942889602147806e-07,0.0008668104771103764,4.9375,-0.0625,4.9375,0.0
0.20,1.7567440322155823,1.0819535232556583,full,H,3.239729457145701e-05,47759.49281518578,1.9397369819562777e-07,0.0005663163028657436,4.6875,-0.0625,4.6875,0.0
0.20,1.7567440322155823,1.0819535232556583,full,M,1.847747702103798e-05,47759.49281518578,1.51660677095905e-07,0.0004841808678009281,4.9375,-0.0625,4.9375,0.0
0.20,1.7567440322155823,1.0819535232556583,full,Z,2.1721884757912985e-05,47759.49281518578,5.227942933599062e-08,0.00028131812513978674,5.625,-0.3125,5.625,-0.3125
0.20,2.004134617163858,1.2343301383515781,R4,C,1.149357017537608e-06,1085.6717361352548,7.578854970704151e-09,0.00012973618098616733,3.8125,-0.0625,3.8125,0.0
0.20,2.004134617163858,1.2343301383515781,R4,H,1.0632219557284291e-07,1085.6717361352548,8.24401838793676e-10,6.494816625490785e-05,3.5,-1.8125,4.0,0.0
0.20,2.004134617163858,1.2343301383515781,R4,M,1.573583169946564e-07,1085.6717361352548,1.5573440967966446e-09,5.8052279147860615e-05,3.875,-0.375,3.875,-0.375
0.20,2.004134617163858,1.2343301383515781,R4,Z,1.9603950615602102e-07,1085.6717361352548,1.3108335260713581e-09,5.46914719109421e-05,3.75,-0.0625,3.75,0.0
0.20,2.004134617163858,1.2343301383515781,R8,C,0.0001056343409716032,6875.166403900135,4.748198714626635e-07,0.0008691137838689406,4.875,-0.0625,4.875,0.0
0.20,2.004134617163858,1.2343301383515781,R8,H,2.21912802900022e-05,6875.166403900135,2.0015010458700191e-07,0.0005901016411371529,4.5625,-0.0625,4.5625,0.0
0.20,2.004134617163858,1.2343301383515781,R8,M,1.6229210275367803e-05,6875.166403900135,1.6054091620966934e-07,0.0005063833262324468,4.875,-0.0625,4.875,0.0
0.20,2.004134617163858,1.2343301383515781,R8,Z,1.5638922210913468e-05,6875.166403900135,3.615427383533175e-08,0.00023794177927091454,5.0,-0.375,4.9375,-0.375
0.20,2.004134617163858,1.2343301383515781,R12,C,0.00010742392504249474,17558.79102155244,4.748198714626635e-07,0.0008691137838689406,4.875,-0.0625,4.875,0.0
0.20,2.004134617163858,1.2343301383515781,R12,H,2.243601284040533e-05,17558.79102155244,2.0015010458700191e-07,0.0005901016411371529,4.5625,-0.0625,4.5625,0.0
0.20,2.004134617163858,1.2343301383515781,R12,M,1.6313419470251236e-05,17558.79102155244,1.6054091620966934e-07,0.0005063833262324468,4.875,-0.0625,4.875,0.0
0.20,2.004134617163858,1.2343301383515781,R12,Z,1.5995897274601047e-05,17558.79102155244,3.624662861749518e-08,0.00023794177927091454,8.0,-0.125,4.9375,-0.375
0.20,2.004134617163858,1.2343301383515781,full,C,0.00015737588507182512,47755.35955308819,4.748198714626635e-07,0.0008691137838689406,4.875,-0.0625,4.875,0.0
0.20,2.004134617163858,1.2343301383515781,full,H,3.7913409583394146e-05,47755.35955308819,2.0015010458700191e-07,0.0005901016411371529,4.5625,-0.0625,4.5625,0.0
0.20,2.004134617163858,1.2343301383515781,full,M,2.1283264628750658e-05,47755.35955308819,1.6054091620966934e-07,0.0005063833262324468,4.875,-0.0625,4.875,0.0
0.20,2.004134617163858,1.2343301383515781,full,Z,2.336424342941812e-05,47755.35955308819,3.624662861749518e-08,0.00023794177927091454,8.0,-0.125,4.9375,-0.375
0.20,2.252815815073,1.3875103873268206,R4,C,1.195377424801674e-06,1083.0576472082112,7.826073327927213e-09,0.00020256020065574043,3.6875,-0.0625,4.0,0.0
0.20,2.252815815073,1.3875103873268206,R4,H,1.5686503488925845e-07,1083.0576472082112,4.164477356011199e-09,0.000166073688887991,3.9375,0.0625,4.0,0.0
0.20,2.252815815073,1.3875103873268206,R4,M,1.5254924219493924e-07,1083.0576472082112,1.2846078055589218e-09,5.399363534665277e-05,3.75,-0.4375,3.75,-0.4375
0.20,2.252815815073,1.3875103873268206,R4,Z,1.9733672779348763e-07,1083.0576472082112,1.4705096004592765e-09,5.847613041235062e-05,3.6875,-0.0625,3.6875,0.0
0.20,2.252815815073,1.3875103873268206,R8,C,0.00010995832951161033,6873.554765148634,4.823623454147459e-07,0.0008999528283270912,4.75,-0.0625,4.75,0.0
0.20,2.252815815073,1.3875103873268206,R8,H,2.682909881982234e-05,6873.554765148634,2.5047840262731014e-07,0.0006526143406517804,4.75,-0.0625,4.75,0.0
0.20,2.252815815073,1.3875103873268206,R8,M,1.9066348253841465e-05,6873.554765148634,1.5362104848718748e-07,0.0004979683522907595,4.8125,-0.0625,4.8125,0.0
0.20,2.252815815073,1.3875103873268206,R8,Z,1.451665024939081e-05,6873.554765148634,7.708529244692883e-08,0.000384327051935323,8.0,0.0,8.0,0.0
0.20,2.252815815073,1.3875103873268206,R12,C,0.00012845510110010756,17552.144574655194,7.774586167480761e-07,0.0008999528283270912,8.0,-0.125,4.75,0.0
0.20,2.252815815073,1.3875103873268206,R12,H,2.954524450297201e-05,17552.144574655194,2.5047840262731014e-07,0.0006526143406517804,4.75,-0.0625,4.75,0.0
0.20,2.252815815073,1.3875103873268206,R12,M,2.2689475004135728e-05,17552.144574655194,1.8496005295965012e-07,0.0004979683522907595,8.0,-0.625,4.8125,0.0
0.20,2.252815815073,1.3875103873268206,R12,Z,1.7341746708006078e-05,17552.144574655194,1.4824923017552816e-07,0.000384327051935323,8.0,-0.125,8.0,0.0
0.20,2.252815815073,1.3875103873268206,full,C,0.0001925649436431771,47749.15460391021,7.774586167480761e-07,0.0008999528283270912,8.0,-0.125,4.75,0.0
0.20,2.252815815073,1.3875103873268206,full,H,4.700287016084977e-05,47749.15460391021,2.5047840262731014e-07,0.0006526143406517804,4.75,-0.0625,4.75,0.0
0.20,2.252815815073,1.3875103873268206,full,M,2.8332178342830635e-05,47749.15460391021,1.8496005295965012e-07,0.0004979683522907595,8.0,-0.625,4.8125,0.0
0.20,2.252815815073,1.3875103873268206,full,Z,2.7584800461851962e-05,47749.15460391021,1.4824923017552816e-07,0.000384327051935323,8.0,-0.125,8.0,0.0
0.20,2.5002547432369546,1.5399369477406464,R4,C,1.7139427228516097e-06,1080.9585771714428,3.377626465758118e-08,0.0003878370313027433,3.9375,-0.0625,4.0,0.0
0.20,2.5002547432369546,1.5399369477406464,R4,H,4.145654223278651e-07,1080.9585771714428,1.9781020293193017e-08,0.0002812348830047995,3.9375,-0.0625,4.0,0.0
0.20,2.5002547432369546,1.5399369477406464,R4,M,1.9351716151707068e-07,1080.9585771714428,3.739029324252254e-09,0.00014052429278450844,3.9375,-0.0625,4.0,0.0
0.20,2.5002547432369546,1.5399369477406464,R4,Z,2.517576790992503e-07,1080.9585771714428,2.4659945764011367e-09,0.00010937709733859784,3.9375,-0.0625,4.0,0.0
0.20,2.5002547432369546,1.5399369477406464,R8,C,0.00012653631043568072,6869.768922957729,5.187814759199125e-07,0.0009443711463921411,4.6875,-0.0625,4.6875,0.0
0.20,2.5002547432369546,1.5399369477406464,R8,H,3.4339040227279615e-05,6869.768922957729,2.976733069432618e-07,0.000718028168193996,4.6875,-0.0625,4.6875,0.0
0.20,2.5002547432369546,1.5399369477406464,R8,M,2.7015690992241254e-05,6869.768922957729,2.3054787949788964e-07,0.0006647359901133145,7.875,-0.8125,7.875,-0.8125
0.20,2.5002547432369546,1.5399369477406464,R8,Z,1.4393582842895675e-05,6869.768922957729,2.7121403031329996e-08,0.00022656362131211397,7.875,-0.0625,7.875,0.0
0.20,2.5002547432369546,1.5399369477406464,R12,C,0.00017713034502637003,17543.55492665596,1.1072795281969606e-06,0.0010836829161519812,8.25,-0.125,8.0,-0.875
0.20,2.5002547432369546,1.5399369477406464,R12,H,4.55665706144309e-05,17543.55492665596,4.760539662030553e-07,0.000718028168193996,8.0,-1.5,4.6875,0.0
0.20,2.5002547432369546,1.5399369477406464,R12,M,4.1544748886840054e-05,17543.55492665596,7.27478583406889e-07,0.0009863961264470987,8.0,-0.875,8.0,-0.8125
0.20,2.5002547432369546,1.5399369477406464,R12,Z,2.0387030876187146e-05,17543.55492665596,2.6092489739092456e-07,0.0003551983364336614,8.25,-0.125,8.25,0.0
0.20,2.5002547432369546,1.5399369477406464,full,C,0.0002579874739743791,47741.05413064165,1.1072795281969606e-06,0.0010836829161519812,8.25,-0.125,8.0,-0.875
0.20,2.5002547432369546,1.5399369477406464,full,H,6.508962780355316e-05,47741.05413064165,4.760539662030553e-07,0.000718028168193996,8.0,-1.5,4.6875,0.0
0.20,2.5002547432369546,1.5399369477406464,full,M,4.7887537640458653e-05,47741.05413064165,7.27478583406889e-07,0.0009863961264470987,8.0,-0.875,8.0,-0.8125
0.20,2.5002547432369546,1.5399369477406464,full,Z,3.412328925826439e-05,47741.05413064165,2.6092489739092456e-07,0.0003551983364336614,8.25,-0.125,8.25,0.0
0.20,2.752628925681057,1.6954186333518992,R4,C,3.3421915576738254e-06,1079.0858398569217,8.528753886878033e-08,0.0004498129036884294,3.9375,-0.0625,4.0,0.0
0.20,2.752628925681057,1.6954186333518992,R4,H,1.0819444948265083e-06,1079.0858398569217,4.074563656524173e-08,0.000296399142825976,3.9375,-0.0625,3.9375,0.0
0.20,2.752628925681057,1.6954186333518992,R4,M,4.275775538381145e-07,1079.0858398569217,1.1777733561934927e-08,0.00015804277496928794,3.9375,-0.0625,3.9375,0.0
0.20,2.752628925681057,1.6954186333518992,R4,Z,4.1800963937787943e-07,1079.0858398569217,7.347156225043875e-09,0.00014644721124256079,3.9375,-0.0625,4.0,0.0
0.20,2.752628925681057,1.6954186333518992,R8,C,0.00014663855254321657,6863.445995968517,5.395572309763899e-07,0.0010155429231652267,7.875,-0.9375,7.875,-0.9375
0.20,2.752628925681057,1.6954186333518992,R8,H,4.203497193527158e-05,6863.445995968517,3.0345144701865075e-07,0.0007296958938241005,4.625,-0.0625,4.625,0.0
0.20,2.752628925681057,1.6954186333518992,R8,M,3.783316956268814e-05,6863.445995968517,4.607051014986045e-07,0.0009384065623746807,7.875,-0.9375,7.875,-0.9375
0.20,2.752628925681057,1.6954186333518992,R8,Z,1.448892257906491e-05,6863.445995968517,2.4889503727680844e-08,0.00020187593394203773,6.125,-0.0625,6.125,0.0
0.20,2.752628925681057,1.6954186333518992,R12,C,0.00020367151098577786,17532.997871421354,1.1112809536032184e-06,0.0011523709405888804,8.0,-1.625,7.9375,-1.3125
0.20,2.752628925681057,1.6954186333518992,R12,H,6.168677386112674e-05,17532.997871421354,6.779230224580544e-07,0.0008184720645658672,8.0,-1.625,8.0,-1.625
0.20,2.752628925681057,1.6954186333518992,R12,M,5.3376646079504964e-05,17532.997871421354,5.398666420591734e-07,0.0010251524825556871,7.9375,-1.3125,7.9375,-1.3125
0.20,2.752628925681057,1.6954186333518992,R12,Z,1.9789885144847375e-05,17532.997871421354,1.3459163935532773e-07,0.00025454629546380666,8.5,-0.125,8.5,0.0
0.20,2.752628925681057,1.6954186333518992,full,C,0.00030464057987551117,47731.04722409218,1.1112809536032184e-06,0.0011523709405888804,8.0,-1.625,7.9375,-1.3125
0.20,2.752628925681057,1.6954186333518992,full,H,8.343199473858871e-05,47731.04722409218,6.779230224580544e-07,0.0008184720645658672,8.0,-1.625,8.0,-1.625
0.20,2.752628925681057,1.6954186333518992,full,M,6.0469570455371945e-05,47731.04722409218,5.398666420591734e-07,0.0010251524825556871,7.9375,-1.3125,7.9375,-1.3125
0.20,2.752628925681057,1.6954186333518992,full,Z,3.780700539284298e-05,47731.04722409218,1.3459163935532773e-07,0.00025454629546380666,8.5,-0.125,8.5,0.0
0.20,3.002925335888242,1.8496378950308099,R4,C,5.506450962636833e-06,1077.350611896948,8.824597931137495e-08,0.00043980092430930185,3.875,-0.0625,3.875,0.0
0.20,3.002925335888242,1.8496378950308099,R4,H,1.7229059021442201e-06,1077.350611896948,3.707125155369626e-08,0.00028546745306812227,3.875,-0.0625,3.875,0.0
0.20,3.002925335888242,1.8496378950308099,R4,M,7.538770089750987e-07,1077.350611896948,1.2062983801989391e-08,0.00016146683744312938,3.9375,-0.375,3.875,-0.1875
0.20,3.002925335888242,1.8496378950308099,R4,Z,6.770985539234938e-07,1077.350611896948,1.0673947616505373e-08,0.00015136826327702253,3.9375,-0.0625,3.9375,0.0
0.20,3.002925335888242,1.8496378950308099,R8,C,0.00015973226036824072,6855.029376260473,5.04963754680118e-07,0.0009641244954901323,4.5,-0.0625,4.5,0.0
0.20,3.002925335888242,1.8496378950308099,R8,H,4.9614719599961876e-05,6855.029376260473,3.232324761907247e-07,0.00077357905684039,4.5,-0.0625,4.5,0.0
0.20,3.002925335888242,1.8496378950308099,R8,M,4.2635483574195126e-05,6855.029376260473,3.3597760149928945e-07,0.0008053292939596096,7.8125,-1.3125,7.8125,-1.3125
0.20,3.002925335888242,1.8496378950308099,R8,Z,1.4445468502529655e-05,6855.029376260473,2.4664302184243687e-08,0.0002029119916217316,6.25,-0.0625,6.25,0.0
0.20,3.002925335888242,1.8496378950308099,R12,C,0.00020049542653637422,17521.008011825747,6.773228311708576e-07,0.0009641244954901323,8.0,-2.125,4.5,0.0
0.20,3.002925335888242,1.8496378950308099,R12,H,6.950135030994754e-05,17521.008011825747,5.106354638999791e-07,0.00077357905684039,8.0,-2.125,4.5,0.0
0.20,3.002925335888242,1.8496378950308099,R12,M,5.428613584549309e-05,17521.008011825747,3.3597760149928945e-07,0.0008053292939596096,7.8125,-1.3125,7.8125,-1.3125
0.20,3.002925335888242,1.8496378950308099,R12,Z,1.6664503214458714e-05,17521.008011825747,2.8246630303055924e-08,0.0002029119916217316,8.5,-1.375,6.25,0.0
0.20,3.002925335888242,1.8496378950308099,full,C,0.0003247491205684391,47719.6543093823,6.773228311708576e-07,0.0009641244954901323,8.0,-2.125,4.5,0.0
0.20,3.002925335888242,1.8496378950308099,full,H,9.358491918339845e-05,47719.6543093823,5.106354638999791e-07,0.00077357905684039,8.0,-2.125,4.5,0.0
0.20,3.002925335888242,1.8496378950308099,full,M,6.216199028601147e-05,47719.6543093823,3.3597760149928945e-07,0.0008053292939596096,7.8125,-1.3125,7.8125,-1.3125
0.20,3.002925335888242,1.8496378950308099,full,Z,3.971514903883645e-05,47719.6543093823,2.8246630303055924e-08,0.0002029119916217316,8.5,-1.375,6.25,0.0
0.20,3.2513293979460562,2.0027102229030485,R4,C,7.216742977853711e-06,1075.6835032625333,8.134927919519501e-08,0.0005027262239283383,3.8125,-0.0625,4.0,0.0
0.20,3.2513293979460562,2.0027102229030485,R4,H,1.9689329542643376e-06,1075.6835032625333,3.317499399936281e-08,0.0004003486828878522,3.75,-0.0625,4.0,0.0
0.20,3.2513293979460562,2.0027102229030485,R4,M,9.860798247631674e-07,1075.6835032625333,1.1416920712881025e-08,0.00018425972654731272,3.8125,-0.3125,4.0,0.0
0.20,3.2513293979460562,2.0027102229030485,R4,Z,9.322342365777617e-07,1075.6835032625333,1.05190840896446e-08,0.00015229968843687497,3.875,-0.0625,3.875,0.0
0.20,3.2513293979460562,2.0027102229030485,R8,C,0.00016903296163293388,6844.867670974749,5.321240095591797e-07,0.0009980625466191905,4.4375,-0.0625,4.4375,0.0
0.20,3.2513293979460562,2.0027102229030485,R8,H,5.635206276622879e-05,6844.867670974749,3.500408359851469e-07,0.0008109218906611204,4.4375,-0.0625,4.4375,0.0
0.20,3.2513293979460562,2.0027102229030485,R8,M,4.393709607817923e-05,6844.867670974749,2.3853468460460243e-07,0.0006752836410044669,7.6875,-1.3125,7.6875,-1.3125
0.20,3.2513293979460562,2.0027102229030485,R8,Z,1.4578327456758364e-05,6844.867670974749,2.4169081919222682e-08,0.00020178205051034202,6.3125,-0.0625,6.3125,0.0
0.20,3.2513293979460562,2.0027102229030485,R12,C,0.00019991702516242233,17507.84793441722,5.321240095591797e-07,0.0009980625466191905,4.4375,-0.0625,4.4375,0.0
0.20,3.2513293979460562,2.0027102229030485,R12,H,7.289933315202408e-05,17507.84793441722,3.86973959854596e-07,0.0008109218906611204,8.0,-2.625,4.4375,0.0
0.20,3.2513293979460562,2.0027102229030485,R12,M,5.2404344980511167e-05,17507.84793441722,2.3853468460460243e-07,0.0006752836410044669,7.6875,-1.3125,7.6875,-1.3125
0.20,3.2513293979460562,2.0027102229030485,R12,Z,1.594161449137265e-05,17507.84793441722,2.4169081919222682e-08,0.00020178205051034202,6.3125,-0.0625,6.3125,0.0
0.20,3.2513293979460562,2.0027102229030485,full,C,0.00035090208138776843,47707.1374204701,5.321240095591797e-07,0.0009980625466191905,4.4375,-0.0625,4.4375,0.0
0.20,3.2513293979460562,2.0027102229030485,full,H,9.945456112110727e-05,47707.1374204701,3.86973959854596e-07,0.0008109218906611204,8.0,-2.625,4.4375,0.0
0.20,3.2513293979460562,2.0027102229030485,full,M,6.109751250113153e-05,47707.1374204701,2.3853468460460243e-07,0.0006752836410044669,7.6875,-1.3125,7.6875,-1.3125
0.20,3.2513293979460562,2.0027102229030485,full,Z,4.484014190957316e-05,47707.1374204701,2.4169081919222682e-08,0.00020178205051034202,6.3125,-0.0625,6.3125,0.0
0.20,3.5049597022795935,2.1590221141239168,R4,C,1.018239006370514e-05,1074.0309571169378,1.7857093858662763e-07,0.0007971040906524122,3.9375,-0.0625,4.0,0.0
0.20,3.5049597022795935,2.1590221141239168,R4,H,3.630666939001542e-06,1074.0309571169378,1.3089982190793073e-07,0.000712623936124146,3.9375,-0.0625,4.0,0.0
0.20,3.5049597022795935,2.1590221141239168,R4,M,1.4961330858218661e-06,1074.0309571169378,2.863499361009102e-08,0.00034554370775404105,3.9375,-0.0625,4.0,0.0
0.20,3.5049597022795935,2.1590221141239168,R4,Z,1.0921310232989229e-06,1074.0309571169378,9.874298229037044e-09,0.00015111742982800065,3.75,-0.0625,3.75,0.0
0.20,3.5049597022795935,2.1590221141239168,R8,C,0.00018169258191434072,6832.855918309007,5.269982004388157e-07,0.0010016923300988352,4.375,-0.0625,4.375,0.0
0.20,3.5049597022795935,2.1590221141239168,R8,H,6.348188854837223e-05,6832.855918309007,3.522086695988867e-07,0.0008196503040380776,4.375,-0.0625,4.375,0.0
0.20,3.5049597022795935,2.1590221141239168,R8,M,4.540311868971929e-05,6832.855918309007,1.7186383356015569e-07,0.0005704546534940245,7.5625,-1.25,7.5625,-1.3125
0.20,3.5049597022795935,2.1590221141239168,R8,Z,1.5455896652261304e-05,6832.855918309007,2.3980042950249147e-08,0.00020251815518693047,6.4375,-0.0625,6.4375,0.0
0.20,3.5049597022795935,2.1590221141239168,R12,C,0.0002091898292844078,17493.296345201376,5.269982004388157e-07,0.0010016923300988352,4.375,-0.0625,4.375,0.0
0.20,3.5049597022795935,2.1590221141239168,R12,H,7.772602923458751e-05,17493.296345201376,3.522086695988867e-07,0.0008196503040380776,4.375,-0.0625,4.375,0.0
0.20,3.5049597022795935,2.1590221141239168,R12,M,5.201669410756921e-05,17493.296345201376,1.7186383356015569e-07,0.0005704546534940245,7.5625,-1.25,7.5625,-1.3125
0.20,3.5049597022795935,2.1590221141239168,R12,Z,1.700817552796091e-05,17493.296345201376,2.3980042950249147e-08,0.00020251815518693047,6.4375,-0.0625,6.4375,0.0
0.20,3.5049597022795935,2.1590221141239168,full,C,0.00039156725676337445,47693.294967509995,5.269982004388157e-07,0.0010016923300988352,4.375,-0.0625,4.375,0.0
0.20,3.5049597022795935,2.1590221141239168,full,H,0.0001069805447412843,47693.294967509995,3.522086695988867e-07,0.0008196503040380776,4.375,-0.0625,4.375,0.0
0.20,3.5049597022795935,2.1590221141239168,full,M,6.158621390871728e-05,47693.294967509995,1.7186383356015569e-07,0.0005704546534940245,7.5625,-1.25,7.5625,-1.3125
0.20,3.5049597022795935,2.1590221141239168,full,Z,5.2839123691716876e-05,47693.294967509995,2.4521142925623636e-08,0.00020251815518693047,15.875,-4.375,6.4375,0.0
0.20,3.7503274647149616,2.31025593800769,R4,C,1.57965498002301e-05,1072.5103584900394,3.0613742650274433e-07,0.0008197036363886603,3.9375,-0.0625,3.9375,0.0
0.20,3.7503274647149616,2.31025593800769,R4,H,7.86270703529512e-06,1072.5103584900394,2.4601063297164053e-07,0.0007351163076236844,3.9375,-0.0625,3.9375,0.0
0.20,3.7503274647149616,2.31025593800769,R4,M,2.6170772823535857e-06,1072.5103584900394,5.9098271751397377e-08,0.0003596527472884512,3.9375,-0.0625,3.9375,0.0
0.20,3.7503274647149616,2.31025593800769,R4,Z,1.1419207330114313e-06,1072.5103584900394,9.844648064026385e-09,0.00015280844885143027,3.6875,-0.0625,3.6875,0.0
0.20,3.7503274647149616,2.31025593800769,R8,C,0.00019403307852348072,6819.820065857265,4.981823059699746e-07,0.0009974888003488006,4.3125,-0.0625,4.25,0.0
0.20,3.7503274647149616,2.31025593800769,R8,H,7.097220114884916e-05,6819.820065857265,3.3833971603566154e-07,0.0008235433488152921,4.25,-0.0625,4.25,0.0
0.20,3.7503274647149616,2.31025593800769,R8,M,4.672245805211342e-05,6819.820065857265,1.5886874446555172e-07,0.0005391228752535449,7.375,-0.75,7.375,-0.8125
0.20,3.7503274647149616,2.31025593800769,R8,Z,1.6254859648381224e-05,6819.820065857265,4.8536963129408494e-08,0.0002959293480201172,7.25,-0.0625,7.25,0.0
0.20,3.7503274647149616,2.31025593800769,R12,C,0.00022092095457979059,17478.261409117724,4.981823059699746e-07,0.0009974888003488006,4.3125,-0.0625,4.25,0.0
0.20,3.7503274647149616,2.31025593800769,R12,H,8.433754461193086e-05,17478.261409117724,3.3833971603566154e-07,0.0008235433488152921,4.25,-0.0625,4.25,0.0
0.20,3.7503274647149616,2.31025593800769,R12,M,5.3108840848878556e-05,17478.261409117724,1.5886874446555172e-07,0.0005391228752535449,7.375,-0.75,7.375,-0.8125
0.20,3.7503274647149616,2.31025593800769,R12,Z,1.79131293777578e-05,17478.261409117724,4.8536963129408494e-08,0.0002959293480201172,7.25,-0.0625,7.25,0.0
0.20,3.7503274647149616,2.31025593800769,full,C,0.00043799611981446744,47678.99627812382,4.981823059699746e-07,0.0009974888003488006,4.3125,-0.0625,4.25,0.0
0.20,3.7503274647149616,2.31025593800769,full,H,0.00011639068438217847,47678.99627812382,3.3833971603566154e-07,0.0008235433488152921,4.25,-0.0625,4.25,0.0
0.20,3.7503274647149616,2.31025593800769,full,M,6.356572051627183e-05,47678.99627812382,1.5886874446555172e-07,0.0005391228752535449,7.375,-0.75,7.375,-0.8125
0.20,3.7503274647149616,2.31025593800769,full,Z,6.146348567271143e-05,47678.99627812382,4.8536963129408494e-08,0.0002959293480201172,7.25,-0.0625,7.25,0.0
0.20,4.0012758046704135,2.464933420943749,R4,C,2.135005798333183e-05,1071.0849201487838,2.8800030583036173e-07,0.0008021876806609622,3.875,-0.0625,3.875,0.0
0.20,4.0012758046704135,2.464933420943749,R4,H,1.199031428333461e-05,1071.0849201487838,2.3038862797123493e-07,0.0007177201914601028,3.875,-0.0625,3.875,0.0
0.20,4.0012758046704135,2.464933420943749,R4,M,3.830909324941231e-06,1071.0849201487838,5.72091559537191e-08,0.0003570019489775964,3.875,-0.0625,3.875,0.0
0.20,4.0012758046704135,2.464933420943749,R4,Z,1.170302169506501e-06,1071.0849201487838,9.393140453809841e-09,0.00015110657974785603,3.625,-0.0625,3.625,0.0
0.20,4.0012758046704135,2.464933420943749,R8,C,0.000201927081328082,6805.188107540586,5.275284897624555e-07,0.0010353390965787206,4.1875,-0.0625,4.1875,0.0
0.20,4.0012758046704135,2.464933420943749,R8,H,7.789651444383135e-05,6805.188107540586,3.6448704279001314e-07,0.0008613716345280409,4.1875,-0.0625,4.1875,0.0
0.20,4.0012758046704135,2.464933420943749,R8,M,4.7172433525589507e-05,6805.188107540586,1.5798233497437134e-07,0.0005428427961351226,7.3125,-1.1875,7.3125,-1.1875
0.20,4.0012758046704135,2.464933420943749,R8,Z,1.622961551698369e-05,6805.188107540586,3.5970438774036896e-08,0.00025336870954335855,7.125,-0.0625,7.125,0.0
0.20,4.0012758046704135,2.464933420943749,R12,C,0.0002287235224360942,17461.98694737145,5.275284897624555e-07,0.0010353390965787206,4.1875,-0.0625,4.1875,0.0
0.20,4.0012758046704135,2.464933420943749,R12,H,9.026524644957737e-05,17461.98694737145,3.6448704279001314e-07,0.0008613716345280409,4.1875,-0.0625,4.1875,0.0
0.20,4.0012758046704135,2.464933420943749,R12,M,5.387163462984307e-05,17461.98694737145,1.5798233497437134e-07,0.0005428427961351226,7.3125,-1.1875,7.3125,-1.1875
0.20,4.0012758046704135,2.464933420943749,R12,Z,1.801366450719157e-05,17461.98694737145,3.5970438774036896e-08,0.00025336870954335855,7.125,-0.0625,7.125,0.0
0.20,4.0012758046704135,2.464933420943749,full,C,0.0004861204090702064,47663.524428465935,5.275284897624555e-07,0.0010353390965787206,4.1875,-0.0625,4.1875,0.0
0.20,4.0012758046704135,2.464933420943749,full,H,0.00012539037283365638,47663.524428465935,3.6448704279001314e-07,0.0008613716345280409,4.1875,-0.0625,4.1875,0.0
0.20,4.0012758046704135,2.464933420943749,full,M,6.527427251255907e-05,47663.524428465935,1.5798233497437134e-07,0.0005428427961351226,7.3125,-1.1875,7.3125,-1.1875
0.20,4.0012758046704135,2.464933420943749,full,Z,7.058768759167551e-05,47663.524428465935,3.5970438774036896e-08,0.00025336870954335855,7.125,-0.0625,7.125,0.0
0.20,4.251159092509074,2.6189384410169976,R4,C,2.460863086277709e-05,1069.848730273767,2.8792508702304483e-07,0.0008222530375238036,3.75,-0.0625,3.75,0.0
0.20,4.251159092509074,2.6189384410169976,R4,H,1.384084788294628e-05,1069.848730273767,2.311960028507049e-07,0.0007370841922238469,3.75,-0.0625,3.75,0.0
0.20,4.251159092509074,2.6189384410169976,R4,M,4.529117856399339e-06,1069.848730273767,5.476599040484291e-08,0.0003582420836425574,3.75,-0.0625,3.75,0.0
0.20,4.251159092509074,2.6189384410169976,R4,Z,1.2829705055634293e-06,1069.848730273767,9.160786609857205e-09,0.0001553382181837305,3.5,-0.0625,4.0,0.0
0.20,4.251159092509074,2.6189384410169976,R8,C,0.00020729154094818248,6789.417826814918,5.27955733103276e-07,0.0010445831113830813,4.125,-0.0625,4.125,0.0
0.20,4.251159092509074,2.6189384410169976,R8,H,8.417752029723435e-05,6789.417826814918,3.687213848415857e-07,0.0008733517024666071,4.125,-0.0625,4.125,0.0
0.20,4.251159092509074,2.6189384410169976,R8,M,4.785956688012275e-05,6789.417826814918,1.538552407062536e-07,0.0005352413998831669,7.1875,-1.1875,7.1875,-1.1875
0.20,4.251159092509074,2.6189384410169976,R8,Z,1.5443208662080362e-05,6789.417826814918,2.904974029362038e-08,0.00022711565225702157,6.875,-0.0625,6.875,0.0
0.20,4.251159092509074,2.6189384410169976,R12,C,0.00023214226278972435,17444.9177997342,5.27955733103276e-07,0.0010445831113830813,4.125,-0.0625,4.125,0.0
0.20,4.251159092509074,2.6189384410169976,R12,H,9.438521517855126e-05,17444.9177997342,3.687213848415857e-07,0.0008733517024666071,4.125,-0.0625,4.125,0.0
0.20,4.251159092509074,2.6189384410169976,R12,M,5.4246905475050206e-05,17444.9177997342,1.538552407062536e-07,0.0005352413998831669,7.1875,-1.1875,7.1875,-1.1875
0.20,4.251159092509074,2.6189384410169976,R12,Z,1.7328844609282413e-05,17444.9177997342,2.904974029362038e-08,0.00022711565225702157,6.875,-0.0625,6.875,0.0
0.20,4.251159092509074,2.6189384410169976,full,C,0.0005350162786603301,47647.2995223489,5.27955733103276e-07,0.0010445831113830813,4.125,-0.0625,4.125,0.0
0.20,4.251159092509074,2.6189384410169976,full,H,0.0001327982616339838,47647.2995223489,3.687213848415857e-07,0.0008733517024666071,4.125,-0.0625,4.125,0.0
0.20,4.251159092509074,2.6189384410169976,full,M,6.66264928230722e-05,47647.2995223489,1.538552407062536e-07,0.0005352413998831669,7.1875,-1.1875,7.1875,-1.1875
0.20,4.251159092509074,2.6189384410169976,full,Z,8.012896702157946e-05,47647.2995223489,3.8923404284609245e-08,0.00022711565225702157,15.875,-4.875,6.875,0.0
0.20,4.500072579909366,2.7722946123786074,R4,C,2.964445158635728e-05,1068.8415261987006,2.789930285259793e-07,0.001922232786739135,3.6875,-0.0625,0.0,-0.5
0.20,4.500072579909366,2.7722946123786074,R4,H,1.6783306583545418e-05,1068.8415261987006,2.2345256457298588e-07,0.0019221161492168903,3.6875,0.0625,0.0,-0.5
0.20,4.500072579909366,2.7722946123786074,R4,M,5.296233843149e-06,1068.8415261987006,5.50766742757321e-08,0.00040400895292039404,3.6875,-0.0625,4.0,0.0
0.20,4.500072579909366,2.7722946123786074,R4,Z,1.5203645855314897e-06,1068.8415261987006,1.2212669835808747e-08,0.0001758861968511176,3.9375,-0.0625,4.0,0.0
0.20,4.500072579909366,2.7722946123786074,R8,C,0.00021367238381703537,6772.591255609762,5.034031686233945e-07,0.001922232786739135,4.0625,0.0625,0.0,-0.5
0.20,4.500072579909366,2.7722946123786074,R8,H,9.023035652991041e-05,6772.591255609762,3.539882011440169e-07,0.0019221161492168903,4.0625,-0.0625,0.0,-0.5
0.20,4.500072579909366,2.7722946123786074,R8,M,4.841053068481552e-05,6772.591255609762,1.1304760798640102e-07,0.000460291164447125,7.0625,-1.3125,7.0625,-1.3125
0.20,4.500072579909366,2.7722946123786074,R8,Z,1.4814935713211972e-05,6772.591255609762,2.4056966560334216e-08,0.00020617887639174263,6.75,-0.0625,6.75,0.0
0.20,4.500072579909366,2.7722946123786074,R12,C,0.00023622292572409906,17427.075189915668,5.034031686233945e-07,0.001922232786739135,4.0625,0.0625,0.0,-0.5
0.20,4.500072579909366,2.7722946123786074,R12,H,9.837452158305415e-05,17427.075189915668,3.539882011440169e-07,0.0019221161492168903,4.0625,-0.0625,0.0,-0.5
0.20,4.500072579909366,2.7722946123786074,R12,M,5.4173615303643036e-05,17427.075189915668,1.1304760798640102e-07,0.000460291164447125,7.0625,-1.3125,7.0625,-1.3125
0.20,4.500072579909366,2.7722946123786074,R12,Z,1.6793366230500285e-05,17427.075189915668,2.7603446034992224e-08,0.00020617887639174263,9.375,-0.125,6.75,0.0
0.20,4.500072579909366,2.7722946123786074,full,C,0.0005901888253210366,47630.33215483066,5.034031686233945e-07,0.001922232786739135,4.0625,0.0625,0.0,-0.5
0.20,4.500072579909366,2.7722946123786074,full,H,0.00014030725721966177,47630.33215483066,3.539882011440169e-07,0.0019221161492168903,4.0625,-0.0625,0.0,-0.5
0.20,4.500072579909366,2.7722946123786074,full,M,6.755698247513529e-05,47630.33215483066,1.1304760798640102e-07,0.000460291164447125,7.0625,-1.3125,7.0625,-1.3125
0.20,4.500072579909366,2.7722946123786074,full,Z,9.112595616329826e-05,47630.33215483066,4.511072104630473e-08,0.00020617887639174263,15.875,-5.0,6.75,0.0
0.20,4.7548210065413175,2.9291307985707364,R4,C,3.9259724860509504e-05,1068.066739890393,5.124470115012537e-07,0.0019233036885589673,3.9375,-0.0625,0.0,-0.9375
0.20,4.7548210065413175,2.9291307985707364,R4,H,2.3211831056617026e-05,1068.066739890393,3.6501089624863004e-07,0.0019232379272580147,3.9375,-0.0625,0.0,-0.9375
0.20,4.7548210065413175,2.9291307985707364,R4,M,6.9327885776882595e-06,1068.066739890393,8.474432591423921e-08,0.0004320543150543642,3.9375,-0.0625,4.0,0.0
0.20,4.7548210065413175,2.9291307985707364,R4,Z,1.8231273849845936e-06,1068.066739890393,1.3500082688093231e-08,0.00017203220676464335,3.9375,-0.0625,3.9375,0.0
0.20,4.7548210065413175,2.9291307985707364,R8,C,0.00022469022617472448,6754.261954090577,6.811684289065409e-07,0.0019233036885589673,5.25,0.0,0.0,-0.9375
0.20,4.7548210065413175,2.9291307985707364,R8,H,9.612389861501118e-05,6754.261954090577,3.6501089624863004e-07,0.0019232379272580147,3.9375,-0.0625,0.0,-0.9375
0.20,4.7548210065413175,2.9291307985707364,R8,M,4.903366753325999e-05,6754.261954090577,9.918035751254233e-08,0.0004320543150543642,7.0625,-1.0,4.0,0.0
0.20,4.7548210065413175,2.9291307985707364,R8,Z,1.523860473810204e-05,6754.261954090577,3.156757423760255e-08,0.00023734821767774542,6.9375,-0.0625,6.9375,0.0
0.20,4.7548210065413175,2.9291307985707364,R12,C,0.000245610426175534,17407.95593830691,6.811684289065409e-07,0.0019233036885589673,5.25,0.0,0.0,-0.9375
0.20,4.7548210065413175,2.9291307985707364,R12,H,0.0001027810159786813,17407.95593830691,3.6501089624863004e-07,0.0019232379272580147,3.9375,-0.0625,0.0,-0.9375
0.20,4.7548210065413175,2.9291307985707364,R12,M,5.422379199574574e-05,17407.95593830691,9.918035751254233e-08,0.0004320543150543642,7.0625,-1.0,4.0,0.0
0.20,4.7548210065413175,2.9291307985707364,R12,Z,1.731523421116867e-05,17407.95593830691,3.156757423760255e-08,0.00023734821767774542,6.9375,-0.0625,6.9375,0.0
0.20,4.7548210065413175,2.9291307985707364,full,C,0.0006584211629320157,47612.12490586553,6.811684289065409e-07,0.0019233036885589673,5.25,0.0,0.0,-0.9375
0.20,4.7548210065413175,2.9291307985707364,full,H,0.0001485858934601835,47612.12490586553,3.6501089624863004e-07,0.0019232379272580147,3.9375,-0.0625,0.0,-0.9375
0.20,4.7548210065413175,2.9291307985707364,full,M,6.866048968339137e-05,47612.12490586553,9.918035751254233e-08,0.0004320543150543642,7.0625,-1.0,4.0,0.0
0.20,4.7548210065413175,2.9291307985707364,full,Z,0.00010497087529278594,47612.12490586553,5.227781186361679e-08,0.00023734821767774542,15.875,-5.125,6.9375,0.0
0.20,5.002056665483191,3.0811314446827267,R4,C,4.947744193471477e-05,1067.5614226072644,5.151451575235504e-07,0.0010981572694062705,3.875,-0.0625,0.0,-1.25
0.20,5.002056665483191,3.0811314446827267,R4,H,3.0265450734709948e-05,1067.5614226072644,3.7104836727727495e-07,0.001097645377740264,3.875,-0.0625,0.0,-1.25
0.20,5.002056665483191,3.0811314446827267,R4,M,8.959659166213771e-06,1067.5614226072644,8.905786272642761e-08,0.0004466827754663021,3.875,-0.0625,3.875,0.0
0.20,5.002056665483191,3.0811314446827267,R4,Z,2.059208535488279e-06,1067.5614226072644,1.2675373954057965e-08,0.00017021873437407785,3.8125,-0.0625,3.8125,0.0
0.20,5.002056665483191,3.0811314446827267,R8,C,0.0002396161696603776,6735.42284412545,1.2916149163793754e-06,0.0023885320149605463,5.25,0.0,5.25,0.0
0.20,5.002056665483191,3.0811314446827267,R8,H,0.00010154011515728398,6735.42284412545,3.7104836727727495e-07,0.001097645377740264,3.875,-0.0625,0.0,-1.25
0.20,5.002056665483191,3.0811314446827267,R8,M,5.082048784804737e-05,6735.42284412545,1.3042600244495613e-07,0.000589067611090444,5.25,-0.1875,5.0625,0.0
0.20,5.002056665483191,3.0811314446827267,R8,Z,1.608216607177665e-05,6735.42284412545,4.536088229503681e-08,0.0003166023906296289,5.1875,-0.0625,5.1875,-0.0625
0.20,5.002056665483191,3.0811314446827267,R12,C,0.0002597500165585139,17388.580525234327,1.2916149163793754e-06,0.0023885320149605463,5.25,0.0,5.25,0.0
0.20,5.002056665483191,3.0811314446827267,R12,H,0.0001071231358387653,17388.580525234327,3.7104836727727495e-07,0.001097645377740264,3.875,-0.0625,0.0,-1.25
0.20,5.002056665483191,3.0811314446827267,R12,M,5.5564714926545704e-05,17388.580525234327,1.3042600244495613e-07,0.000589067611090444,5.25,-0.1875,5.0625,0.0
0.20,5.002056665483191,3.0811314446827267,R12,Z,1.8325333321259254e-05,17388.580525234327,4.536088229503681e-08,0.0003166023906296289,5.1875,-0.0625,5.1875,-0.0625
0.20,5.002056665483191,3.0811314446827267,full,C,0.0007365995628464831,47593.62306013583,1.2916149163793754e-06,0.0023885320149605463,5.25,0.0,5.25,0.0
0.20,5.002056665483191,3.0811314446827267,full,H,0.0001569621200576903,47593.62306013583,3.7104836727727495e-07,0.001097645377740264,3.875,-0.0625,0.0,-1.25
0.20,5.002056665483191,3.0811314446827267,full,M,7.104231000230046e-05,47593.62306013583,1.3042600244495613e-07,0.000589067611090444,5.25,-0.1875,5.0625,0.0
0.20,5.002056665483191,3.0811314446827267,full,Z,0.00012051447692281686,47593.62306013583,6.010297445192983e-08,0.0003166023906296289,15.875,-5.25,5.1875,-0.0625
0.20,5.255185452190958,3.2363855920851545,R4,C,5.688621246506998e-05,1067.267402929733,4.918414736584045e-07,0.0010583185078571642,3.8125,-0.0625,3.8125,0.0
0.20,5.255185452190958,3.2363855920851545,R4,H,3.536835017559256e-05,1067.267402929733,3.5680853250478267e-07,0.0009015566320158541,3.8125,-0.0625,3.8125,0.0
0.20,5.255185452190958,3.2363855920851545,R4,M,1.0622102299245453e-05,1067.267402929733,8.938647195322305e-08,0.0004511422131960712,3.8125,-0.0625,3.8125,0.0
0.20,5.255185452190958,3.2363855920851545,R4,Z,2.18856303320909e-06,1067.267402929733,1.2087910395297298e-08,0.00016779606314006954,3.75,-0.0625,3.75,0.0
0.20,5.255185452190958,3.2363855920851545,R8,C,0.0002578560500123048,6715.068091380424,2.5011222041117077e-06,0.0033688544889586406,5.25,0.0,5.25,0.0
0.20,5.255185452190958,3.2363855920851545,R8,H,0.00010639054005220419,6715.068091380424,3.5680853250478267e-07,0.0009015566320158541,3.8125,-0.0625,3.8125,0.0
0.20,5.255185452190958,3.2363855920851545,R8,M,5.512451947018704e-05,6715.068091380424,3.000792564472867e-07,0.0008697935222584607,5.25,-0.1875,5.4375,0.0
0.20,5.255185452190958,3.2363855920851545,R8,Z,1.6360090156385357e-05,6715.068091380424,8.1195688927846e-08,0.000429409649320034,5.1875,-0.0625,5.1875,-0.0625
0.20,5.255185452190958,3.2363855920851545,R12,C,0.00027813961773286725,17367.921322281396,2.5011222041117077e-06,0.0033688544889586406,5.25,0.0,5.25,0.0
0.20,5.255185452190958,3.2363855920851545,R12,H,0.00011105021098876711,17367.921322281396,3.5680853250478267e-07,0.0009015566320158541,3.8125,-0.0625,3.8125,0.0
0.20,5.255185452190958,3.2363855920851545,R12,M,5.9465389965376763e-05,17367.921322281396,3.000792564472867e-07,0.0008697935222584607,5.25,-0.1875,5.4375,0.0
0.20,5.255185452190958,3.2363855920851545,R12,Z,1.892962841796341e-05,17367.921322281396,8.1195688927846e-08,0.000429409649320034,5.1875,-0.0625,5.1875,-0.0625
0.20,5.255185452190958,3.2363855920851545,full,C,0.0008282673772520227,47573.81233193307,2.5011222041117077e-06,0.0033688544889586406,5.25,0.0,5.25,0.0
0.20,5.255185452190958,3.2363855920851545,full,H,0.00016531551267028835,47573.81233193307,3.5680853250478267e-07,0.0009015566320158541,3.8125,-0.0625,3.8125,0.0
0.20,5.255185452190958,3.2363855920851545,full,M,7.60198335745949e-05,47573.81233193307,3.000792564472867e-07,0.0008697935222584607,5.25,-0.1875,5.4375,0.0
0.20,5.255185452190958,3.2363855920851545,full,Z,0.0001377788944435324,47573.81233193307,8.1195688927846e-08,0.000429409649320034,5.1875,-0.0625,5.1875,-0.0625
0.20,5.500937351095786,3.3865611055955434,R4,C,6.132697403906059e-05,1067.1472767696562,4.930557271986814e-07,0.0010842223229450988,3.6875,-0.0625,3.6875,0.0
0.20,5.500937351095786,3.3865611055955434,R4,H,3.844861281734063e-05,1067.1472767696562,3.599967213020364e-07,0.000926889362744987,3.6875,-0.0625,3.6875,0.0
0.20,5.500937351095786,3.3865611055955434,R4,M,1.1608111110503518e-05,1067.1472767696562,8.58375327431108e-08,0.0004461142916586796,3.75,-0.0625,3.75,0.0
0.20,5.500937351095786,3.3865611055955434,R4,Z,2.2423022588896553e-06,1067.1472767696562,1.1103255885766133e-08,0.0001638211189125948,3.6875,-0.0625,3.625,0.0
0.20,5.500937351095786,3.3865611055955434,R8,C,0.00028287527620225473,6694.2672495923935,4.728512482535803e-06,0.00469253371123349,5.25,0.0,5.25,0.0
0.20,5.500937351095786,3.3865611055955434,R8,H,0.00011044737331323904,6694.2672495923935,3.599967213020364e-07,0.000926889362744987,3.6875,-0.0625,3.6875,0.0
0.20,5.500937351095786,3.3865611055955434,R8,M,6.308674221756288e-05,6694.2672495923935,6.428602121871635e-07,0.0012627176906852234,5.25,-0.1875,5.4375,0.0
0.20,5.500937351095786,3.3865611055955434,R8,Z,1.628141554425086e-05,6694.2672495923935,1.43732837416333e-07,0.0005788829613299671,5.1875,-0.0625,5.1875,-0.0625
0.20,5.500937351095786,3.3865611055955434,R12,C,0.00030422224794581144,17347.081242570508,4.728512482535803e-06,0.00469253371123349,5.25,0.0,5.25,0.0
0.20,5.500937351095786,3.3865611055955434,R12,H,0.00011442964325079897,17347.081242570508,3.599967213020364e-07,0.000926889362744987,3.6875,-0.0625,3.6875,0.0
0.20,5.500937351095786,3.3865611055955434,R12,M,6.715619326050644e-05,17347.081242570508,6.428602121871635e-07,0.0012627176906852234,5.25,-0.1875,5.4375,0.0
0.20,5.500937351095786,3.3865611055955434,R12,Z,1.9296643488949388e-05,17347.081242570508,1.43732837416333e-07,0.0005788829613299671,5.1875,-0.0625,5.1875,-0.0625
0.20,5.500937351095786,3.3865611055955434,full,C,0.0009335906205984522,47553.72172513197,4.728512482535803e-06,0.00469253371123349,5.25,0.0,5.25,0.0
0.20,5.500937351095786,3.3865611055955434,full,H,0.0001732929297023152,47553.72172513197,3.599967213020364e-07,0.000926889362744987,3.6875,-0.0625,3.6875,0.0
0.20,5.500937351095786,3.3865611055955434,full,M,8.47577664868951e-05,47553.72172513197,6.428602121871635e-07,0.0012627176906852234,5.25,-0.1875,5.4375,0.0
0.20,5.500937351095786,3.3865611055955434,full,Z,0.00015618375746529172,47553.72172513197,1.43732837416333e-07,0.0005788829613299671,5.1875,-0.0625,5.1875,-0.0625
0.20,5.752595161809269,3.5395345654890127,R4,C,6.555663988905195e-05,1067.1231367776709,4.965145992199198e-07,0.0010974663325985354,3.625,-0.0625,3.625,0.0
0.20,5.752595161809269,3.5395345654890127,R4,H,4.16020651411424e-05,1067.1231367776709,3.662642604074892e-07,0.0009428575285710394,3.625,-0.0625,3.625,0.0
0.20,5.752595161809269,3.5395345654890127,R4,M,1.2355033473430348e-05,1067.1231367776709,8.599195994785946e-08,0.00045675583375953075,3.625,-0.0625,3.625,0.0
0.20,5.752595161809269,3.5395345654890127,R4,Z,2.270374384001078e-06,1067.1231367776709,1.075707916489739e-08,0.00016321231992255018,3.5625,-0.0625,3.5625,0.0
0.20,5.752595161809269,3.5395345654890127,R8,C,0.00032733328303680506,6671.892473072671,8.969782239294118e-06,0.006548657308606088,5.25,0.0,5.25,0.0
0.20,5.752595161809269,3.5395345654890127,R8,H,0.00011449990825814924,6671.892473072671,3.662642604074892e-07,0.0009428575285710394,3.625,-0.0625,3.625,0.0
0.20,5.752595161809269,3.5395345654890127,R8,M,7.826180733430278e-05,6671.892473072671,1.2920028068602864e-06,0.0018064837759185022,5.25,-0.1875,5.0625,0.0
0.20,5.752595161809269,3.5395345654890127,R8,Z,1.683371415127505e-05,6671.892473072671,2.5960226792341657e-07,0.000788428684351739,5.1875,-0.0625,5.1875,-0.0625
0.20,5.752595161809269,3.5395345654890127,R12,C,0.0003500951081234119,17324.936901051275,8.969782239294118e-06,0.006548657308606088,5.25,0.0,5.25,0.0
0.20,5.752595161809269,3.5395345654890127,R12,H,0.0001182297595298167,17324.936901051275,3.662642604074892e-07,0.0009428575285710394,3.625,-0.0625,3.625,0.0
0.20,5.752595161809269,3.5395345654890127,R12,M,8.210978199416065e-05,17324.936901051275,1.2920028068602864e-06,0.0018064837759185022,5.25,-0.1875,5.0625,0.0
0.20,5.752595161809269,3.5395345654890127,R12,Z,2.0272099168131113e-05,17324.936901051275,2.5960226792341657e-07,0.000788428684351739,5.1875,-0.0625,5.1875,-0.0625
0.20,5.752595161809269,3.5395345654890127,full,C,0.0010696173237292532,47532.2580021616,8.969782239294118e-06,0.006548657308606088,5.25,0.0,5.25,0.0
0.20,5.752595161809269,3.5395345654890127,full,H,0.00018212213390848773,47532.2580021616,3.662642604074892e-07,0.0009428575285710394,3.625,-0.0625,3.625,0.0
0.20,5.752595161809269,3.5395345654890127,full,M,0.00010077843660698935,47532.2580021616,1.2920028068602864e-06,0.0018064837759185022,5.25,-0.1875,5.0625,0.0
0.20,5.752595161809269,3.5395345654890127,full,Z,0.00017769647515788418,47532.2580021616,2.5960226792341657e-07,0.000788428684351739,5.1875,-0.0625,5.1875,-0.0625
0.20,6.003552009896725,3.6910116417678718,R4,C,7.028827171062189e-05,1067.119690140785,4.735478746739689e-07,0.001081132910876555,3.5625,-0.0625,3.5625,0.0
0.20,6.003552009896725,3.6910116417678718,R4,H,4.521340836955498e-05,1067.119690140785,3.5130699402811545e-07,0.0009313166374340653,3.5625,-0.0625,3.5625,0.0
0.20,6.003552009896725,3.6910116417678718,R4,M,1.3183363227365553e-05,1067.119690140785,8.662041057174614e-08,0.0004625052359520474,3.5625,-0.0625,3.5625,0.0
0.20,6.003552009896725,3.6910116417678718,R4,Z,2.287768085729924e-06,1067.119690140785,1.003928892990261e-08,0.00015916124957444586,3.5,-0.0625,3.5,0.0
0.20,6.003552009896725,3.6910116417678718,R8,C,0.0004072774005290449,6648.4849772598745,1.6592109429369798e-05,0.009023056582155773,5.25,0.0,5.25,0.0
0.20,6.003552009896725,3.6910116417678718,R8,H,0.00012011060610474636,6648.4849772598745,3.5130699402811545e-07,0.0009313166374340653,3.5625,-0.0625,3.5625,0.0
0.20,6.003552009896725,3.6910116417678718,R8,M,0.00010613852065497525,6648.4849772598745,2.4159612714029514e-06,0.0026382342075530383,5.25,-0.1875,5.0625,0.0
0.20,6.003552009896725,3.6910116417678718,R8,Z,1.867647777420164e-05,6648.4849772598745,4.6896952580209416e-07,0.0010737525282288564,5.1875,-0.0625,5.1875,-0.0625
0.20,6.003552009896725,3.6910116417678718,R12,C,0.00043057455438765875,17302.027528131166,1.6592109429369798e-05,0.009023056582155773,5.25,0.0,5.25,0.0
0.20,6.003552009896725,3.6910116417678718,R12,H,0.00012372971924259774,17302.027528131166,3.5130699402811545e-07,0.0009313166374340653,3.5625,-0.0625,3.5625,0.0
0.20,6.003552009896725,3.6910116417678718,R12,M,0.00010975099220085719,17302.027528131166,2.4159612714029514e-06,0.0026382342075530383,5.25,-0.1875,5.0625,0.0
0.20,6.003552009896725,3.6910116417678718,R12,Z,2.2312258842271353e-05,17302.027528131166,4.6896952580209416e-07,0.0010737525282288564,5.1875,-0.0625,5.1875,-0.0625
0.20,6.003552009896725,3.6910116417678718,full,C,0.001249721190514924,47509.94440789425,1.6592109429369798e-05,0.009023056582155773,5.25,0.0,5.25,0.0
0.20,6.003552009896725,3.6910116417678718,full,H,0.00019290399973391836,47509.94440789425,3.5130699402811545e-07,0.0009313166374340653,3.5625,-0.0625,3.5625,0.0
0.20,6.003552009896725,3.6910116417678718,full,M,0.00012944779371761218,47509.94440789425,2.4159612714029514e-06,0.0026382342075530383,5.25,-0.1875,5.0625,0.0
0.20,6.003552009896725,3.6910116417678718,full,Z,0.00020245787790229,47509.94440789425,4.6896952580209416e-07,0.0010737525282288564,5.1875,-0.0625,5.1875,-0.0625
0.20,6.253789405547212,3.8407927649085707,R4,C,7.520836975389173e-05,1067.058376927706,4.75463937894024e-07,0.0011080924567848976,3.4375,-0.0625,3.4375,0.0
0.20,6.253789405547212,3.8407927649085707,R4,H,4.892365424519402e-05,1067.058376927706,3.5385624341248805e-07,0.0009562443010509014,3.4375,-0.0625,3.4375,0.0
0.20,6.253789405547212,3.8407927649085707,R4,M,1.4132094673363175e-05,1067.058376927706,8.281005763010271e-08,0.0004563779395404313,3.5,-0.0625,3.5,0.0
0.20,6.253789405547212,3.8407927649085707,R4,Z,2.3035911039869347e-06,1067.058376927706,9.596774208618291e-09,0.00015905020056413902,3.375,-0.0625,3.375,0.0
0.20,6.253789405547212,3.8407927649085707,R8,C,0.0005451987798912702,6624.0501006653,2.9520469766518263e-05,0.012190377080364254,5.25,0.0,5.25,0.0
0.20,6.253789405547212,3.8407927649085707,R8,H,0.0001274228676421396,6624.0501006653,4.966992847723257e-07,0.0014116045786067843,5.25,-0.1875,5.25,0.0
0.20,6.253789405547212,3.8407927649085707,R8,M,0.00015734291281210296,6624.0501006653,4.369367050254426e-06,0.003840539896538909,5.375,-0.125,5.0625,0.0
0.20,6.253789405547212,3.8407927649085707,R8,Z,2.1921989174856075e-05,6624.0501006653,8.443486176346356e-07,0.001459601501043111,5.1875,-0.0625,5.1875,-0.0625
0.20,6.253789405547212,3.8407927649085707,R12,C,0.0005692682335024735,17278.36486291815,2.9520469766518263e-05,0.012190377080364254,5.25,0.0,5.25,0.0
0.20,6.253789405547212,3.8407927649085707,R12,H,0.00013142160874100807,17278.36486291815,4.966992847723257e-07,0.0014116045786067843,5.25,-0.1875,5.25,0.0
0.20,6.253789405547212,3.8407927649085707,R12,M,0.0001609363131156278,17278.36486291815,4.369367050254426e-06,0.003840539896538909,5.375,-0.125,5.0625,0.0
0.20,6.253789405547212,3.8407927649085707,R12,Z,2.5644538406227032e-05,17278.36486291815,8.443486176346356e-07,0.001459601501043111,5.1875,-0.0625,5.1875,-0.0625
0.20,6.253789405547212,3.8407927649085707,full,C,0.001497783878539526,47486.78008456671,2.9520469766518263e-05,0.012190377080364254,5.25,0.0,5.25,0.0
0.20,6.253789405547212,3.8407927649085707,full,H,0.00020585484733770995,47486.78008456671,4.966992847723257e-07,0.0014116045786067843,5.25,-0.1875,5.25,0.0
0.20,6.253789405547212,3.8407927649085707,full,M,0.00018155321405639727,47486.78008456671,4.369367050254426e-06,0.003840539896538909,5.375,-0.125,5.0625,0.0
0.20,6.253789405547212,3.8407927649085707,full,Z,0.00023082461991220265,47486.78008456671,8.443486176346356e-07,0.001459601501043111,5.1875,-0.0625,5.1875,-0.0625
0.20,6.5,3.986890356854062,R4,C,7.984731999768893e-05,1066.8735897599304,4.743064568173851e-07,0.0011167828590802325,3.375,-0.0625,3.375,0.0
0.20,6.5,3.986890356854062,R4,H,5.239191438797617e-05,1066.8735897599304,3.5605927417957706e-07,0.0009678193018771708,3.375,-0.0625,3.375,0.0
0.20,6.5,3.986890356854062,R4,M,1.5067928889773801e-05,1066.8735897599304,8.350954452905668e-08,0.0004686834768744325,3.375,-0.0625,3.375,0.0
0.20,6.5,3.986890356854062,R4,Z,2.320192942062641e-06,1066.8735897599304,9.117535432608563e-09,0.00015651404566066734,3.3125,-0.0625,3.3125,0.0
0.20,6.5,3.986890356854062,R8,C,0.0007770565368327477,6598.948301068778,4.940258711177914e-05,0.01596638430345263,5.25,0.0,5.25,0.0
0.20,6.5,3.986890356854062,R8,H,0.00013930713866277646,6598.948301068778,9.479480316181855e-07,0.002130012959241867,5.25,-0.1875,5.25,0.0
0.20,6.5,3.986890356854062,R8,M,0.0002480437577452186,6598.948301068778,7.765163700739458e-06,0.005538401170231848,5.375,-0.125,5.0625,0.0
0.20,6.5,3.986890356854062,R8,Z,2.6677448638620996e-05,6598.948301068778,1.5000273978446534e-06,0.001970145034543007,5.1875,-0.0625,5.1875,-0.0625
0.20,6.5,3.986890356854062,R12,C,0.000803634015452258,17254.304481723182,4.940258711177914e-05,0.01596638430345263,5.25,0.0,5.25,0.0
0.20,6.5,3.986890356854062,R12,H,0.00014422069543857028,17254.304481723182,9.479480316181855e-07,0.002130012959241867,5.25,-0.1875,5.25,0.0
0.20,6.5,3.986890356854062,R12,M,0.00025189263518039464,17254.304481723182,7.765163700739458e-06,0.005538401170231848,5.375,-0.125,5.0625,0.0
0.20,6.5,3.986890356854062,R12,Z,3.0683341340066256e-05,17254.304481723182,1.5000273978446534e-06,0.001970145034543007,5.1875,-0.0625,5.1875,-0.0625
0.20,6.5,3.986890356854062,full,C,0.0018501978214602434,47463.088790453265,4.940258711177914e-05,0.01596638430345263,5.25,0.0,5.25,0.0
0.20,6.5,3.986890356854062,full,H,0.00022375797394046925,47463.088790453265,9.479480316181855e-07,0.002130012959241867,5.25,-0.1875,5.25,0.0
0.20,6.5,3.986890356854062,full,M,0.0002732783272428965,47463.088790453265,7.765163700739458e-06,0.005538401170231848,5.375,-0.125,5.0625,0.0
0.20,6.5,3.986890356854062,full,Z,0.00026297363002675386,47463.088790453265,1.5000273978446534e-06,0.001970145034543007,5.1875,-0.0625,5.1875,-0.0625
0.50,0.0,0.0,R4,C,1.3840910029346725e-06,1141.0689141071855,1.1726826281631262e-07,0.00047874771265271176,3.875,-0.125,4.0,0.0
0.50,0.0,0.0,R4,H,1.3537014188740079e-06,1141.0689141071855,1.1540042373202753e-07,0.0004770499945152551,3.875,-0.125,4.0,0.0
0.50,0.0,0.0,R4,M,0.0,1141.0689141071855,0.0,0.0,0.0,-4.0,0.0,-4.0
0.50,0.0,0.0,R4,Z,7.597400312957967e-09,1141.0689141071855,4.669594277178711e-10,2.0141215313484147e-05,3.875,-0.125,4.0,0.0
0.50,0.0,0.0,R8,C,0.0006850460432450883,6867.697340557753,3.911899354771891e-05,0.005980632079563001,5.25,-0.125,5.25,0.0
0.50,0.0,0.0,R8,H,0.0006815194336669424,6867.697340557753,3.9074666148472876e-05,0.005977977998554707,5.25,-0.125,5.25,0.0
0.50,0.0,0.0,R8,M,0.0,6867.697340557753,0.0,0.0,0.0,-8.0,0.0,-8.0
0.50,0.0,0.0,R8,Z,8.816500925019459e-07,6867.697340557753,1.5430093490057476e-08,0.00010646245129491397,5.125,-0.125,5.125,0.0
0.50,0.0,0.0,R12,C,0.0006850460718118196,17565.79789342099,3.911899354771891e-05,0.005980632079563001,5.25,-0.125,5.25,0.0
0.50,0.0,0.0,R12,H,0.0006815194399779816,17565.79789342099,3.9074666148472876e-05,0.005977977998554707,5.25,-0.125,5.25,0.0
0.50,0.0,0.0,R12,M,0.0,17565.79789342099,0.0,0.0,0.0,-12.0,0.0,-12.0
0.50,0.0,0.0,R12,Z,8.816556564248726e-07,17565.79789342099,1.5430093490057476e-08,0.00010646245129491397,5.125,-0.125,5.125,0.0
0.50,0.0,0.0,full,C,0.0006854074260927119,47760.672142924894,3.911899354771891e-05,0.005980632079563001,5.25,-0.125,5.25,0.0
0.50,0.0,0.0,full,H,0.0006818807942574769,47760.672142924894,3.9074666148472876e-05,0.005977977998554707,5.25,-0.125,5.25,0.0
0.50,0.0,0.0,full,M,0.0,47760.672142924894,0.0,0.0,0.0,-16.0,0.0,-16.0
0.50,0.0,0.0,full,Z,8.816556564248726e-07,47760.672142924894,1.5430093490057476e-08,0.00010646245129491397,5.125,-0.125,5.125,0.0
0.50,0.2523974944180667,0.15544570256574072,R4,C,5.193406208644191e-07,1139.9617732441263,1.1176557391803682e-08,0.00022952313100902639,3.9375,-0.0625,4.0,0.0
0.50,0.2523974944180667,0.15544570256574072,R4,H,2.597617464229648e-08,1139.9617732441263,3.5357896137291324e-09,0.00017102343554142863,4.0,0.0,4.0,0.0
0.50,0.2523974944180667,0.15544570256574072,R4,M,9.310461210553533e-09,1139.9617732441263,1.9275782838166333e-10,2.0052104417241615e-05,3.9375,-0.4375,3.9375,-0.4375
0.50,0.2523974944180667,0.15544570256574072,R4,Z,1.1935042007125327e-07,1139.9617732441263,2.4784336414774614e-09,7.817847605268361e-05,3.9375,-0.125,4.0,0.0
0.50,0.2523974944180667,0.15544570256574072,R8,C,0.00029507075890532897,6871.950935326177,9.084249959676495e-07,0.002946777713130874,5.34375,-0.21875,5.28125,0.0
0.50,0.2523974944180667,0.15544570256574072,R8,H,0.00019637276890334743,6871.950935326177,8.173442754790178e-07,0.0029247102793306112,5.34375,-0.21875,5.28125,0.0
0.50,0.2523974944180667,0.15544570256574072,R8,M,1.4412067582339246e-05,6871.950935326177,3.713505958050636e-08,0.0005915046025318096,5.5625,-0.03125,5.5625,0.0
0.50,0.2523974944180667,0.15544570256574072,R8,Z,2.0585334334497066e-05,6871.950935326177,2.6630859034106486e-08,0.0004904118043174778,4.90625,-0.25,4.90625,-0.25
0.50,0.2523974944180667,0.15544570256574072,R12,C,0.0002950713619462011,17565.943544063422,9.084249959676495e-07,0.002946777713130874,5.34375,-0.21875,5.28125,0.0
0.50,0.2523974944180667,0.15544570256574072,R12,H,0.00019637286729537638,17565.943544063422,8.173442754790178e-07,0.0029247102793306112,5.34375,-0.21875,5.28125,0.0
0.50,0.2523974944180667,0.15544570256574072,R12,M,1.4412156018495883e-05,17565.943544063422,3.713505958050636e-08,0.0005915046025318096,5.5625,-0.03125,5.5625,0.0
0.50,0.2523974944180667,0.15544570256574072,R12,Z,2.058542241621032e-05,17565.943544063422,2.6630859034106486e-08,0.0004904118043174778,4.90625,-0.25,4.90625,-0.25
0.50,0.2523974944180667,0.15544570256574072,full,C,0.0002976788817061916,47760.84514360418,9.084249959676495e-07,0.002946777713130874,5.34375,-0.21875,5.28125,0.0
0.50,0.2523974944180667,0.15544570256574072,full,H,0.00019841163983827262,47760.84514360418,8.173442754790178e-07,0.0029247102793306112,5.34375,-0.21875,5.28125,0.0
0.50,0.2523974944180667,0.15544570256574072,full,M,1.4910632325447421e-05,47760.84514360418,3.713505958050636e-08,0.0005915046025318096,5.5625,-0.03125,5.5625,0.0
0.50,0.2523974944180667,0.15544570256574072,full,Z,2.0602951301921013e-05,47760.84514360418,2.6630859034106486e-08,0.0004904118043174778,4.90625,-0.25,4.90625,-0.25
0.50,0.504008752527374,0.3104072129185439,R4,C,5.599080232222759e-07,1131.9545755590177,9.737422560370927e-09,0.00016974966988399782,3.9375,-0.0625,4.0,0.0
0.50,0.504008752527374,0.3104072129185439,R4,H,4.312533166995668e-09,1131.9545755590177,1.098344274337416e-10,1.5477493434445933e-05,3.9375,-0.0625,3.9375,-0.0625
0.50,0.504008752527374,0.3104072129185439,R4,M,2.7443716533245485e-08,1131.9545755590177,6.196180942892595e-10,3.811415998236722e-05,3.9375,-0.125,3.9375,0.0
0.50,0.504008752527374,0.3104072129185439,R4,Z,1.2676028940986711e-07,1131.9545755590177,2.1268302140246825e-09,8.129436617943611e-05,3.9375,-0.0625,4.0,0.0
0.50,0.504008752527374,0.3104072129185439,R8,C,7.822525603355343e-05,6871.712138644909,8.305238336234299e-07,0.0012256931501532001,5.1875,-0.0625,5.1875,-0.0625
0.50,0.504008752527374,0.3104072129185439,R8,H,1.4035276185795032e-05,6871.712138644909,6.092980828242006e-07,0.0010498339543119073,5.1875,-0.0625,5.1875,-0.0625
0.50,0.504008752527374,0.3104072129185439,R8,M,1.643079032672395e-05,6871.712138644909,2.603325353217829e-07,0.0006879113123121298,5.125,-0.125,5.125,-0.125
0.50,0.504008752527374,0.3104072129185439,R8,Z,1.0533504743498707e-05,6871.712138644909,3.304036282186466e-08,0.00025193342772501716,4.8125,-0.3125,4.8125,-0.3125
0.50,0.504008752527374,0.3104072129185439,R12,C,7.822800179001862e-05,17565.736610554155,8.305238336234299e-07,0.0012256931501532001,5.1875,-0.0625,5.1875,-0.0625
0.50,0.504008752527374,0.3104072129185439,R12,H,1.4036181112773383e-05,17565.736610554155,6.092980828242006e-07,0.0010498339543119073,5.1875,-0.0625,5.1875,-0.0625
0.50,0.504008752527374,0.3104072129185439,R12,M,1.6431265564017183e-05,17565.736610554155,2.603325353217829e-07,0.0006879113123121298,5.125,-0.125,5.125,-0.125
0.50,0.504008752527374,0.3104072129185439,R12,Z,1.0533776393008632e-05,17565.736610554155,3.304036282186466e-08,0.00025193342772501716,4.8125,-0.3125,4.8125,-0.3125
0.50,0.504008752527374,0.3104072129185439,full,C,8.452315318370115e-05,47760.7196678299,8.305238336234299e-07,0.0012256931501532001,5.1875,-0.0625,5.1875,-0.0625
0.50,0.504008752527374,0.3104072129185439,full,H,1.8637041801239216e-05,47760.7196678299,6.092980828242006e-07,0.0010498339543119073,5.1875,-0.0625,5.1875,-0.0625
0.50,0.504008752527374,0.3104072129185439,full,M,1.76059126300938e-05,47760.7196678299,2.603325353217829e-07,0.0006879113123121298,5.125,-0.125,5.125,-0.125
0.50,0.504008752527374,0.3104072129185439,full,Z,1.0663423598389361e-05,47760.7196678299,3.304036282186466e-08,0.00025193342772501716,4.8125,-0.3125,4.8125,-0.3125
0.50,0.751588460428703,0.46288596548543554,R4,C,7.290473701392953e-07,1121.4971313993403,1.3314958579220934e-08,0.0001982743827337533,3.9375,-0.0625,4.0,0.0
0.50,0.751588460428703,0.46288596548543554,R4,H,3.2019898009536503e-09,1121.4971313993403,5.312662072835857e-11,1.1263794476690236e-05,3.75,-0.75,3.75,-0.75
0.50,0.751588460428703,0.46288596548543554,R4,M,3.9577223063205254e-08,1121.4971313993403,6.025009161119175e-10,4.8442391626740546e-05,3.9375,-0.375,4.0,0.0
0.50,0.751588460428703,0.46288596548543554,R4,Z,1.6273436144228878e-07,1121.4971313993403,2.996886438734736e-09,9.30913310725794e-05,3.9375,-0.0625,4.0,0.0
0.50,0.751588460428703,0.46288596548543554,R8,C,6.196602638981954e-05,6871.94726224839,5.535559623380733e-07,0.0009714464699583188,5.0625,-0.0625,5.0625,0.0
0.50,0.751588460428703,0.46288596548543554,R8,H,9.979097903309727e-06,6871.94726224839,1.5050745048892478e-07,0.0005103287985548377,5.0625,-0.125,5.0625,0.0
0.50,0.751588460428703,0.46288596548543554,R8,M,2.4197774471478853e-05,6871.94726224839,3.53326402979728e-07,0.0007523972480778534,5.0625,-0.0625,5.0625,-0.0625
0.50,0.751588460428703,0.46288596548543554,R8,Z,4.937947147695904e-06,6871.94726224839,1.1245951885827976e-08,0.00014121475029213123,4.75,-0.375,4.75,-0.375
0.50,0.751588460428703,0.46288596548543554,R12,C,6.197223516590211e-05,17565.92363138471,5.535559623380733e-07,0.0009714464699583188,5.0625,-0.0625,5.0625,0.0
0.50,0.751588460428703,0.46288596548543554,R12,H,9.98178676930502e-06,17565.92363138471,1.5050745048892478e-07,0.0005103287985548377,5.0625,-0.125,5.0625,0.0
0.50,0.751588460428703,0.46288596548543554,R12,M,2.419860974087405e-05,17565.92363138471,3.53326402979728e-07,0.0007523972480778534,5.0625,-0.0625,5.0625,-0.0625
0.50,0.751588460428703,0.46288596548543554,R12,Z,4.938482909941427e-06,17565.92363138471,1.1245951885827976e-08,0.00014121475029213123,4.75,-0.375,4.75,-0.375
0.50,0.751588460428703,0.46288596548543554,full,C,7.204169862716808e-05,47761.03932258432,5.535559623380733e-07,0.0009714464699583188,5.0625,-0.0625,5.0625,0.0
0.50,0.751588460428703,0.46288596548543554,full,H,1.6554819724788236e-05,47761.03932258432,1.5050745048892478e-07,0.0005103287985548377,5.0625,-0.125,5.0625,0.0
0.50,0.751588460428703,0.46288596548543554,full,M,2.6023058461751802e-05,47761.03932258432,3.53326402979728e-07,0.0007523972480778534,5.0625,-0.0625,5.0625,-0.0625
0.50,0.751588460428703,0.46288596548543554,full,Z,5.3558311695964445e-06,47761.03932258432,1.1245951885827976e-08,0.00014121475029213123,4.75,-0.375,4.75,-0.375
0.50,1.0019655038765194,0.6170880892955503,R4,C,8.280728189738059e-07,1110.5060909586032,9.239035422796478e-09,0.00014780728516405943,3.8125,-0.0625,3.8125,0.0
0.50,1.0019655038765194,0.6170880892955503,R4,H,5.9046593796968e-09,1110.5060909586032,8.964212536475799e-11,1.433213947166223e-05,3.9375,0.4375,3.9375,0.4375
0.50,1.0019655038765194,0.6170880892955503,R4,M,5.747217939328438e-08,1110.5060909586032,9.541817593900094e-10,5.356760611274796e-05,3.9375,-0.375,4.0,0.0
0.50,1.0019655038765194,0.6170880892955503,R4,Z,1.7918740733192441e-07,1110.5060909586032,2.07149403527413e-09,6.999201200642975e-05,3.8125,-0.0625,3.8125,0.0
0.50,1.0019655038765194,0.6170880892955503,R8,C,5.950706585243217e-05,6872.765555144826,4.0986531567697706e-07,0.0007926862740268839,5.0,-0.125,5.0,-0.125
0.50,1.0019655038765194,0.6170880892955503,R8,H,1.6360627143506393e-05,6872.765555144826,2.0736816205826005e-07,0.0005678908200934529,5.0,-0.25,5.0,-0.25
0.50,1.0019655038765194,0.6170880892955503,R8,M,1.2581479167413928e-05,6872.765555144826,1.673836642116774e-07,0.0005135416374384938,5.0,-0.0625,5.0,0.0
0.50,1.0019655038765194,0.6170880892955503,R8,Z,5.8043489125050045e-06,6872.765555144826,3.629578799253188e-08,0.00023326062791128175,5.4375,-0.125,5.4375,-0.125
0.50,1.0019655038765194,0.6170880892955503,R12,C,5.952019931973414e-05,17566.425694256406,4.0986531567697706e-07,0.0007926862740268839,5.0,-0.125,5.0,-0.125
0.50,1.0019655038765194,0.6170880892955503,R12,H,1.636474784206952e-05,17566.425694256406,2.0736816205826005e-07,0.0005678908200934529,5.0,-0.25,5.0,-0.25
0.50,1.0019655038765194,0.6170880892955503,R12,M,1.2582374047038386e-05,17566.425694256406,1.673836642116774e-07,0.0005135416374384938,5.0,-0.0625,5.0,0.0
0.50,1.0019655038765194,0.6170880892955503,R12,Z,5.80617100528846e-06,17566.425694256406,3.629578799253188e-08,0.00023326062791128175,5.4375,-0.125,5.4375,-0.125
0.50,1.0019655038765194,0.6170880892955503,full,C,7.410209078246167e-05,47761.72813321576,4.0986531567697706e-07,0.0007926862740268839,5.0,-0.125,5.0,-0.125
0.50,1.0019655038765194,0.6170880892955503,full,H,2.468009116644739e-05,47761.72813321576,2.0736816205826005e-07,0.0005678908200934529,5.0,-0.25,5.0,-0.25
0.50,1.0019655038765194,0.6170880892955503,full,M,1.5039626463920028e-05,47761.72813321576,1.673836642116774e-07,0.0005135416374384938,5.0,-0.0625,5.0,0.0
0.50,1.0019655038765194,0.6170880892955503,full,Z,6.757357247504394e-06,47761.72813321576,3.629578799253188e-08,0.00023326062791128175,5.4375,-0.125,5.4375,-0.125
0.50,1.2559842559374204,0.7735343535108303,R4,C,6.614391291045533e-07,1100.970356730154,1.1097895854839478e-08,0.00017749612714967097,3.9375,-0.0625,4.0,0.0
0.50,1.2559842559374204,0.7735343535108303,R4,H,4.434204391577171e-08,1100.970356730154,1.3041389840661728e-09,5.597517883870751e-05,3.875,-0.8125,3.875,-0.8125
0.50,1.2559842559374204,0.7735343535108303,R4,M,8.065396494390227e-08,1100.970356730154,1.1090869261455957e-09,6.55591756129754e-05,3.9375,-0.0625,4.0,0.0
0.50,1.2559842559374204,0.7735343535108303,R4,Z,1.1788827915594617e-07,1100.970356730154,2.1549939122018858e-09,7.696967168709397e-05,3.9375,-0.0625,4.0,0.0
0.50,1.2559842559374204,0.7735343535108303,R8,C,7.800496508482548e-05,6873.902038257355,3.93138273129205e-07,0.000779110914433183,4.875,-0.125,4.875,-0.125
0.50,1.2559842559374204,0.7735343535108303,R8,H,1.8200709553093654e-05,6873.902038257355,1.7371110647756485e-07,0.0005193327087908983,4.875,-0.1875,4.875,-0.1875
0.50,1.2559842559374204,0.7735343535108303,R8,M,1.0709160928077818e-05,6873.902038257355,1.348886595622367e-07,0.0004635747176048701,4.875,-0.0625,4.875,0.0
0.50,1.2559842559374204,0.7735343535108303,R8,Z,1.1043466931353965e-05,6873.902038257355,6.663725852347119e-08,0.0003127337738063621,5.4375,-0.1875,5.4375,-0.1875
0.50,1.2559842559374204,0.7735343535108303,R12,C,7.803846557423417e-05,17566.663885697657,3.93138273129205e-07,0.000779110914433183,4.875,-0.125,4.875,-0.125
0.50,1.2559842559374204,0.7735343535108303,R12,H,1.8204558064042074e-05,17566.663885697657,1.7371110647756485e-07,0.0005193327087908983,4.875,-0.1875,4.875,-0.1875
0.50,1.2559842559374204,0.7735343535108303,R12,M,1.0710503891378861e-05,17566.663885697657,1.348886595622367e-07,0.0004635747176048701,4.875,-0.0625,4.875,0.0
0.50,1.2559842559374204,0.7735343535108303,R12,Z,1.1050226062666827e-05,17566.663885697657,6.663725852347119e-08,0.0003127337738063621,5.4375,-0.1875,5.4375,-0.1875
0.50,1.2559842559374204,0.7735343535108303,full,C,9.850921754777674e-05,47762.209526116756,3.93138273129205e-07,0.000779110914433183,4.875,-0.125,4.875,-0.125
0.50,1.2559842559374204,0.7735343535108303,full,H,2.8377452096837583e-05,47762.209526116756,1.7371110647756485e-07,0.0005193327087908983,4.875,-0.1875,4.875,-0.1875
0.50,1.2559842559374204,0.7735343535108303,full,M,1.380110476621407e-05,47762.209526116756,1.348886595622367e-07,0.0004635747176048701,4.875,-0.0625,4.875,0.0
0.50,1.2559842559374204,0.7735343535108303,full,Z,1.2850180876602418e-05,47762.209526116756,6.663725852347119e-08,0.0003127337738063621,5.4375,-0.1875,5.4375,-0.1875
0.50,1.502012483314231,0.9250617166570865,R4,C,1.0321568397739097e-06,1094.134921911012,1.004288482219494e-08,0.00014732012949376282,3.9375,-0.0625,3.9375,0.0
0.50,1.502012483314231,0.9250617166570865,R4,H,6.411050691517188e-08,1094.134921911012,1.3240905189699614e-09,5.874148337170482e-05,3.75,-1.1875,3.75,-1.1875
0.50,1.502012483314231,0.9250617166570865,R4,M,1.0088640772966573e-07,1094.134921911012,1.7163897626961843e-09,7.448802974356508e-05,3.9375,-0.0625,4.0,0.0
0.50,1.502012483314231,0.9250617166570865,R4,Z,1.9629393316271439e-07,1094.134921911012,1.9423874525528803e-09,6.72608243568067e-05,3.75,-0.0625,3.75,0.0
0.50,1.502012483314231,0.9250617166570865,R8,C,9.623175362729452e-05,6874.882300034825,4.743023368966858e-07,0.0008361700214454075,5.0625,-0.125,5.0625,-0.125
0.50,1.502012483314231,0.9250617166570865,R8,H,1.802247907442032e-05,6874.882300034825,1.5584717844377887e-07,0.00049498031148687,4.8125,-0.1875,4.8125,-0.1875
0.50,1.502012483314231,0.9250617166570865,R8,M,1.3436590605806521e-05,6874.882300034825,1.551894031637804e-07,0.0004773625072660303,5.0625,-0.0625,5.0625,-0.0625
0.50,1.502012483314231,0.9250617166570865,R8,Z,1.5347004418890035e-05,6874.882300034825,6.73070620487717e-08,0.0003153912178137122,5.5,-0.25,5.5,-0.25
0.50,1.502012483314231,0.9250617166570865,R12,C,9.632419872470757e-05,17565.867831816162,4.743023368966858e-07,0.0008361700214454075,5.0625,-0.125,5.0625,-0.125
0.50,1.502012483314231,0.9250617166570865,R12,H,1.8028073901485894e-05,17565.867831816162,1.5584717844377887e-07,0.00049498031148687,4.8125,-0.1875,4.8125,-0.1875
0.50,1.502012483314231,0.9250617166570865,R12,M,1.3441229254328839e-05,17565.867831816162,1.551894031637804e-07,0.0004773625072660303,5.0625,-0.0625,5.0625,-0.0625
0.50,1.502012483314231,0.9250617166570865,R12,Z,1.5366948011498514e-05,17565.867831816162,6.73070620487717e-08,0.0003153912178137122,5.5,-0.25,5.5,-0.25
0.50,1.502012483314231,0.9250617166570865,full,C,0.00012391815851164496,47761.70048244714,4.743023368966858e-07,0.0008361700214454075,5.0625,-0.125,5.0625,-0.125
0.50,1.502012483314231,0.9250617166570865,full,H,3.0046047722955995e-05,47761.70048244714,1.5584717844377887e-07,0.00049498031148687,4.8125,-0.1875,4.8125,-0.1875
0.50,1.502012483314231,0.9250617166570865,full,M,1.7142619037172172e-05,47761.70048244714,1.551894031637804e-07,0.0004773625072660303,5.0625,-0.0625,5.0625,-0.0625
0.50,1.502012483314231,0.9250617166570865,full,Z,1.8332413384062926e-05,47761.70048244714,6.73070620487717e-08,0.0003153912178137122,5.5,-0.25,5.5,-0.25
0.50,1.756746521823827,1.0819550566669427,R4,C,1.1353094119620995e-06,1089.136079150799,8.17264310596552e-09,0.00013372738754868972,3.875,-0.0625,3.875,0.0
0.50,1.756746521823827,1.0819550566669427,R4,H,8.653287279751632e-08,1089.136079150799,9.682446228372633e-10,5.2124581998214126e-05,3.625,-1.5,3.625,-1.5
0.50,1.756746521823827,1.0819550566669427,R4,M,1.3078715554440756e-07,1089.136079150799,2.1805451737602597e-09,7.02188094221821e-05,3.9375,-0.0625,4.0,0.0
0.50,1.756746521823827,1.0819550566669427,R4,Z,2.0562084876237962e-07,1089.136079150799,1.3864563048805474e-09,5.6198837993263424e-05,3.8125,-0.0625,3.75,0.0
0.50,1.756746521823827,1.0819550566669427,R8,C,0.00010607703289686073,6875.420119911805,5.358973228891875e-07,0.0009082389840166075,4.9375,-0.0625,4.9375,0.0
0.50,1.756746521823827,1.0819550566669427,R8,H,2.1510436797379054e-05,6875.420119911805,2.1191829707745158e-07,0.0005906376172788441,4.6875,-0.0625,4.6875,0.0
0.50,1.756746521823827,1.0819550566669427,R8,M,1.4999225480020815e-05,6875.420119911805,1.702611486650636e-07,0.0005158095455984645,4.9375,-0.0625,4.9375,0.0
0.50,1.756746521823827,1.0819550566669427,R8,Z,1.6534418403204544e-05,6875.420119911805,5.046021481483377e-08,0.00027568409220747825,5.5625,-0.3125,5.625,-0.3125
0.50,1.756746521823827,1.0819550566669427,R12,C,0.00010631520046763129,17563.31344495179,5.358973228891875e-07,0.0009082389840166075,4.9375,-0.0625,4.9375,0.0
0.50,1.756746521823827,1.0819550566669427,R12,H,2.1538739381799096e-05,17563.31344495179,2.1191829707745158e-07,0.0005906376172788441,4.6875,-0.0625,4.6875,0.0
0.50,1.756746521823827,1.0819550566669427,R12,M,1.502222996784153e-05,17563.31344495179,1.702611486650636e-07,0.0005158095455984645,4.9375,-0.0625,4.9375,0.0
0.50,1.756746521823827,1.0819550566669427,R12,Z,1.6578930571181618e-05,17563.31344495179,5.046021481483377e-08,0.00027568409220747825,5.5625,-0.3125,5.625,-0.3125
0.50,1.756746521823827,1.0819550566669427,full,C,0.00014291280399613383,47759.49638071669,5.358973228891875e-07,0.0009082389840166075,4.9375,-0.0625,4.9375,0.0
0.50,1.756746521823827,1.0819550566669427,full,H,3.5487157071025634e-05,47759.49638071669,2.1191829707745158e-07,0.0005906376172788441,4.6875,-0.0625,4.6875,0.0
0.50,1.756746521823827,1.0819550566669427,full,M,1.935658864596715e-05,47759.49638071669,1.702611486650636e-07,0.0005158095455984645,4.9375,-0.0625,4.9375,0.0
0.50,1.756746521823827,1.0819550566669427,full,Z,2.1151531171583576e-05,47759.49638071669,5.046021481483377e-08,0.00027568409220747825,5.5625,-0.3125,5.625,-0.3125
0.50,2.004137706671017,1.2343320414204573,R4,C,1.1632198268890334e-06,1085.6716933422933,7.831359618622161e-09,0.00013191853166783903,3.8125,-0.0625,3.8125,0.0
0.50,2.004137706671017,1.2343320414204573,R4,H,1.0400637619270365e-07,1085.6716933422933,7.914261211086192e-10,4.840906694880687e-05,3.9375,-0.6875,4.0,0.0
0.50,2.004137706671017,1.2343320414204573,R4,M,1.6314706100348002e-07,1085.6716933422933,1.6679468992692747e-09,5.984005224977642e-05,3.875,-0.25,3.875,-0.25
0.50,2.004137706671017,1.2343320414204573,R4,Z,1.9869258441339074e-07,1085.6716933422933,1.3546831803686405e-09,5.560619624859616e-05,3.75,-0.0625,3.75,0.0
0.50,2.004137706671017,1.2343320414204573,R8,C,0.00010924117077149438,6875.166253653263,5.363232612609219e-07,0.0009200761711060843,4.875,-0.0625,4.875,0.0
0.50,2.004137706671017,1.2343320414204573,R8,H,2.514014073363034e-05,6875.166253653263,2.3806457636301424e-07,0.0006143575883470476,4.875,-0.0625,4.875,0.0
0.50,2.004137706671017,1.2343320414204573,R8,M,1.7210575005223977e-05,6875.166253653263,1.8340602556664178e-07,0.0005393388193971597,4.875,-0.0625,4.875,0.0
0.50,2.004137706671017,1.2343320414204573,R8,Z,1.5611324419528788e-05,6875.166253653263,3.5099308211993084e-08,0.00023438022752322266,5.0,-0.375,5.0,-0.375
0.50,2.004137706671017,1.2343320414204573,R12,C,0.00011140754131401592,17558.79086948496,5.363232612609219e-07,0.0009200761711060843,4.875,-0.0625,4.875,0.0
0.50,2.004137706671017,1.2343320414204573,R12,H,2.5420847960259874e-05,17558.79086948496,2.3806457636301424e-07,0.0006143575883470476,4.875,-0.0625,4.875,0.0
0.50,2.004137706671017,1.2343320414204573,R12,M,1.731495743608207e-05,17558.79086948496,1.8340602556664178e-07,0.0005393388193971597,4.875,-0.0625,4.875,0.0
0.50,2.004137706671017,1.2343320414204573,R12,Z,1.6046728899088753e-05,17558.79086948496,4.326721864500295e-08,0.00023438022752322266,8.0,-0.125,5.0,-0.375
0.50,2.004137706671017,1.2343320414204573,full,C,0.00015853839466888232,47755.36571544931,5.363232612609219e-07,0.0009200761711060843,4.875,-0.0625,4.875,0.0
0.50,2.004137706671017,1.2343320414204573,full,H,4.128652028477025e-05,47755.36571544931,2.3806457636301424e-07,0.0006143575883470476,4.875,-0.0625,4.875,0.0
0.50,2.004137706671017,1.2343320414204573,full,M,2.227080541653616e-05,47755.36571544931,1.8340602556664178e-07,0.0005393388193971597,4.875,-0.0625,4.875,0.0
0.50,2.004137706671017,1.2343320414204573,full,Z,2.2612152250607622e-05,47755.36571544931,4.326721864500295e-08,0.00023438022752322266,8.0,-0.125,5.0,-0.375
0.50,2.252819085178813,1.387512402057586,R4,C,1.1965127287116639e-06,1083.0576151162854,8.01588058415469e-09,0.0001889143898821817,3.6875,-0.0625,4.0,0.0
0.50,2.252819085178813,1.387512402057586,R4,H,1.3756820341127222e-07,1083.0576151162854,2.6126132908432934e-09,0.00014256442955229431,3.9375,-0.0625,4.0,0.0
0.50,2.252819085178813,1.387512402057586,R4,M,1.5825710532193983e-07,1083.0576151162854,1.3063896159285147e-09,5.4449468977988497e-05,3.75,-0.4375,3.75,-0.4375
0.50,2.252819085178813,1.387512402057586,R4,Z,2.0110929258691784e-07,1083.0576151162854,1.5118886314231081e-09,5.9295012111132295e-05,3.6875,-0.0625,3.6875,0.0
0.50,2.252819085178813,1.387512402057586,R8,C,0.00011344098316743592,6873.554516395506,5.343281918149089e-07,0.0009483473238102607,4.75,-0.0625,4.75,0.0
0.50,2.252819085178813,1.387512402057586,R8,H,2.9786071979537303e-05,6873.554516395506,2.9839460839019494e-07,0.0007123277173377573,4.75,-0.0625,4.75,0.0
0.50,2.252819085178813,1.387512402057586,R8,M,2.0210946143578304e-05,6873.554516395506,1.7259525910573195e-07,0.0005279289681748268,4.8125,-0.0625,4.8125,0.0
0.50,2.252819085178813,1.387512402057586,R8,Z,1.4425373227339864e-05,6873.554516395506,7.796787145829869e-08,0.00038652109813245227,8.0,0.0,8.0,0.0
0.50,2.252819085178813,1.387512402057586,R12,C,0.00013147649776480976,17552.144057793714,7.560065714817946e-07,0.0009483473238102607,8.0,-0.125,4.75,0.0
0.50,2.252819085178813,1.387512402057586,R12,H,3.234465344966542e-05,17552.144057793714,2.9839460839019494e-07,0.0007123277173377573,4.75,-0.0625,4.75,0.0
0.50,2.252819085178813,1.387512402057586,R12,M,2.354891971597812e-05,17552.144057793714,1.9277268570650938e-07,0.0005279289681748268,8.0,-0.625,4.8125,0.0
0.50,2.252819085178813,1.387512402057586,R12,Z,1.729491053697981e-05,17552.144057793714,1.4966241668716404e-07,0.00038652109813245227,8.0,-0.125,8.0,0.0
0.50,2.252819085178813,1.387512402057586,full,C,0.00019117809377092822,47749.16427422233,7.560065714817946e-07,0.0009483473238102607,8.0,-0.125,4.75,0.0
0.50,2.252819085178813,1.387512402057586,full,H,5.0197001501665905e-05,47749.16427422233,2.9839460839019494e-07,0.0007123277173377573,4.75,-0.0625,4.75,0.0
0.50,2.252819085178813,1.387512402057586,full,M,2.9141298769328116e-05,47749.16427422233,1.9277268570650938e-07,0.0005279289681748268,8.0,-0.625,4.8125,0.0
0.50,2.252819085178813,1.387512402057586,full,Z,2.63363034295213e-05,47749.16427422233,1.4966241668716404e-07,0.00038652109813245227,8.0,-0.125,8.0,0.0
0.50,2.5002585689974275,1.5399393056654254,R4,C,1.6912029585861948e-06,1080.9585591710504,3.1765076512914294e-08,0.00039172479093725507,3.9375,-0.0625,4.0,0.0
0.50,2.5002585689974275,1.5399393056654254,R4,H,3.4338795124047026e-07,1080.9585591710504,1.6080044798995512e-08,0.0002712192654144019,3.9375,-0.0625,4.0,0.0
0.50,2.5002585689974275,1.5399393056654254,R4,M,1.8442813781880026e-07,1080.9585591710504,2.883238712439256e-09,0.00013493537184576876,3.9375,-0.0625,4.0,0.0
0.50,2.5002585689974275,1.5399393056654254,R4,Z,2.6605111761294163e-07,1080.9585591710504,3.092284778864546e-09,0.00012017570235434331,3.9375,-0.0625,4.0,0.0
0.50,2.5002585689974275,1.5399393056654254,R8,C,0.00012810722081811016,6869.768490293414,5.852300174102648e-07,0.0010023915543043,4.6875,-0.0625,4.6875,0.0
0.50,2.5002585689974275,1.5399393056654254,R8,H,3.6966484807027875e-05,6869.768490293414,3.5684887253116013e-07,0.000785082287620753,4.6875,-0.0625,4.6875,0.0
0.50,2.5002585689974275,1.5399393056654254,R8,M,2.700557390301964e-05,6869.768490293414,2.096221023655666e-07,0.0006338512512217426,7.875,-0.8125,7.875,-0.8125
0.50,2.5002585689974275,1.5399393056654254,R8,Z,1.4220522564154103e-05,6869.768490293414,2.388073763691967e-08,0.00021262962684626574,7.875,-0.0625,7.875,0.0
0.50,2.5002585689974275,1.5399393056654254,R12,C,0.00017085098692660967,17543.554440376563,8.539527507047815e-07,0.0010023915543043,8.25,-0.125,4.6875,0.0
0.50,2.5002585689974275,1.5399393056654254,R12,H,4.66505959404164e-05,17543.554440376563,4.887166565918048e-07,0.000785082287620753,8.0,-1.5,4.6875,0.0
0.50,2.5002585689974275,1.5399393056654254,R12,M,3.83124536981169e-05,17543.554440376563,5.073925824209606e-07,0.0008160974976781344,8.0,-0.75,8.0,-0.8125
0.50,2.5002585689974275,1.5399393056654254,R12,Z,1.9500527659629887e-05,17543.554440376563,2.0054983722520896e-07,0.0003114609444523963,8.25,-0.125,8.25,0.0
0.50,2.5002585689974275,1.5399393056654254,full,C,0.00024524527396862616,47741.06918737795,8.539527507047815e-07,0.0010023915543043,8.25,-0.125,4.6875,0.0
0.50,2.5002585689974275,1.5399393056654254,full,H,6.65495022312575e-05,47741.06918737795,4.887166565918048e-07,0.000785082287620753,8.0,-1.5,4.6875,0.0
0.50,2.5002585689974275,1.5399393056654254,full,M,4.4553497936954254e-05,47741.06918737795,5.073925824209606e-07,0.0008160974976781344,8.0,-0.75,8.0,-0.8125
0.50,2.5002585689974275,1.5399393056654254,full,Z,3.152248187790434e-05,47741.06918737795,2.0054983722520896e-07,0.0003114609444523963,8.25,-0.125,8.25,0.0
0.50,2.752633427636801,1.6954214096699822,R4,C,3.4031770561319373e-06,1079.0858353639371,9.135291127946245e-08,0.00047784353391964763,3.9375,-0.0625,4.0,0.0
0.50,2.752633427636801,1.6954214096699822,R4,H,1.0000110156578822e-06,1079.0858353639371,4.1390749487520956e-08,0.0003039874427486211,3.9375,-0.0625,4.0,0.0
0.50,2.752633427636801,1.6954214096699822,R4,M,4.12438364477273e-07,1079.0858353639371,1.1945067546594229e-08,0.0001680286916057677,3.9375,-0.0625,4.0,0.0
0.50,2.752633427636801,1.6954214096699822,R4,Z,4.5684880367268007e-07,1079.0858353639371,8.631222048962529e-09,0.0001539339024840746,3.9375,-0.0625,4.0,0.0
0.50,2.752633427636801,1.6954214096699822,R8,C,0.00014143527441007678,6863.445545724572,5.6986528557074e-07,0.0009980452894794677,4.625,-0.0625,4.625,0.0
0.50,2.752633427636801,1.6954214096699822,R8,H,4.325094636283779e-05,6863.445545724572,3.5400737350357e-07,0.0007879483164288104,4.625,-0.0625,4.625,0.0
0.50,2.752633427636801,1.6954214096699822,R8,M,3.37464936811976e-05,6863.445545724572,2.6807912509633306e-07,0.0007158315645391011,7.875,-0.9375,7.875,-0.9375
0.50,2.752633427636801,1.6954214096699822,R8,Z,1.4030053412289499e-05,6863.445545724572,2.2906547140436467e-08,0.00019364391449634848,6.125,-0.0625,6.125,0.0
0.50,2.752633427636801,1.6954214096699822,R12,C,0.0001869708657827777,17532.997207015083,8.966153231355275e-07,0.0009980452894794677,8.0,-1.625,4.625,0.0
0.50,2.752633427636801,1.6954214096699822,R12,H,5.9613037395342296e-05,17532.997207015083,5.734292256573964e-07,0.0007879483164288104,8.0,-1.625,4.625,0.0
0.50,2.752633427636801,1.6954214096699822,R12,M,4.460161424765559e-05,17532.997207015083,3.6170257969379765e-07,0.0008379042799642027,7.9375,-1.25,7.9375,-1.25
0.50,2.752633427636801,1.6954214096699822,R12,Z,1.8523412460218654e-05,17532.997207015083,1.0446609410043721e-07,0.0002239092809172825,8.5,-0.125,8.5,0.0
0.50,2.752633427636801,1.6954214096699822,full,C,0.00027884042191827086,47731.06937020456,8.966153231355275e-07,0.0009980452894794677,8.0,-1.625,4.625,0.0
0.50,2.752633427636801,1.6954214096699822,full,H,8.168374604134946e-05,47731.06937020456,5.734292256573964e-07,0.0007879483164288104,8.0,-1.625,4.625,0.0
0.50,2.752633427636801,1.6954214096699822,full,M,5.152246235582424e-05,47731.06937020456,3.6170257969379765e-07,0.0008379042799642027,7.9375,-1.25,7.9375,-1.25
0.50,2.752633427636801,1.6954214096699822,full,Z,3.416998531555054e-05,47731.06937020456,1.0446609410043721e-07,0.0002239092809172825,8.5,-0.125,8.5,0.0
0.50,3.0029304915441686,1.8496410773324417,R4,C,5.7724985638177775e-06,1077.3506235359328,9.769487166819472e-08,0.0004631021607749051,3.875,-0.0625,3.875,0.0
0.50,3.0029304915441686,1.8496410773324417,R4,H,1.7472707820963848e-06,1077.3506235359328,4.070912272413896e-08,0.0002994762035086751,3.875,-0.0625,3.875,0.0
0.50,3.0029304915441686,1.8496410773324417,R4,M,7.732825507710655e-07,1077.3506235359328,1.312559775705931e-08,0.0001681472225145798,3.9375,-0.375,3.9375,-0.375
0.50,3.0029304915441686,1.8496410773324417,R4,Z,7.321268034422416e-07,1077.3506235359328,1.115950685590177e-08,0.00015473117811687655,3.9375,-0.0625,3.9375,0.0
0.50,3.0029304915441686,1.8496410773324417,R8,C,0.00014918032726596024,6855.028695060747,5.548685088192877e-07,0.0010103891903260756,4.5,-0.0625,4.5,0.0
0.50,3.0029304915441686,1.8496410773324417,R8,H,4.922737814520119e-05,6855.028695060747,3.768778995563275e-07,0.000834709731861949,4.5,-0.0625,4.5,0.0
0.50,3.0029304915441686,1.8496410773324417,R8,M,3.548890129888275e-05,6855.028695060747,1.8856063147346585e-07,0.0006033143396899475,7.8125,-1.3125,7.8125,-1.3125
0.50,3.0029304915441686,1.8496410773324417,R8,Z,1.3855297922614472e-05,6855.028695060747,2.2490456372735457e-08,0.00019372961099967096,6.25,-0.0625,6.25,0.0
0.50,3.0029304915441686,1.8496410773324417,R12,C,0.00018145249446816858,17521.007033651207,6.340482164406245e-07,0.0010103891903260756,8.0,-2.125,4.5,0.0
0.50,3.0029304915441686,1.8496410773324417,R12,H,6.566441240037809e-05,17521.007033651207,4.86335533155154e-07,0.000834709731861949,8.0,-2.125,4.5,0.0
0.50,3.0029304915441686,1.8496410773324417,R12,M,4.3199778544662906e-05,17521.007033651207,1.8856063147346585e-07,0.0006033143396899475,7.8125,-1.3125,7.8125,-1.3125
0.50,3.0029304915441686,1.8496410773324417,R12,Z,1.5834033342591994e-05,17521.007033651207,2.2881266972183892e-08,0.00019372961099967096,8.625,-1.0,6.25,0.0
0.50,3.0029304915441686,1.8496410773324417,full,C,0.0002934097445793902,47719.68547780525,6.340482164406245e-07,0.0010103891903260756,8.0,-2.125,4.5,0.0
0.50,3.0029304915441686,1.8496410773324417,full,H,8.99863190512697e-05,47719.68547780525,4.86335533155154e-07,0.000834709731861949,8.0,-2.125,4.5,0.0
0.50,3.0029304915441686,1.8496410773324417,full,M,5.081436349433365e-05,47719.68547780525,1.8856063147346585e-07,0.0006033143396899475,7.8125,-1.3125,7.8125,-1.3125
0.50,3.0029304915441686,1.8496410773324417,full,Z,3.5718101708393795e-05,47719.68547780525,2.2881266972183892e-08,0.00019372961099967096,8.625,-1.0,6.25,0.0
0.50,3.2513353019671487,2.0027138715773316,R4,C,7.445197096401519e-06,1075.6835364825315,9.106402273792984e-08,0.0004766433142999135,3.8125,-0.0625,4.0,0.0
0.50,3.2513353019671487,2.0027138715773316,R4,H,2.024854221911673e-06,1075.6835364825315,3.4820128480347135e-08,0.000394684262573719,3.75,-0.0625,4.0,0.0
0.50,3.2513353019671487,2.0027138715773316,R4,M,1.0228726043304374e-06,1075.6835364825315,1.2426275542698504e-08,0.00017725754950117666,3.8125,-0.3125,4.0,0.0
0.50,3.2513353019671487,2.0027138715773316,R4,Z,9.688008531408431e-07,1075.6835364825315,1.0329097823444137e-08,0.0001517423575999407,3.875,-0.0625,3.8125,0.0
0.50,3.2513353019671487,2.0027138715773316,R8,C,0.00015587451341558925,6844.866576275392,5.772722624430077e-07,0.0010392328658543827,4.4375,-0.0625,4.4375,0.0
0.50,3.2513353019671487,2.0027138715773316,R8,H,5.497044562814703e-05,6844.866576275392,3.979676647946213e-07,0.000864144298247993,4.4375,0.0625,4.4375,0.0
0.50,3.2513353019671487,2.0027138715773316,R8,M,3.558311182271274e-05,6844.866576275392,1.2022005170051152e-07,0.00047249789555097355,4.4375,-0.0625,4.4375,0.0
0.50,3.2513353019671487,2.0027138715773316,R8,Z,1.3912984997281656e-05,6844.866576275392,2.25400644029621e-08,0.0001948775661193196,6.3125,-0.0625,6.3125,0.0
0.50,3.2513353019671487,2.0027138715773316,R12,C,0.00017882352998036032,17507.846516714788,5.772722624430077e-07,0.0010392328658543827,4.4375,-0.0625,4.4375,0.0
0.50,3.2513353019671487,2.0027138715773316,R12,H,6.802082987622995e-05,17507.846516714788,3.979676647946213e-07,0.000864144298247993,4.4375,0.0625,4.4375,0.0
0.50,3.2513353019671487,2.0027138715773316,R12,M,4.111188972563688e-05,17507.846516714788,1.2022005170051152e-07,0.00047249789555097355,4.4375,-0.0625,4.4375,0.0
0.50,3.2513353019671487,2.0027138715773316,R12,Z,1.4939354536924541e-05,17507.846516714788,2.25400644029621e-08,0.0001948775661193196,6.3125,-0.0625,6.3125,0.0
0.50,3.2513353019671487,2.0027138715773316,full,C,0.0003137335077154168,47707.17977409212,5.772722624430077e-07,0.0010392328658543827,4.4375,-0.0625,4.4375,0.0
0.50,3.2513353019671487,2.0027138715773316,full,H,9.468541056611482e-05,47707.17977409212,3.979676647946213e-07,0.000864144298247993,4.4375,0.0625,4.4375,0.0
0.50,3.2513353019671487,2.0027138715773316,full,M,4.943454244955072e-05,47707.17977409212,1.2022005170051152e-07,0.00047249789555097355,4.4375,-0.0625,4.4375,0.0
0.50,3.2513353019671487,2.0027138715773316,full,Z,3.9727931955004265e-05,47707.17977409212,2.25400644029621e-08,0.0001948775661193196,6.3125,-0.0625,6.3125,0.0
0.50,3.50496645796325,2.159026295651292,R4,C,1.0275692628629795e-05,1074.0310409239485,1.742670019849753e-07,0.0008090031789203078,3.9375,-0.0625,4.0,0.0
0.50,3.50496645796325,2.159026295651292,R4,H,3.716454447760314e-06,1074.0310409239485,1.343426554391394e-07,0.0007277363911271095,3.9375,-0.0625,4.0,0.0
0.50,3.50496645796325,2.159026295651292,R4,M,1.5337390773813277e-06,1074.0310409239485,2.856076558105643e-08,0.00035068621582618045,3.9375,-0.0625,4.0,0.0
0.50,3.50496645796325,2.159026295651292,R4,Z,1.0924575100549686e-06,1074.0310409239485,1.015688919283923e-08,0.00015319281953077107,3.75,-0.0625,3.75,0.0
0.50,3.50496645796325,2.159026295651292,R8,C,0.0001661980568219752,6832.854351820814,5.600733366542284e-07,0.0010321364716460025,4.375,-0.0625,4.375,0.0
0.50,3.50496645796325,2.159026295651292,R8,H,6.073595390396505e-05,6832.854351820814,3.87187621187522e-07,0.0008588003693148494,4.375,-0.0625,4.375,0.0
0.50,3.50496645796325,2.159026295651292,R8,M,3.646647128273756e-05,6832.854351820814,1.1374450553656322e-07,0.00046385019300255217,4.375,-0.0625,4.375,0.0
0.50,3.50496645796325,2.159026295651292,R8,Z,1.470043894126199e-05,6832.854351820814,2.218519163916879e-08,0.0001947978734645822,6.4375,-0.0625,6.4375,0.0
0.50,3.50496645796325,2.159026295651292,R12,C,0.00018582311614786024,17493.29439572431,5.600733366542284e-07,0.0010321364716460025,4.375,-0.0625,4.375,0.0
0.50,3.50496645796325,2.159026295651292,R12,H,7.115196224548464e-05,17493.29439572431,3.87187621187522e-07,0.0008588003693148494,4.375,-0.0625,4.375,0.0
0.50,3.50496645796325,2.159026295651292,R12,M,4.0965546010584075e-05,17493.29439572431,1.1374450553656322e-07,0.00046385019300255217,4.375,-0.0625,4.375,0.0
0.50,3.50496645796325,2.159026295651292,R12,Z,1.579995040485707e-05,17493.29439572431,2.218519163916879e-08,0.0001947978734645822,6.4375,-0.0625,6.4375,0.0
0.50,3.50496645796325,2.159026295651292,full,C,0.00034762232386417773,47693.35144254334,5.600733366542284e-07,0.0010321364716460025,4.375,-0.0625,4.375,0.0
0.50,3.50496645796325,2.159026295651292,full,H,0.00010033288726777085,47693.35144254334,3.87187621187522e-07,0.0008588003693148494,4.375,-0.0625,4.375,0.0
0.50,3.50496645796325,2.159026295651292,full,M,5.003062741668085e-05,47693.35144254334,1.1374450553656322e-07,0.00046385019300255217,4.375,-0.0625,4.375,0.0
0.50,3.50496645796325,2.159026295651292,full,Z,4.639191350800727e-05,47693.35144254334,2.218519163916879e-08,0.0001947978734645822,6.4375,-0.0625,6.4375,0.0
0.50,3.7503350327867264,2.3102606303973663,R4,C,1.6032678187139268e-05,1072.5105170761653,3.154597610514771e-07,0.000832122307102162,3.9375,-0.0625,3.9375,0.0
0.50,3.7503350327867264,2.3102606303973663,R4,H,8.123795782386933e-06,1072.5105170761653,2.5453632938249025e-07,0.0007477403851225972,3.9375,-0.0625,3.9375,0.0
0.50,3.7503350327867264,2.3102606303973663,R4,M,2.6947553425911994e-06,1072.5105170761653,6.084808397623877e-08,0.0003649310816898751,3.9375,-0.0625,3.9375,0.0
0.50,3.7503350327867264,2.3102606303973663,R4,Z,1.1261532523695539e-06,1072.5105170761653,9.579436744387788e-09,0.00015062075454714408,3.6875,-0.0625,3.6875,0.0
0.50,3.7503350327867264,2.3102606303973663,R8,C,0.0001755918457822048,6819.817931559824,5.267871039704382e-07,0.0010255079028494718,4.25,-0.0625,4.25,0.0
0.50,3.7503350327867264,2.3102606303973663,R8,H,6.657897831013215e-05,6819.817931559824,3.7823943387603005e-07,0.0008700296748429537,4.25,-0.0625,4.25,0.0
0.50,3.7503350327867264,2.3102606303973663,R8,M,3.7259131638210034e-05,6819.817931559824,1.0395505963914125e-07,0.00044756357395539205,4.3125,-0.0625,4.3125,0.0
0.50,3.7503350327867264,2.3102606303973663,R8,Z,1.5306234662302118e-05,6819.817931559824,3.88606554397356e-08,0.0002647693604257545,7.25,-0.0625,7.25,0.0
0.50,3.7503350327867264,2.3102606303973663,R12,C,0.00019528657032556626,17478.258977072874,5.267871039704382e-07,0.0010255079028494718,4.25,-0.0625,4.25,0.0
0.50,3.7503350327867264,2.3102606303973663,R12,H,7.60332730011735e-05,17478.258977072874,3.7823943387603005e-07,0.0008700296748429537,4.25,-0.0625,4.25,0.0
0.50,3.7503350327867264,2.3102606303973663,R12,M,4.177857987761653e-05,17478.258977072874,1.0395505963914125e-07,0.00044756357395539205,4.3125,-0.0625,4.3125,0.0
0.50,3.7503350327867264,2.3102606303973663,R12,Z,1.663915901869199e-05,17478.258977072874,3.88606554397356e-08,0.0002647693604257545,7.25,-0.0625,7.25,0.0
0.50,3.7503350327867264,2.3102606303973663,full,C,0.000386799308771233,47679.06941296164,5.267871039704382e-07,0.0010255079028494718,4.25,-0.0625,4.25,0.0
0.50,3.7503350327867264,2.3102606303973663,full,H,0.00010777974935097461,47679.06941296164,3.7823943387603005e-07,0.0008700296748429537,4.25,-0.0625,4.25,0.0
0.50,3.7503350327867264,2.3102606303973663,full,M,5.157911435260095e-05,47679.06941296164,1.0395505963914125e-07,0.00044756357395539205,4.3125,-0.0625,4.3125,0.0
0.50,3.7503350327867264,2.3102606303973663,full,Z,5.369373787395793e-05,47679.06941296164,3.88606554397356e-08,0.0002647693604257545,7.25,-0.0625,7.25,0.0
0.50,4.001284306503983,2.4649386992163342,R4,C,2.154754862169509e-05,1071.0851877547702,2.9220442335073166e-07,0.0008078567549123616,3.875,-0.0625,3.875,0.0
0.50,4.001284306503983,2.4649386992163342,R4,H,1.221217245075962e-05,1071.0851877547702,2.3316834318820248e-07,0.0007220908300951123,3.875,-0.0625,3.8125,0.0
0.50,4.001284306503983,2.4649386992163342,R4,M,3.924735411185131e-06,1071.0851877547702,5.8083991209240835e-08,0.00035960005322942473,3.875,-0.0625,3.875,0.0
0.50,4.001284306503983,2.4649386992163342,R4,Z,1.1508700942331441e-06,1071.0851877547702,9.258283773548429e-09,0.00015159429890341432,3.5625,-0.0625,3.5625,0.0
0.50,4.001284306503983,2.4649386992163342,R8,C,0.00018161218751966293,6805.185005777788,5.467612209719084e-07,0.0010533995497422751,4.1875,-0.0625,4.1875,0.0
0.50,4.001284306503983,2.4649386992163342,R8,H,7.211488059402494e-05,6805.185005777788,3.937181491962192e-07,0.0008944805595092475,4.1875,-0.0625,4.1875,0.0
0.50,4.001284306503983,2.4649386992163342,R8,M,3.7457427062973815e-05,6805.185005777788,9.693410507162583e-08,0.00044281346048189346,4.1875,-0.0625,4.1875,0.0
0.50,4.001284306503983,2.4649386992163342,R8,Z,1.5239811754021634e-05,6805.185005777788,2.706622402093551e-08,0.00021995073390594975,7.1875,-0.0625,7.1875,-0.0625
0.50,4.001284306503983,2.4649386992163342,R12,C,0.00020145190898219754,17461.983797465473,5.467612209719084e-07,0.0010533995497422751,4.1875,-0.0625,4.1875,0.0
0.50,4.001284306503983,2.4649386992163342,R12,H,8.069664984023224e-05,17461.983797465473,3.937181491962192e-07,0.0008944805595092475,4.1875,-0.0625,4.1875,0.0
0.50,4.001284306503983,2.4649386992163342,R12,M,4.2188695895677905e-05,17461.983797465473,9.693410507162583e-08,0.00044281346048189346,4.1875,-0.0625,4.1875,0.0
0.50,4.001284306503983,2.4649386992163342,R12,Z,1.6752314107839766e-05,17461.983797465473,2.706622402093551e-08,0.00021995073390594975,7.1875,-0.0625,7.1875,-0.0625
0.50,4.001284306503983,2.4649386992163342,full,C,0.0004275533031223886,47663.617640134304,5.467612209719084e-07,0.0010533995497422751,4.1875,-0.0625,4.1875,0.0
0.50,4.001284306503983,2.4649386992163342,full,H,0.00011521149585266177,47663.617640134304,3.937181491962192e-07,0.0008944805595092475,4.1875,-0.0625,4.1875,0.0
0.50,4.001284306503983,2.4649386992163342,full,M,5.2756533033915585e-05,47663.617640134304,9.693410507162583e-08,0.00044281346048189346,4.1875,-0.0625,4.1875,0.0
0.50,4.001284306503983,2.4649386992163342,full,Z,6.137495286437192e-05,47663.617640134304,2.8657803540710054e-08,0.00021995073390594975,15.875,-5.375,7.1875,-0.0625
0.50,4.251168533262594,2.6189442988513387,R4,C,2.4519797376218483e-05,1069.8491075490426,2.9506125254240976e-07,0.0008322950486393769,3.75,-0.0625,3.75,0.0
0.50,4.251168533262594,2.6189442988513387,R4,H,1.3937772687788865e-05,1069.8491075490426,2.384625469345241e-07,0.0007484552916139364,3.75,-0.0625,3.75,0.0
0.50,4.251168533262594,2.6189442988513387,R4,M,4.611925942935953e-06,1069.8491075490426,5.628134031440994e-08,0.0003630791874862237,3.75,-0.0625,3.75,0.0
0.50,4.251168533262594,2.6189442988513387,R4,Z,1.2335664071590683e-06,1069.8491075490426,8.863686465203562e-09,0.0001501171230554315,3.5,-0.0625,3.5,0.0
0.50,4.251168533262594,2.6189442988513387,R8,C,0.00018562903525450971,6789.4135781541445,5.343711686682008e-07,0.0010501678339970182,4.125,-0.0625,4.125,0.0
0.50,4.251168533262594,2.6189442988513387,R8,H,7.703018274148416e-05,6789.4135781541445,3.840155720380876e-07,0.0008904866990633309,4.125,-0.0625,4.125,0.0
0.50,4.251168533262594,2.6189442988513387,R8,M,3.80714187812352e-05,6789.4135781541445,9.654224555494078e-08,0.00044586218572235085,4.125,-0.0625,4.125,0.0
0.50,4.251168533262594,2.6189442988513387,R8,Z,1.4527233584392749e-05,6789.4135781541445,2.8660588223457924e-08,0.00022515466597445913,6.8125,-0.0625,6.8125,0.0
0.50,4.251168533262594,2.6189442988513387,R12,C,0.0002037620142540137,17444.91383088129,5.343711686682008e-07,0.0010501678339970182,4.125,-0.0625,4.125,0.0
0.50,4.251168533262594,2.6189442988513387,R12,H,8.377381423509756e-05,17444.91383088129,3.840155720380876e-07,0.0008904866990633309,4.125,-0.0625,4.125,0.0
0.50,4.251168533262594,2.6189442988513387,R12,M,4.248337657283573e-05,17444.91383088129,9.654224555494078e-08,0.00044586218572235085,4.125,-0.0625,4.125,0.0
0.50,4.251168533262594,2.6189442988513387,R12,Z,1.612799081016184e-05,17444.91383088129,2.8660588223457924e-08,0.00022515466597445913,6.8125,-0.0625,6.8125,0.0
0.50,4.251168533262594,2.6189442988513387,full,C,0.0004690110836837848,47647.41621757582,5.343711686682008e-07,0.0010501678339970182,4.125,-0.0625,4.125,0.0
0.50,4.251168533262594,2.6189442988513387,full,H,0.00012120050075024534,47647.41621757582,3.840155720380876e-07,0.0008904866990633309,4.125,-0.0625,4.125,0.0
0.50,4.251168533262594,2.6189442988513387,full,M,5.382727244090883e-05,47647.41621757582,9.654224555494078e-08,0.00044586218572235085,4.125,-0.0625,4.125,0.0
0.50,4.251168533262594,2.6189442988513387,full,Z,6.935645748300371e-05,47647.41621757582,3.3577274410085236e-08,0.00022515466597445913,15.875,-5.5,6.8125,0.0
0.50,4.500082943707143,2.772301006928272,R4,C,2.9500384835766473e-05,1068.8419783869117,2.8090158260316687e-07,0.0017073797511623489,3.6875,-0.0625,0.0,-0.375
0.50,4.500082943707143,2.772301006928272,R4,H,1.7117325668839195e-05,1068.8419783869117,2.248665402111176e-07,0.0017073192866519094,3.6875,-0.0625,0.0,-0.375
0.50,4.500082943707143,2.772301006928272,R4,M,5.429150507452655e-06,1068.8419783869117,5.557801858850666e-08,0.0004134085006830315,3.6875,-0.0625,4.0,0.0
0.50,4.500082943707143,2.772301006928272,R4,Z,1.4030736690784772e-06,1068.8419783869117,8.438757262280398e-09,0.00015195286826064948,3.375,-0.0625,4.0,0.0
0.50,4.500082943707143,2.772301006928272,R8,C,0.00019072199962542747,6772.585634026556,4.96667326375715e-07,0.0017073797511623489,4.0625,-0.0625,0.0,-0.375
0.50,4.500082943707143,2.772301006928272,R8,H,8.150678132184117e-05,6772.585634026556,3.549779176568054e-07,0.0017073192866519094,4.0625,-0.0625,0.0,-0.375
0.50,4.500082943707143,2.772301006928272,R8,M,3.868763838478193e-05,6772.585634026556,9.234013877533214e-08,0.0004399103030398275,4.0625,-0.0625,4.0625,0.0
0.50,4.500082943707143,2.772301006928272,R8,Z,1.4048542795099073e-05,6772.585634026556,2.2108492683479193e-08,0.00019769597379744398,6.75,-0.0625,6.75,0.0
0.50,4.500082943707143,2.772301006928272,R12,C,0.00020716052278621383,17427.070320308434,4.96667326375715e-07,0.0017073797511623489,4.0625,-0.0625,0.0,-0.375
0.50,4.500082943707143,2.772301006928272,R12,H,8.66773840164626e-05,17427.070320308434,3.549779176568054e-07,0.0017073192866519094,4.0625,-0.0625,0.0,-0.375
0.50,4.500082943707143,2.772301006928272,R12,M,4.2577829423029515e-05,17427.070320308434,9.234013877533214e-08,0.0004399103030398275,4.0625,-0.0625,4.0625,0.0
0.50,4.500082943707143,2.772301006928272,R12,Z,1.574083380800034e-05,17427.070320308434,2.2108492683479193e-08,0.00019769597379744398,6.75,-0.0625,6.75,0.0
0.50,4.500082943707143,2.772301006928272,full,C,0.000516612173043435,47630.47605827682,4.96667326375715e-07,0.0017073797511623489,4.0625,-0.0625,0.0,-0.375
0.50,4.500082943707143,2.772301006928272,full,H,0.00012716754788186813,47630.47605827682,3.549779176568054e-07,0.0017073192866519094,4.0625,-0.0625,0.0,-0.375
0.50,4.500082943707143,2.772301006928272,full,M,5.470281339539296e-05,47630.47605827682,9.234013877533214e-08,0.0004399103030398275,4.0625,-0.0625,4.0625,0.0
0.50,4.500082943707143,2.772301006928272,full,Z,7.872137094919602e-05,47630.47605827682,3.914710994638101e-08,0.00019769597379744398,15.875,-5.5,6.75,0.0
0.50,4.754832404152687,2.9291376976603924,R4,C,3.909327665105627e-05,1068.0672058631026,5.098450330635403e-07,0.0013920206305051237,3.9375,-0.0625,0.0,-0.8125
0.50,4.754832404152687,2.9291376976603924,R4,H,2.3820559563736918e-05,1068.0672058631026,3.7550588557942253e-07,0.0013919668272137642,3.9375,-0.0625,0.0,-0.8125
0.50,4.754832404152687,2.9291376976603924,R4,M,7.121416810880848e-06,1068.0672058631026,8.585090426731222e-08,0.0004342038618682282,3.9375,-0.0625,3.9375,0.0
0.50,4.754832404152687,2.9291376976603924,R4,Z,1.6360915566980955e-06,1068.0672058631026,1.0542856536469306e-08,0.0001521109717205928,3.9375,-0.0625,3.9375,0.0
0.50,4.754832404152687,2.9291376976603924,R8,C,0.00020011274034322586,6754.254574377518,5.597148471797413e-07,0.0014969358408364144,5.25,-0.0625,5.25,0.0
0.50,4.754832404152687,2.9291376976603924,R8,H,8.616612036573757e-05,6754.254574377518,3.7550588557942253e-07,0.0013919668272137642,3.9375,-0.0625,0.0,-0.8125
0.50,4.754832404152687,2.9291376976603924,R8,M,3.93763239014985e-05,6754.254574377518,8.585090426731222e-08,0.0004342038618682282,3.9375,-0.0625,3.9375,0.0
0.50,4.754832404152687,2.9291376976603924,R8,Z,1.4479239678925171e-05,6754.254574377518,2.3519921414582714e-08,0.00022244844721963902,7.0,-0.0625,5.1875,-0.0625
0.50,4.754832404152687,2.9291376976603924,R12,C,0.00021556239704711424,17407.949945661883,5.597148471797413e-07,0.0014969358408364144,5.25,-0.0625,5.25,0.0
0.50,4.754832404152687,2.9291376976603924,R12,H,9.027445493308424e-05,17407.949945661883,3.7550588557942253e-07,0.0013919668272137642,3.9375,-0.0625,0.0,-0.8125
0.50,4.754832404152687,2.9291376976603924,R12,M,4.287397132781821e-05,17407.949945661883,8.585090426731222e-08,0.0004342038618682282,3.9375,-0.0625,3.9375,0.0
0.50,4.754832404152687,2.9291376976603924,R12,Z,1.6276558628513586e-05,17407.949945661883,2.3519921414582714e-08,0.00022244844721963902,7.0,-0.0625,5.1875,-0.0625
0.50,4.754832404152687,2.9291376976603924,full,C,0.0005762511686400581,47612.30062279011,5.597148471797413e-07,0.0014969358408364144,5.25,-0.0625,5.25,0.0
0.50,4.754832404152687,2.9291376976603924,full,H,0.00013407627072027376,47612.30062279011,3.7550588557942253e-07,0.0013919668272137642,3.9375,-0.0625,0.0,-0.8125
0.50,4.754832404152687,2.9291376976603924,full,M,5.5801936832705524e-05,47612.30062279011,8.585090426731222e-08,0.0004342038618682282,3.9375,-0.0625,3.9375,0.0
0.50,4.754832404152687,2.9291376976603924,full,Z,9.059235817094461e-05,47612.30062279011,4.5624375811329485e-08,0.00022244844721963902,15.875,-5.625,5.1875,-0.0625
0.50,5.002068936425009,3.0811385072895017,R4,C,4.883482237659154e-05,1067.5618280232768,4.994407542000953e-07,0.001056866399682708,3.875,-0.0625,3.875,0.0
0.50,5.002068936425009,3.0811385072895017,R4,H,3.059393150525298e-05,1067.5618280232768,3.6768870104488574e-07,0.0009069099905900657,3.875,-0.0625,3.875,0.0
0.50,5.002068936425009,3.0811385072895017,R4,M,9.099039138716557e-06,1067.5618280232768,8.744433739673154e-08,0.00044211837571905626,3.875,-0.0625,3.875,0.0
0.50,5.002068936425009,3.0811385072895017,R4,Z,1.8455146495981402e-06,1067.5618280232768,9.919652836906856e-09,0.00014899332411124952,3.875,-0.0625,3.875,0.0
0.50,5.002068936425009,3.0811385072895017,R8,C,0.00021233754649968193,6735.413396209892,9.403038058873464e-07,0.002031742868109446,5.25,-0.0625,5.25,0.0
0.50,5.002068936425009,3.0811385072895017,R8,H,9.057286000684818e-05,6735.413396209892,3.6768870104488574e-07,0.0009069099905900657,3.875,-0.0625,3.875,0.0
0.50,5.002068936425009,3.0811385072895017,R8,M,4.109544338591618e-05,6735.413396209892,1.0053867434350285e-07,0.0005345195662699145,5.25,-0.1875,5.0625,0.0
0.50,5.002068936425009,3.0811385072895017,R8,Z,1.5137855057504755e-05,6735.413396209892,3.965618343124498e-08,0.0002960249186001625,5.1875,-0.0625,5.1875,-0.0625
0.50,5.002068936425009,3.0811385072895017,R12,C,0.00022762178271005588,17388.573208490154,9.403038058873464e-07,0.002031742868109446,5.25,-0.0625,5.25,0.0
0.50,5.002068936425009,3.0811385072895017,R12,H,9.406198061097452e-05,17388.573208490154,3.6768870104488574e-07,0.0009069099905900657,3.875,-0.0625,3.875,0.0
0.50,5.002068936425009,3.0811385072895017,R12,M,4.42857374963772e-05,17388.573208490154,1.0053867434350285e-07,0.0005345195662699145,5.25,-0.1875,5.0625,0.0
0.50,5.002068936425009,3.0811385072895017,R12,Z,1.7107640659308994e-05,17388.573208490154,3.965618343124498e-08,0.0002960249186001625,5.1875,-0.0625,5.1875,-0.0625
0.50,5.002068936425009,3.0811385072895017,full,C,0.0006444888252189981,47593.83386176908,9.403038058873464e-07,0.002031742868109446,5.25,-0.0625,5.25,0.0
0.50,5.002068936425009,3.0811385072895017,full,H,0.00014125450968664228,47593.83386176908,3.6768870104488574e-07,0.0009069099905900657,3.875,-0.0625,3.875,0.0
0.50,5.002068936425009,3.0811385072895017,full,M,5.7991223838446226e-05,47593.83386176908,1.0053867434350285e-07,0.0005345195662699145,5.25,-0.1875,5.0625,0.0
0.50,5.002068936425009,3.0811385072895017,full,Z,0.00010387710295728234,47593.83386176908,5.272271058948546e-08,0.0002960249186001625,15.875,-5.625,5.1875,-0.0625
0.50,5.25519869182288,3.236392262562195,R4,C,5.547193489263933e-05,1067.267685386334,4.637356068974662e-07,0.0010379348497995947,3.8125,-0.0625,3.75,0.0
0.50,5.25519869182288,3.236392262562195,R4,H,3.503547785176232e-05,1067.267685386334,3.4412782293957324e-07,0.0008977617253549397,3.75,-0.0625,3.75,0.0
0.50,5.25519869182288,3.236392262562195,R4,M,1.063340419222459e-05,1067.267685386334,8.50875644319636e-08,0.0004399085101651473,3.8125,-0.0625,3.8125,0.0
0.50,5.25519869182288,3.236392262562195,R4,Z,1.9854335091259966e-06,1067.267685386334,8.937480203214583e-09,0.00014767686171482245,3.8125,-0.0625,3.125,0.0
0.50,5.25519869182288,3.236392262562195,R8,C,0.00022651494488050788,6715.055987371689,1.7013334111035406e-06,0.002778432370376848,5.25,0.0,5.25,0.0
0.50,5.25519869182288,3.236392262562195,R8,H,9.448669265143071e-05,6715.055987371689,3.4412782293957324e-07,0.0008977617253549397,3.75,-0.0625,3.75,0.0
0.50,5.25519869182288,3.236392262562195,R8,M,4.472034142765658e-05,6715.055987371689,2.2482281503501866e-07,0.0007686997308286637,5.25,-0.1875,5.0625,0.0
0.50,5.25519869182288,3.236392262562195,R8,Z,1.526999344599732e-05,6715.055987371689,6.941762162071165e-08,0.0003970440368693586,5.1875,-0.0625,5.1875,-0.0625
0.50,5.25519869182288,3.236392262562195,R12,C,0.00024262214626261759,17367.912360862007,1.7013334111035406e-06,0.002778432370376848,5.25,0.0,5.25,0.0
0.50,5.25519869182288,3.236392262562195,R12,H,9.744775560889e-05,17367.912360862007,3.4412782293957324e-07,0.0008977617253549397,3.75,-0.0625,3.75,0.0
0.50,5.25519869182288,3.236392262562195,R12,M,4.773815281139199e-05,17367.912360862007,2.2482281503501866e-07,0.0007686997308286637,5.25,-0.1875,5.0625,0.0
0.50,5.25519869182288,3.236392262562195,R12,Z,1.758121326762312e-05,17367.912360862007,6.941762162071165e-08,0.0003970440368693586,5.1875,-0.0625,5.1875,-0.0625
0.50,5.25519869182288,3.236392262562195,full,C,0.0007243127710567186,47574.06343865195,1.7013334111035406e-06,0.002778432370376848,5.25,0.0,5.25,0.0
0.50,5.25519869182288,3.236392262562195,full,H,0.00014829697734460755,47574.06343865195,3.4412782293957324e-07,0.0008977617253549397,3.75,-0.0625,3.75,0.0
0.50,5.25519869182288,3.236392262562195,full,M,6.223181323105512e-05,47574.06343865195,2.2482281503501866e-07,0.0007686997308286637,5.25,-0.1875,5.0625,0.0
0.50,5.25519869182288,3.236392262562195,full,Z,0.00011874121944292796,47574.06343865195,6.941762162071165e-08,0.0003970440368693586,5.1875,-0.0625,5.1875,-0.0625
0.50,5.50095147621029,3.3865660923782213,R4,C,5.933599186347092e-05,1067.1473791779106,4.734971784358294e-07,0.0010618368041071297,3.6875,-0.0625,3.6875,0.0
0.50,5.50095147621029,3.3865660923782213,R4,H,3.76180409031584e-05,1067.1473791779106,3.5516903129661834e-07,0.0009198870975524187,3.6875,-0.0625,3.6875,0.0
0.50,5.50095147621029,3.3865660923782213,R4,M,1.1507430753384183e-05,1067.1473791779106,7.956374650750481e-08,0.0004327039080400511,3.75,-0.0625,3.6875,0.0
0.50,5.50095147621029,3.3865660923782213,R4,Z,2.056364514883614e-06,1067.1473791779106,8.490718807831286e-09,0.00014628958621673303,3.6875,-0.0625,3.0,0.0
0.50,5.50095147621029,3.3865660923782213,R8,C,0.0002452729919096579,6694.251991913859,3.021140409998996e-06,0.003750739980937512,5.25,0.0,5.25,0.0
0.50,5.50095147621029,3.3865660923782213,R8,H,9.774059142414316e-05,6694.251991913859,3.5516903129661834e-07,0.0009198870975524187,3.6875,-0.0625,3.6875,0.0
0.50,5.50095147621029,3.3865660923782213,R8,M,5.0827163973883814e-05,6694.251991913859,4.6845191550187274e-07,0.0010857704599164318,5.25,-0.1875,5.0625,0.0
0.50,5.50095147621029,3.3865660923782213,R8,Z,1.5178762120609786e-05,6694.251991913859,1.1972989532249712e-07,0.0005283374272066013,5.1875,-0.0625,5.1875,-0.0625
0.50,5.50095147621029,3.3865660923782213,R12,C,0.0002629029963439067,17347.07058302454,3.021140409998996e-06,0.003750739980937512,5.25,0.0,5.25,0.0
0.50,5.50095147621029,3.3865660923782213,R12,H,0.00010032289625635905,17347.07058302454,3.5516903129661834e-07,0.0009198870975524187,3.6875,-0.0625,3.6875,0.0
0.50,5.50095147621029,3.3865660923782213,R12,M,5.374686873323038e-05,17347.07058302454,4.6845191550187274e-07,0.0010857704599164318,5.25,-0.1875,5.0625,0.0
0.50,5.50095147621029,3.3865660923782213,R12,Z,1.7934773906432758e-05,17347.07058302454,1.1972989532249712e-07,0.0005283374272066013,5.1875,-0.0625,5.1875,-0.0625
0.50,5.50095147621029,3.3865660923782213,full,C,0.0008153261654681563,47554.01650207928,3.021140409998996e-06,0.003750739980937512,5.25,0.0,5.25,0.0
0.50,5.50095147621029,3.3865660923782213,full,H,0.00015490689083336905,47554.01650207928,3.5516903129661834e-07,0.0009198870975524187,3.6875,-0.0625,3.6875,0.0
0.50,5.50095147621029,3.3865660923782213,full,M,6.899095603808713e-05,47554.01650207928,4.6845191550187274e-07,0.0010857704599164318,5.25,-0.1875,5.0625,0.0
0.50,5.50095147621029,3.3865660923782213,full,Z,0.00013481026992291685,47554.01650207928,1.1972989532249712e-07,0.0005283374272066013,5.1875,-0.0625,5.1875,-0.0625
0.50,5.752610182880717,3.539535216188606,R4,C,6.292213222336933e-05,1067.122977445726,4.629150566235438e-07,0.0010591590208828636,3.625,-0.0625,3.625,0.0
0.50,5.752610182880717,3.539535216188606,R4,H,4.023716228713206e-05,1067.122977445726,3.471396130333447e-07,0.0009173417929559946,3.625,-0.0625,3.625,0.0
0.50,5.752610182880717,3.539535216188606,R4,M,1.2137368482584563e-05,1067.122977445726,8.097248366925946e-08,0.000442896362900242,3.625,-0.0625,3.625,0.0
0.50,5.752610182880717,3.539535216188606,R4,Z,2.0977029608365395e-06,1067.122977445726,7.758925230640364e-09,0.00014621379586792502,3.625,-0.0625,2.9375,0.0
0.50,5.752610182880717,3.539535216188606,R8,C,0.0002771273935682354,6671.873293219414,5.358933111030056e-06,0.005061527225170783,5.25,0.0,5.25,0.0
0.50,5.752610182880717,3.539535216188606,R8,H,0.00010100516697465364,6671.873293219414,3.471396130333447e-07,0.0009173417929559946,3.625,-0.0625,3.625,0.0
0.50,5.752610182880717,3.539535216188606,R8,M,6.153827898235983e-05,6671.873293219414,9.345760758735065e-07,0.001548956389086551,5.25,-0.1875,5.0625,0.0
0.50,5.752610182880717,3.539535216188606,R8,Z,1.5646957545132973e-05,6671.873293219414,2.0996311994344938e-07,0.0007090473944027189,5.1875,-0.0625,5.1875,-0.0625
0.50,5.752610182880717,3.539535216188606,R12,C,0.00029641971205492156,17324.92389085515,5.358933111030056e-06,0.005061527225170783,5.25,0.0,5.25,0.0
0.50,5.752610182880717,3.539535216188606,R12,H,0.00010353404530559737,17324.92389085515,3.471396130333447e-07,0.0009173417929559946,3.625,-0.0625,3.625,0.0
0.50,5.752610182880717,3.539535216188606,R12,M,6.437828855807472e-05,17324.92389085515,9.345760758735065e-07,0.001548956389086551,5.25,-0.1875,5.0625,0.0
0.50,5.752610182880717,3.539535216188606,R12,Z,1.8804366983659805e-05,17324.92389085515,2.0996311994344938e-07,0.0007090473944027189,5.1875,-0.0625,5.1875,-0.0625
0.50,5.752610182880717,3.539535216188606,full,C,0.0009300974259140734,47532.60219608719,5.358933111030056e-06,0.005061527225170783,5.25,0.0,5.25,0.0
0.50,5.752610182880717,3.539535216188606,full,H,0.000162135084912657,47532.60219608719,3.471396130333447e-07,0.0009173417929559946,3.625,-0.0625,3.625,0.0
0.50,5.752610182880717,3.539535216188606,full,M,8.037120336707847e-05,47532.60219608719,9.345760758735065e-07,0.001548956389086551,5.25,-0.1875,5.0625,0.0
0.50,5.752610182880717,3.539535216188606,full,Z,0.00015374022664602557,47532.60219608719,2.0996311994344938e-07,0.0007090473944027189,5.1875,-0.0625,5.1875,-0.0625
0.50,6.003567892102165,3.691003139764237,R4,C,6.685450632450968e-05,1067.1191409089317,4.3117940576327255e-07,0.0010455300877695928,3.5,-0.0625,3.5,0.0
0.50,6.003567892102165,3.691003139764237,R4,H,4.318500408145821e-05,1067.1191409089317,3.2664290457602176e-07,0.0009102771291509271,3.5,-0.0625,3.5,0.0
0.50,6.003567892102165,3.691003139764237,R4,M,1.2819684941016802e-05,1067.1191409089317,7.906283284488034e-08,0.00044163499141809735,3.5625,-0.0625,3.5625,0.0
0.50,6.003567892102165,3.691003139764237,R4,Z,2.1270606286746273e-06,1067.1191409089317,7.327543245310594e-09,0.00014475726426778249,3.5,-0.0625,2.8125,0.0
0.50,6.003567892102165,3.691003139764237,R8,C,0.00033165024175758635,6648.461042896892,9.274218715540787e-06,0.006745527405844574,5.25,0.0,5.25,0.0
0.50,6.003567892102165,3.691003139764237,R8,H,0.00010540004506697039,6648.461042896892,3.2664290457602176e-07,0.0009102771291509271,3.5,-0.0625,3.5,0.0
0.50,6.003567892102165,3.691003139764237,R8,M,7.997086284209098e-05,6648.461042896892,1.7461287633542094e-06,0.0022048483046694526,5.25,-0.1875,5.0625,0.0
0.50,6.003567892102165,3.691003139764237,R8,Z,1.714816303990815e-05,6648.461042896892,3.678639547236131e-07,0.0009509741585841939,5.1875,-0.0625,5.1875,-0.0625
0.50,6.003567892102165,3.691003139764237,R12,C,0.00035179406993482177,17302.01196918776,9.274218715540787e-06,0.006745527405844574,5.25,0.0,5.25,0.0
0.50,6.003567892102165,3.691003139764237,R12,H,0.0001080549453302148,17302.01196918776,3.2664290457602176e-07,0.0009102771291509271,3.5,-0.0625,3.5,0.0
0.50,6.003567892102165,3.691003139764237,R12,M,8.272577886939105e-05,17302.01196918776,1.7461287633542094e-06,0.0022048483046694526,5.25,-0.1875,5.0625,0.0
0.50,6.003567892102165,3.691003139764237,R12,Z,2.0486452516086675e-05,17302.01196918776,3.678639547236131e-07,0.0009509741585841939,5.1875,-0.0625,5.1875,-0.0625
0.50,6.003567892102165,3.691003139764237,full,C,0.0010761518173086652,47510.34284783953,9.274218715540787e-06,0.006745527405844574,5.25,0.0,5.25,0.0
0.50,6.003567892102165,3.691003139764237,full,H,0.00017077773868017925,47510.34284783953,3.2664290457602176e-07,0.0009102771291509271,3.5,-0.0625,3.5,0.0
0.50,6.003567892102165,3.691003139764237,full,M,9.941608463697428e-05,47510.34284783953,1.7461287633542094e-06,0.0022048483046694526,5.25,-0.1875,5.0625,0.0
0.50,6.003567892102165,3.691003139764237,full,Z,0.00017559952772398568,47510.34284783953,3.678639547236131e-07,0.0009509741585841939,5.1875,-0.0625,5.1875,-0.0625
0.50,6.253806062009507,3.840767213557498,R4,C,7.095853640155548e-05,1067.057251038392,4.3963384324292904e-07,0.0010650583572114369,3.4375,-0.0625,3.4375,0.0
0.50,6.253806062009507,3.840767213557498,R4,H,4.621057401653485e-05,1067.057251038392,3.3406604712169347e-07,0.0009286061394959688,3.4375,-0.0625,3.4375,0.0
0.50,6.253806062009507,3.840767213557498,R4,M,1.362348359431571e-05,1067.057251038392,7.410620142536724e-08,0.0004372542303208219,3.4375,-0.0625,3.4375,0.0
0.50,6.253806062009507,3.840767213557498,R4,Z,2.1527425272398255e-06,1067.057251038392,6.757756148747446e-09,0.00014481984653619883,3.4375,-0.0625,2.75,0.0
0.50,6.253806062009507,3.840767213557498,R8,C,0.00042017380760718434,6624.020414402268,1.55024323657442e-05,0.008833270683193858,5.25,0.0,5.25,0.0
0.50,6.253806062009507,3.840767213557498,R8,H,0.00011032980200528909,6624.020414402268,3.3406604712169347e-07,0.0009286061394959688,3.4375,-0.0625,3.4375,0.0
0.50,6.253806062009507,3.840767213557498,R8,M,0.00011217014139991186,6624.020414402268,3.0554325374861577e-06,0.003118133667427137,5.25,-0.1875,5.0625,0.0
0.50,6.253806062009507,3.840767213557498,R8,Z,1.9700044812880523e-05,6624.020414402268,6.422736351327802e-07,0.0012729854059742405,5.1875,-0.0625,5.1875,-0.0625
0.50,6.253806062009507,3.840767213557498,R12,C,0.0004413836799007818,17278.34644127565,1.55024323657442e-05,0.008833270683193858,5.25,0.0,5.25,0.0
0.50,6.253806062009507,3.840767213557498,R12,H,0.00011351889013421282,17278.34644127565,3.3406604712169347e-07,0.0009286061394959688,3.4375,-0.0625,3.4375,0.0
0.50,6.253806062009507,3.840767213557498,R12,M,0.00011506089790918045,17278.34644127565,3.0554325374861577e-06,0.003118133667427137,5.25,-0.1875,5.0625,0.0
0.50,6.253806062009507,3.840767213557498,R12,Z,2.312152593307059e-05,17278.34644127565,6.422736351327802e-07,0.0012729854059742405,5.1875,-0.0625,5.1875,-0.0625
0.50,6.253806062009507,3.840767213557498,full,C,0.0012663232758242974,47487.23758242288,1.55024323657442e-05,0.008833270683193858,5.25,0.0,5.25,0.0
0.50,6.253806062009507,3.840767213557498,full,H,0.00018021428555584838,47487.23758242288,3.3406604712169347e-07,0.0009286061394959688,3.4375,-0.0625,3.4375,0.0
0.50,6.253806062009507,3.840767213557498,full,M,0.0001323343134682197,47487.23758242288,3.0554325374861577e-06,0.003118133667427137,5.25,-0.1875,5.0625,0.0
0.50,6.253806062009507,3.840767213557498,full,Z,0.00020069272627776862,47487.23758242288,6.422736351327802e-07,0.0012729854059742405,5.1875,-0.0625,5.1875,-0.0625
0.50,6.5,3.986826892199771,R4,C,7.487778157643516e-05,1066.8716636066085,4.250874449515649e-07,0.001056907920784498,3.375,-0.0625,3.375,0.0
0.50,6.5,3.986826892199771,R4,H,4.905985509000858e-05,1066.8716636066085,3.231235339177447e-07,0.0009216201142407954,3.375,-0.0625,3.375,0.0
0.50,6.5,3.986826892199771,R4,M,1.4442797415878986e-05,1066.8716636066085,7.53742555986913e-08,0.000445006776996721,3.375,-0.0625,3.375,0.0
0.50,6.5,3.986826892199771,R4,Z,2.1771558940025707e-06,1066.8716636066085,6.4221743584892484e-09,0.0001435296368563245,3.3125,-0.0625,2.625,0.0
0.50,6.5,3.986826892199771,R8,C,0.0005591590429668343,6598.913650259476,2.4603461061071017e-05,0.01126642341440687,5.25,0.0,5.25,0.0
0.50,6.5,3.986826892199771,R8,H,0.0001165210587389402,6598.913650259476,4.6717271227039326e-07,0.0010877912864089012,5.25,-0.1875,5.25,-0.1875
0.50,6.5,3.986826892199771,R8,M,0.0001661730699614479,6598.913650259476,4.926748761652739e-06,0.0043512611110764045,5.25,-0.1875,5.0625,0.0
0.50,6.5,3.986826892199771,R8,Z,2.3331720791490378e-05,6598.913650259476,1.1067121364084104e-06,0.0016921988712761055,5.1875,-0.0625,5.1875,-0.0625
0.50,6.5,3.986826892199771,R12,C,0.0005829455632121571,17254.28464268576,2.4603461061071017e-05,0.01126642341440687,5.25,0.0,5.25,0.0
0.50,6.5,3.986826892199771,R12,H,0.00012069658067463449,17254.28464268576,4.6717271227039326e-07,0.0010877912864089012,5.25,-0.1875,5.25,-0.1875
0.50,6.5,3.986826892199771,R12,M,0.00016940829083319725,17254.28464268576,4.926748761652739e-06,0.0043512611110764045,5.25,-0.1875,5.0625,0.0
0.50,6.5,3.986826892199771,R12,Z,2.7017833053383226e-05,17254.28464268576,1.1067121364084104e-06,0.0016921988712761055,5.1875,-0.0625,5.1875,-0.0625
0.50,6.5,3.986826892199771,full,C,0.0015175926381847168,47463.61105323231,2.4603461061071017e-05,0.01126642341440687,5.25,0.0,5.25,0.0
0.50,6.5,3.986826892199771,full,H,0.00019108459532020936,47463.61105323231,4.6717271227039326e-07,0.0010877912864089012,5.25,-0.1875,5.25,-0.1875
0.50,6.5,3.986826892199771,full,M,0.0001871165978967603,47463.61105323231,4.926748761652739e-06,0.0043512611110764045,5.25,-0.1875,5.0625,0.0
0.50,6.5,3.986826892199771,full,Z,0.00022916424512464884,47463.61105323231,1.1067121364084104e-06,0.0016921988712761055,5.1875,-0.0625,5.1875,-0.0625
