AthenaK Kokkos default execution space: Cuda

Root grid = 2 x 4 x 1 MeshBlocks
Total number of MeshBlocks = 8
Number of logical  levels of refinement = 22 (23 levels total)
Number of physical levels of refinement = 20 (21 levels total)
  Physical level = 0 (logical level = 2): 8 MeshBlocks, cost = 8
Number of parallel ranks = 1
AssembleZ4cTasks
Direct global Brill coefficient import: radial_points=48 angular_points=32 adm_mass=2.660301967997158 min_psi4=1.2477936329860992 lapse=psi^-2 min_lapse=0.31395613241915094 max_lapse=0.89521761138867129
Converted imported ADM data to Z4c proper_box_C_rms=0.00030709396365211214 proper_box_H_rms=0.00030709262705616271 proper_box_M_rms=0 proper_box_Z_rms=4.5302298764591355e-07 coordinate_support_H_rms=0.00012714549457354789 coordinate_support_M_rms=0
Initialized Z4c from IrisK data mode=direct_global_coefficients path=/pscratch/sd/h/hzhu/axisymmetric-cartoon-brill-shift-controls-sourcecompat-v3-20260818/input/brill_global_48x32.coefficients bytes=35988
AMR_HISTORY_SOURCE_COMPATIBILITY recorded_source_id=athena-0.1-git-ac75c8d348da91b38cbc6855b5fba51cd3089663 current_source_id=athena-0.1-git-be6e68e2b2b33f3dda4712e15b2f8421593f5f61 explicit_match=true

Setup complete, executing task list(s)...

elapsed=1.200965e+00 cycle=0 time=0.000000e+00 dt=1.875000e-02
elapsed=1.242057e+00 cycle=1 time=1.875000e-02 dt=1.875000e-02
CARTOON_AMR_TRANSACTION cycle=2 requested_refine=8 requested_derefine_leaves=0 accepted_derefine_parents=0 created_leaves=24 deleted_leaves=0 mirror_mismatches=0
AMR_Z4C_CHI_PROLONGATION cycle=2 transfer=high_order local_fallback_groups=0 global_fallback_groups=0 global_high_order_groups=32768
AMR_HISTORY_REPLAY event=1 time_hex=0x1.3333333333333p-5 requested_leaves=32 accepted_leaves=32 max_level=3 checksum=c06467c519b4501d exact_match=true shadow_refine=4 shadow_derefine=0
elapsed=1.296021e+00 cycle=2 time=3.750000e-02 dt=9.375000e-03
AMR_HISTORY_TIMESTEP_CLIP event=2 time_hex=0x1.8p-5 candidate_dt_hex=0x1.3333333333333p-7 applied_dt_hex=0x1.333333333333p-7 target_time_hex=0x1.cccccccccccccp-5
elapsed=1.338986e+00 cycle=3 time=4.687500e-02 dt=9.375000e-03
CARTOON_AMR_TRANSACTION cycle=4 requested_refine=10 requested_derefine_leaves=0 accepted_derefine_parents=0 created_leaves=30 deleted_leaves=0 mirror_mismatches=0
AMR_Z4C_CHI_PROLONGATION cycle=4 transfer=high_order local_fallback_groups=0 global_fallback_groups=0 global_high_order_groups=40960
AMR_HISTORY_REPLAY event=2 time_hex=0x1.cccccccccccccp-5 requested_leaves=62 accepted_leaves=62 max_level=4 checksum=4b2a6ab534841fc8 exact_match=true shadow_refine=2 shadow_derefine=10
elapsed=1.422662e+00 cycle=4 time=5.625000e-02 dt=4.687500e-03
elapsed=1.521283e+00 cycle=5 time=6.093750e-02 dt=4.687500e-03
CARTOON_AMR_TRANSACTION cycle=6 requested_refine=2 requested_derefine_leaves=0 accepted_derefine_parents=0 created_leaves=6 deleted_leaves=0 mirror_mismatches=0
AMR_Z4C_CHI_PROLONGATION cycle=6 transfer=high_order local_fallback_groups=0 global_fallback_groups=0 global_high_order_groups=8192
AMR_HISTORY_REPLAY event=3 time_hex=0x1.0ccccccccccccp-4 requested_leaves=68 accepted_leaves=68 max_level=5 checksum=f0da73a9e8b1abc5 exact_match=true shadow_refine=2 shadow_derefine=28
elapsed=1.644693e+00 cycle=6 time=6.562500e-02 dt=2.343750e-03
AMR_HISTORY_TIMESTEP_CLIP event=4 time_hex=0x1.1666666666666p-4 candidate_dt_hex=0x1.3333333333333p-9 applied_dt_hex=0x1.333333333332p-9 target_time_hex=0x1.1ffffffffffffp-4
elapsed=1.788910e+00 cycle=7 time=6.796875e-02 dt=2.343750e-03
CARTOON_AMR_TRANSACTION cycle=8 requested_refine=4 requested_derefine_leaves=0 accepted_derefine_parents=0 created_leaves=12 deleted_leaves=0 mirror_mismatches=0
AMR_Z4C_CHI_PROLONGATION cycle=8 transfer=high_order local_fallback_groups=0 global_fallback_groups=0 global_high_order_groups=16384
AMR_HISTORY_REPLAY event=4 time_hex=0x1.1ffffffffffffp-4 requested_leaves=80 accepted_leaves=80 max_level=6 checksum=085fe82af1ae12d1 exact_match=true shadow_refine=0 shadow_derefine=28
elapsed=1.935665e+00 cycle=8 time=7.031250e-02 dt=1.171875e-03
elapsed=2.158173e+00 cycle=9 time=7.148437e-02 dt=1.171875e-03
elapsed=2.325444e+00 cycle=10 time=7.265625e-02 dt=1.171875e-03
elapsed=2.493351e+00 cycle=11 time=7.382812e-02 dt=1.171875e-03
elapsed=2.696046e+00 cycle=12 time=7.500000e-02 dt=1.171875e-03
elapsed=2.860553e+00 cycle=13 time=7.617188e-02 dt=1.171875e-03
elapsed=3.063727e+00 cycle=14 time=7.734375e-02 dt=1.171875e-03
elapsed=3.234743e+00 cycle=15 time=7.851563e-02 dt=1.171875e-03
elapsed=3.412464e+00 cycle=16 time=7.968750e-02 dt=1.171875e-03
elapsed=3.613139e+00 cycle=17 time=8.085938e-02 dt=1.171875e-03
elapsed=3.781156e+00 cycle=18 time=8.203125e-02 dt=1.171875e-03
elapsed=3.997547e+00 cycle=19 time=8.320313e-02 dt=1.171875e-03
elapsed=4.167535e+00 cycle=20 time=8.437500e-02 dt=1.171875e-03
elapsed=4.349478e+00 cycle=21 time=8.554688e-02 dt=1.171875e-03
elapsed=4.533904e+00 cycle=22 time=8.671875e-02 dt=1.171875e-03
elapsed=4.697863e+00 cycle=23 time=8.789063e-02 dt=1.171875e-03
elapsed=4.924881e+00 cycle=24 time=8.906250e-02 dt=1.171875e-03
elapsed=5.091651e+00 cycle=25 time=9.023438e-02 dt=1.171875e-03
elapsed=5.294047e+00 cycle=26 time=9.140625e-02 dt=1.171875e-03
elapsed=5.457982e+00 cycle=27 time=9.257813e-02 dt=1.171875e-03
elapsed=5.631899e+00 cycle=28 time=9.375000e-02 dt=1.171875e-03
elapsed=5.838710e+00 cycle=29 time=9.492188e-02 dt=1.171875e-03
elapsed=6.003341e+00 cycle=30 time=9.609375e-02 dt=1.171875e-03
elapsed=6.223618e+00 cycle=31 time=9.726563e-02 dt=1.171875e-03
elapsed=6.397252e+00 cycle=32 time=9.843750e-02 dt=1.171875e-03
elapsed=6.586159e+00 cycle=33 time=9.960938e-02 dt=1.171875e-03
elapsed=6.771962e+00 cycle=34 time=1.007813e-01 dt=1.171875e-03
elapsed=6.939642e+00 cycle=35 time=1.019531e-01 dt=1.171875e-03
elapsed=7.163513e+00 cycle=36 time=1.031250e-01 dt=1.171875e-03
elapsed=7.329162e+00 cycle=37 time=1.042969e-01 dt=1.171875e-03
elapsed=7.527984e+00 cycle=38 time=1.054688e-01 dt=1.171875e-03
elapsed=7.692964e+00 cycle=39 time=1.066406e-01 dt=1.171875e-03
elapsed=7.901066e+00 cycle=40 time=1.078125e-01 dt=1.171875e-03
elapsed=8.067398e+00 cycle=41 time=1.089844e-01 dt=1.171875e-03
elapsed=8.244513e+00 cycle=42 time=1.101563e-01 dt=1.171875e-03
elapsed=8.475970e+00 cycle=43 time=1.113281e-01 dt=1.171875e-03
elapsed=8.645917e+00 cycle=44 time=1.125000e-01 dt=1.171875e-03
elapsed=8.855082e+00 cycle=45 time=1.136719e-01 dt=1.171875e-03
elapsed=9.019549e+00 cycle=46 time=1.148438e-01 dt=1.171875e-03
elapsed=9.206384e+00 cycle=47 time=1.160156e-01 dt=1.171875e-03
elapsed=9.401339e+00 cycle=48 time=1.171875e-01 dt=1.171875e-03
elapsed=9.566098e+00 cycle=49 time=1.183594e-01 dt=1.171875e-03
elapsed=9.773478e+00 cycle=50 time=1.195313e-01 dt=1.171875e-03
elapsed=9.956126e+00 cycle=51 time=1.207031e-01 dt=1.171875e-03
elapsed=1.016661e+01 cycle=52 time=1.218750e-01 dt=1.171875e-03
elapsed=1.033170e+01 cycle=53 time=1.230469e-01 dt=1.171875e-03
elapsed=1.049858e+01 cycle=54 time=1.242188e-01 dt=1.171875e-03
elapsed=1.070118e+01 cycle=55 time=1.253906e-01 dt=1.171875e-03
elapsed=1.087147e+01 cycle=56 time=1.265625e-01 dt=1.171875e-03
elapsed=1.107151e+01 cycle=57 time=1.277344e-01 dt=1.171875e-03
elapsed=1.123640e+01 cycle=58 time=1.289063e-01 dt=1.171875e-03
elapsed=1.141621e+01 cycle=59 time=1.300781e-01 dt=1.171875e-03
elapsed=1.161584e+01 cycle=60 time=1.312500e-01 dt=1.171875e-03
elapsed=1.178039e+01 cycle=61 time=1.324219e-01 dt=1.171875e-03
elapsed=1.197944e+01 cycle=62 time=1.335938e-01 dt=1.171875e-03
elapsed=1.214382e+01 cycle=63 time=1.347656e-01 dt=1.171875e-03
elapsed=1.233747e+01 cycle=64 time=1.359375e-01 dt=1.171875e-03
elapsed=1.253238e+01 cycle=65 time=1.371094e-01 dt=1.171875e-03
elapsed=1.269594e+01 cycle=66 time=1.382812e-01 dt=1.171875e-03
elapsed=1.289727e+01 cycle=67 time=1.394531e-01 dt=1.171875e-03
elapsed=1.307349e+01 cycle=68 time=1.406250e-01 dt=1.171875e-03
elapsed=1.329583e+01 cycle=69 time=1.417969e-01 dt=1.171875e-03
elapsed=1.345948e+01 cycle=70 time=1.429687e-01 dt=1.171875e-03
elapsed=1.366797e+01 cycle=71 time=1.441406e-01 dt=1.171875e-03
elapsed=1.383849e+01 cycle=72 time=1.453125e-01 dt=1.171875e-03
elapsed=1.402179e+01 cycle=73 time=1.464844e-01 dt=1.171875e-03
elapsed=1.422359e+01 cycle=74 time=1.476562e-01 dt=1.171875e-03
elapsed=1.438758e+01 cycle=75 time=1.488281e-01 dt=1.171875e-03
elapsed=1.460029e+01 cycle=76 time=1.500000e-01 dt=1.171875e-03
elapsed=1.476415e+01 cycle=77 time=1.511719e-01 dt=1.171875e-03
elapsed=1.497760e+01 cycle=78 time=1.523437e-01 dt=1.171875e-03
elapsed=1.514249e+01 cycle=79 time=1.535156e-01 dt=1.171875e-03
elapsed=1.531605e+01 cycle=80 time=1.546875e-01 dt=1.171875e-03
elapsed=1.551970e+01 cycle=81 time=1.558594e-01 dt=1.171875e-03
elapsed=1.568415e+01 cycle=82 time=1.570312e-01 dt=1.171875e-03
elapsed=1.590963e+01 cycle=83 time=1.582031e-01 dt=1.171875e-03
elapsed=1.608021e+01 cycle=84 time=1.593750e-01 dt=1.171875e-03
elapsed=1.626107e+01 cycle=85 time=1.605469e-01 dt=1.171875e-03
elapsed=1.644867e+01 cycle=86 time=1.617187e-01 dt=1.171875e-03
elapsed=1.661227e+01 cycle=87 time=1.628906e-01 dt=1.171875e-03
elapsed=1.682202e+01 cycle=88 time=1.640625e-01 dt=1.171875e-03
elapsed=1.698598e+01 cycle=89 time=1.652344e-01 dt=1.171875e-03
elapsed=1.716844e+01 cycle=90 time=1.664062e-01 dt=1.171875e-03
elapsed=1.735515e+01 cycle=91 time=1.675781e-01 dt=1.171875e-03
elapsed=1.752826e+01 cycle=92 time=1.687500e-01 dt=1.171875e-03
elapsed=1.774136e+01 cycle=93 time=1.699219e-01 dt=1.171875e-03
elapsed=1.791671e+01 cycle=94 time=1.710937e-01 dt=1.171875e-03
elapsed=1.812181e+01 cycle=95 time=1.722656e-01 dt=1.171875e-03
elapsed=1.829495e+01 cycle=96 time=1.734375e-01 dt=1.171875e-03
elapsed=1.852124e+01 cycle=97 time=1.746094e-01 dt=1.171875e-03
elapsed=1.868525e+01 cycle=98 time=1.757812e-01 dt=1.171875e-03
elapsed=1.887249e+01 cycle=99 time=1.769531e-01 dt=1.171875e-03
elapsed=1.906339e+01 cycle=100 time=1.781250e-01 dt=1.171875e-03
elapsed=1.922811e+01 cycle=101 time=1.792969e-01 dt=1.171875e-03
elapsed=1.943711e+01 cycle=102 time=1.804687e-01 dt=1.171875e-03
elapsed=1.960071e+01 cycle=103 time=1.816406e-01 dt=1.171875e-03
elapsed=1.979239e+01 cycle=104 time=1.828125e-01 dt=1.171875e-03
elapsed=1.998579e+01 cycle=105 time=1.839844e-01 dt=1.171875e-03
elapsed=2.015089e+01 cycle=106 time=1.851562e-01 dt=1.171875e-03
elapsed=2.037175e+01 cycle=107 time=1.863281e-01 dt=1.171875e-03
elapsed=2.054130e+01 cycle=108 time=1.875000e-01 dt=1.171875e-03
elapsed=2.075632e+01 cycle=109 time=1.886719e-01 dt=1.171875e-03
elapsed=2.092169e+01 cycle=110 time=1.898437e-01 dt=1.171875e-03
elapsed=2.109123e+01 cycle=111 time=1.910156e-01 dt=1.171875e-03
elapsed=2.131009e+01 cycle=112 time=1.921875e-01 dt=1.171875e-03
elapsed=2.147433e+01 cycle=113 time=1.933594e-01 dt=1.171875e-03
elapsed=2.169617e+01 cycle=114 time=1.945312e-01 dt=1.171875e-03
elapsed=2.186108e+01 cycle=115 time=1.957031e-01 dt=1.171875e-03
elapsed=2.204905e+01 cycle=116 time=1.968750e-01 dt=1.171875e-03
elapsed=2.223879e+01 cycle=117 time=1.980469e-01 dt=1.171875e-03
elapsed=2.240354e+01 cycle=118 time=1.992187e-01 dt=1.171875e-03
elapsed=2.261547e+01 cycle=119 time=2.003906e-01 dt=1.171875e-03
elapsed=2.278711e+01 cycle=120 time=2.015625e-01 dt=1.171875e-03
elapsed=2.299874e+01 cycle=121 time=2.027344e-01 dt=1.171875e-03
elapsed=2.316419e+01 cycle=122 time=2.039062e-01 dt=1.171875e-03
elapsed=2.335805e+01 cycle=123 time=2.050781e-01 dt=1.171875e-03
elapsed=2.352895e+01 cycle=124 time=2.062500e-01 dt=1.171875e-03
elapsed=2.375206e+01 cycle=125 time=2.074219e-01 dt=1.171875e-03
elapsed=2.391825e+01 cycle=126 time=2.085937e-01 dt=1.171875e-03
elapsed=2.412632e+01 cycle=127 time=2.097656e-01 dt=1.171875e-03
elapsed=2.429691e+01 cycle=128 time=2.109375e-01 dt=1.171875e-03
elapsed=2.447530e+01 cycle=129 time=2.121094e-01 dt=1.171875e-03
elapsed=2.468325e+01 cycle=130 time=2.132812e-01 dt=1.171875e-03
elapsed=2.484801e+01 cycle=131 time=2.144531e-01 dt=1.171875e-03
elapsed=2.505800e+01 cycle=132 time=2.156250e-01 dt=1.171875e-03
elapsed=2.522193e+01 cycle=133 time=2.167969e-01 dt=1.171875e-03
elapsed=2.540142e+01 cycle=134 time=2.179687e-01 dt=1.171875e-03
elapsed=2.559052e+01 cycle=135 time=2.191406e-01 dt=1.171875e-03
elapsed=2.576022e+01 cycle=136 time=2.203125e-01 dt=1.171875e-03
elapsed=2.596906e+01 cycle=137 time=2.214844e-01 dt=1.171875e-03
elapsed=2.613366e+01 cycle=138 time=2.226562e-01 dt=1.171875e-03
elapsed=2.634301e+01 cycle=139 time=2.238281e-01 dt=1.171875e-03
elapsed=2.651671e+01 cycle=140 time=2.250000e-01 dt=1.171875e-03
elapsed=2.668605e+01 cycle=141 time=2.261719e-01 dt=1.171875e-03
elapsed=2.689093e+01 cycle=142 time=2.273437e-01 dt=1.171875e-03
elapsed=2.705475e+01 cycle=143 time=2.285156e-01 dt=1.171875e-03
elapsed=2.725923e+01 cycle=144 time=2.296875e-01 dt=1.171875e-03
elapsed=2.742378e+01 cycle=145 time=2.308594e-01 dt=1.171875e-03
elapsed=2.759231e+01 cycle=146 time=2.320312e-01 dt=1.171875e-03
elapsed=2.780543e+01 cycle=147 time=2.332031e-01 dt=1.171875e-03
elapsed=2.797594e+01 cycle=148 time=2.343750e-01 dt=1.171875e-03
elapsed=2.817978e+01 cycle=149 time=2.355469e-01 dt=1.171875e-03
elapsed=2.834804e+01 cycle=150 time=2.367187e-01 dt=1.171875e-03
elapsed=2.853887e+01 cycle=151 time=2.378906e-01 dt=1.171875e-03
elapsed=2.874246e+01 cycle=152 time=2.390625e-01 dt=1.171875e-03
elapsed=2.891433e+01 cycle=153 time=2.402344e-01 dt=1.171875e-03
elapsed=2.914592e+01 cycle=154 time=2.414062e-01 dt=1.171875e-03
elapsed=2.931035e+01 cycle=155 time=2.425781e-01 dt=1.171875e-03
elapsed=2.954252e+01 cycle=156 time=2.437500e-01 dt=1.171875e-03
elapsed=2.970701e+01 cycle=157 time=2.449219e-01 dt=1.171875e-03
elapsed=2.989027e+01 cycle=158 time=2.460937e-01 dt=1.171875e-03
elapsed=3.007393e+01 cycle=159 time=2.472656e-01 dt=1.171875e-03
elapsed=3.024698e+01 cycle=160 time=2.484375e-01 dt=1.171875e-03
elapsed=3.046851e+01 cycle=161 time=2.496094e-01 dt=1.171875e-03
elapsed=3.063279e+01 cycle=162 time=2.507812e-01 dt=1.171875e-03
elapsed=3.084117e+01 cycle=163 time=2.519531e-01 dt=1.171875e-03
elapsed=3.101131e+01 cycle=164 time=2.531250e-01 dt=1.171875e-03
elapsed=3.117884e+01 cycle=165 time=2.542969e-01 dt=1.171875e-03
elapsed=3.140082e+01 cycle=166 time=2.554687e-01 dt=1.171875e-03
elapsed=3.156540e+01 cycle=167 time=2.566406e-01 dt=1.171875e-03
elapsed=3.177907e+01 cycle=168 time=2.578125e-01 dt=1.171875e-03
elapsed=3.194480e+01 cycle=169 time=2.589844e-01 dt=1.171875e-03
elapsed=3.213190e+01 cycle=170 time=2.601562e-01 dt=1.171875e-03
elapsed=3.232205e+01 cycle=171 time=2.613281e-01 dt=1.171875e-03
elapsed=3.249188e+01 cycle=172 time=2.625000e-01 dt=1.171875e-03
elapsed=3.269005e+01 cycle=173 time=2.636719e-01 dt=1.171875e-03
elapsed=3.285889e+01 cycle=174 time=2.648437e-01 dt=1.171875e-03
elapsed=3.304466e+01 cycle=175 time=2.660156e-01 dt=1.171875e-03
elapsed=3.326856e+01 cycle=176 time=2.671875e-01 dt=1.171875e-03
elapsed=3.348226e+01 cycle=177 time=2.683594e-01 dt=1.171875e-03
elapsed=3.365057e+01 cycle=178 time=2.695312e-01 dt=1.171875e-03
elapsed=3.385654e+01 cycle=179 time=2.707031e-01 dt=1.171875e-03
elapsed=3.402687e+01 cycle=180 time=2.718750e-01 dt=1.171875e-03
elapsed=3.422692e+01 cycle=181 time=2.730469e-01 dt=1.171875e-03
elapsed=3.439275e+01 cycle=182 time=2.742187e-01 dt=1.171875e-03
elapsed=3.455827e+01 cycle=183 time=2.753906e-01 dt=1.171875e-03
elapsed=3.476562e+01 cycle=184 time=2.765625e-01 dt=1.171875e-03
elapsed=3.493056e+01 cycle=185 time=2.777344e-01 dt=1.171875e-03
elapsed=3.514308e+01 cycle=186 time=2.789062e-01 dt=1.171875e-03
elapsed=3.543836e+01 cycle=187 time=2.800781e-01 dt=1.171875e-03
elapsed=3.564464e+01 cycle=188 time=2.812500e-01 dt=1.171875e-03
elapsed=3.580856e+01 cycle=189 time=2.824219e-01 dt=1.171875e-03
elapsed=3.600525e+01 cycle=190 time=2.835937e-01 dt=1.171875e-03
elapsed=3.616949e+01 cycle=191 time=2.847656e-01 dt=1.171875e-03
elapsed=3.635333e+01 cycle=192 time=2.859375e-01 dt=1.171875e-03
elapsed=3.659557e+01 cycle=193 time=2.871094e-01 dt=1.171875e-03
elapsed=3.675921e+01 cycle=194 time=2.882812e-01 dt=1.171875e-03
elapsed=3.696228e+01 cycle=195 time=2.894531e-01 dt=1.171875e-03
elapsed=3.713340e+01 cycle=196 time=2.906250e-01 dt=1.171875e-03
elapsed=3.732191e+01 cycle=197 time=2.917969e-01 dt=1.171875e-03
elapsed=3.751560e+01 cycle=198 time=2.929687e-01 dt=1.171875e-03
elapsed=3.767924e+01 cycle=199 time=2.941406e-01 dt=1.171875e-03
elapsed=3.789530e+01 cycle=200 time=2.953125e-01 dt=1.171875e-03
elapsed=3.805988e+01 cycle=201 time=2.964844e-01 dt=1.171875e-03
CARTOON_AMR_TRANSACTION cycle=202 requested_refine=0 requested_derefine_leaves=8 accepted_derefine_parents=2 created_leaves=0 deleted_leaves=6 mirror_mismatches=0
AMR_HISTORY_REPLAY event=5 time_hex=0x1.30cccccccccccp-2 requested_leaves=74 accepted_leaves=74 max_level=5 checksum=a2b10508afaff74c exact_match=true shadow_refine=0 shadow_derefine=46
elapsed=3.831930e+01 cycle=202 time=2.976562e-01 dt=2.343750e-03
elapsed=3.845443e+01 cycle=203 time=3.000000e-01 dt=2.343750e-03
elapsed=3.859407e+01 cycle=204 time=3.023437e-01 dt=2.343750e-03
elapsed=3.876482e+01 cycle=205 time=3.046875e-01 dt=2.343750e-03
elapsed=3.889975e+01 cycle=206 time=3.070312e-01 dt=2.343750e-03
elapsed=3.903391e+01 cycle=207 time=3.093750e-01 dt=2.343750e-03
elapsed=3.923539e+01 cycle=208 time=3.117187e-01 dt=2.343750e-03
elapsed=3.937037e+01 cycle=209 time=3.140625e-01 dt=2.343750e-03
elapsed=3.950757e+01 cycle=210 time=3.164062e-01 dt=2.343750e-03
elapsed=3.968955e+01 cycle=211 time=3.187500e-01 dt=2.343750e-03
elapsed=3.983089e+01 cycle=212 time=3.210937e-01 dt=2.343750e-03
elapsed=3.998825e+01 cycle=213 time=3.234375e-01 dt=2.343750e-03
elapsed=4.018485e+01 cycle=214 time=3.257812e-01 dt=2.343750e-03
elapsed=4.032009e+01 cycle=215 time=3.281250e-01 dt=2.343750e-03
elapsed=4.048980e+01 cycle=216 time=3.304687e-01 dt=2.343750e-03
elapsed=4.064454e+01 cycle=217 time=3.328125e-01 dt=2.343750e-03
elapsed=4.077880e+01 cycle=218 time=3.351562e-01 dt=2.343750e-03
elapsed=4.093439e+01 cycle=219 time=3.375000e-01 dt=2.343750e-03
elapsed=4.110151e+01 cycle=220 time=3.398437e-01 dt=2.343750e-03
elapsed=4.123759e+01 cycle=221 time=3.421875e-01 dt=2.343750e-03
elapsed=4.138764e+01 cycle=222 time=3.445312e-01 dt=2.343750e-03
elapsed=4.154275e+01 cycle=223 time=3.468750e-01 dt=2.343750e-03
elapsed=4.168655e+01 cycle=224 time=3.492187e-01 dt=2.343750e-03
elapsed=4.185188e+01 cycle=225 time=3.515625e-01 dt=2.343750e-03
elapsed=4.201470e+01 cycle=226 time=3.539062e-01 dt=2.343750e-03
elapsed=4.214996e+01 cycle=227 time=3.562500e-01 dt=2.343750e-03
elapsed=4.233997e+01 cycle=228 time=3.585937e-01 dt=2.343750e-03
elapsed=4.247453e+01 cycle=229 time=3.609375e-01 dt=2.343750e-03
elapsed=4.260862e+01 cycle=230 time=3.632812e-01 dt=2.343750e-03
elapsed=4.279766e+01 cycle=231 time=3.656250e-01 dt=2.343750e-03
elapsed=4.293814e+01 cycle=232 time=3.679687e-01 dt=2.343750e-03
elapsed=4.307216e+01 cycle=233 time=3.703125e-01 dt=2.343750e-03
elapsed=4.324666e+01 cycle=234 time=3.726562e-01 dt=2.343750e-03
elapsed=4.338079e+01 cycle=235 time=3.750000e-01 dt=2.343750e-03
elapsed=4.357220e+01 cycle=236 time=3.773437e-01 dt=2.343750e-03
elapsed=4.370824e+01 cycle=237 time=3.796875e-01 dt=2.343750e-03
elapsed=4.384322e+01 cycle=238 time=3.820312e-01 dt=2.343750e-03
elapsed=4.403067e+01 cycle=239 time=3.843750e-01 dt=2.343750e-03
elapsed=4.417181e+01 cycle=240 time=3.867187e-01 dt=2.343750e-03
elapsed=4.430720e+01 cycle=241 time=3.890625e-01 dt=2.343750e-03
elapsed=4.448321e+01 cycle=242 time=3.914062e-01 dt=2.343750e-03
elapsed=4.461747e+01 cycle=243 time=3.937500e-01 dt=2.343750e-03
elapsed=4.475716e+01 cycle=244 time=3.960937e-01 dt=2.343750e-03
elapsed=4.496080e+01 cycle=245 time=3.984375e-01 dt=2.343750e-03
elapsed=4.509486e+01 cycle=246 time=4.007812e-01 dt=2.343750e-03
elapsed=4.523738e+01 cycle=247 time=4.031250e-01 dt=2.343750e-03
elapsed=4.541980e+01 cycle=248 time=4.054687e-01 dt=2.343750e-03
elapsed=4.555578e+01 cycle=249 time=4.078125e-01 dt=2.343750e-03
elapsed=4.569231e+01 cycle=250 time=4.101562e-01 dt=2.343750e-03
elapsed=4.587412e+01 cycle=251 time=4.125000e-01 dt=2.343750e-03
elapsed=4.601758e+01 cycle=252 time=4.148437e-01 dt=2.343750e-03
elapsed=4.618078e+01 cycle=253 time=4.171875e-01 dt=2.343750e-03
elapsed=4.634334e+01 cycle=254 time=4.195312e-01 dt=2.343750e-03
elapsed=4.648643e+01 cycle=255 time=4.218750e-01 dt=2.343750e-03
elapsed=4.693928e+01 cycle=256 time=4.242187e-01 dt=2.343750e-03
elapsed=4.709368e+01 cycle=257 time=4.265625e-01 dt=2.343750e-03
elapsed=4.725143e+01 cycle=258 time=4.289062e-01 dt=2.343750e-03
elapsed=4.738542e+01 cycle=259 time=4.312500e-01 dt=2.343750e-03
elapsed=4.754328e+01 cycle=260 time=4.335937e-01 dt=2.343750e-03
elapsed=4.770372e+01 cycle=261 time=4.359375e-01 dt=2.343750e-03
elapsed=4.783851e+01 cycle=262 time=4.382812e-01 dt=2.343750e-03
elapsed=4.799126e+01 cycle=263 time=4.406250e-01 dt=2.343750e-03
elapsed=4.815279e+01 cycle=264 time=4.429687e-01 dt=2.343750e-03
elapsed=4.833020e+01 cycle=265 time=4.453125e-01 dt=2.343750e-03
elapsed=4.849637e+01 cycle=266 time=4.476562e-01 dt=2.343750e-03
elapsed=4.863536e+01 cycle=267 time=4.500000e-01 dt=2.343750e-03
elapsed=4.880472e+01 cycle=268 time=4.523437e-01 dt=2.343750e-03
elapsed=4.895956e+01 cycle=269 time=4.546875e-01 dt=2.343750e-03
elapsed=4.909401e+01 cycle=270 time=4.570312e-01 dt=2.343750e-03
elapsed=4.927952e+01 cycle=271 time=4.593750e-01 dt=2.343750e-03
elapsed=4.943252e+01 cycle=272 time=4.617187e-01 dt=2.343750e-03
elapsed=4.956726e+01 cycle=273 time=4.640625e-01 dt=2.343750e-03
elapsed=4.974257e+01 cycle=274 time=4.664062e-01 dt=2.343750e-03
elapsed=4.987778e+01 cycle=275 time=4.687500e-01 dt=2.343750e-03
elapsed=5.001791e+01 cycle=276 time=4.710937e-01 dt=2.343750e-03
elapsed=5.020146e+01 cycle=277 time=4.734375e-01 dt=2.343750e-03
elapsed=5.035044e+01 cycle=278 time=4.757812e-01 dt=2.343750e-03
elapsed=5.048869e+01 cycle=279 time=4.781250e-01 dt=2.343750e-03
elapsed=5.069235e+01 cycle=280 time=4.804687e-01 dt=2.343750e-03
elapsed=5.082814e+01 cycle=281 time=4.828125e-01 dt=2.343750e-03
elapsed=5.096391e+01 cycle=282 time=4.851562e-01 dt=2.343750e-03
elapsed=5.117135e+01 cycle=283 time=4.875000e-01 dt=2.343750e-03
elapsed=5.131215e+01 cycle=284 time=4.898437e-01 dt=2.343750e-03
elapsed=5.144833e+01 cycle=285 time=4.921875e-01 dt=2.343750e-03
elapsed=5.162183e+01 cycle=286 time=4.945312e-01 dt=2.343750e-03
elapsed=5.175548e+01 cycle=287 time=4.968750e-01 dt=2.343750e-03
elapsed=5.189719e+01 cycle=288 time=4.992187e-01 dt=2.343750e-03
elapsed=5.209008e+01 cycle=289 time=5.015625e-01 dt=2.343750e-03
elapsed=5.222507e+01 cycle=290 time=5.039062e-01 dt=2.343750e-03
elapsed=5.238317e+01 cycle=291 time=5.062500e-01 dt=2.343750e-03
elapsed=5.254727e+01 cycle=292 time=5.085937e-01 dt=2.343750e-03
elapsed=5.268399e+01 cycle=293 time=5.109375e-01 dt=2.343750e-03
elapsed=5.284319e+01 cycle=294 time=5.132812e-01 dt=2.343750e-03
elapsed=5.300411e+01 cycle=295 time=5.156250e-01 dt=2.343750e-03
elapsed=5.314365e+01 cycle=296 time=5.179687e-01 dt=2.343750e-03
elapsed=5.329530e+01 cycle=297 time=5.203125e-01 dt=2.343750e-03
elapsed=5.345156e+01 cycle=298 time=5.226562e-01 dt=2.343750e-03
elapsed=5.358552e+01 cycle=299 time=5.250000e-01 dt=2.343750e-03
elapsed=5.374443e+01 cycle=300 time=5.273437e-01 dt=2.343750e-03
elapsed=5.390372e+01 cycle=301 time=5.296875e-01 dt=2.343750e-03
elapsed=5.403759e+01 cycle=302 time=5.320312e-01 dt=2.343750e-03
elapsed=5.418969e+01 cycle=303 time=5.343750e-01 dt=2.343750e-03
elapsed=5.435146e+01 cycle=304 time=5.367187e-01 dt=2.343750e-03
elapsed=5.448662e+01 cycle=305 time=5.390625e-01 dt=2.343750e-03
elapsed=5.464669e+01 cycle=306 time=5.414062e-01 dt=2.343750e-03
elapsed=5.481063e+01 cycle=307 time=5.437500e-01 dt=2.343750e-03
elapsed=5.495168e+01 cycle=308 time=5.460937e-01 dt=2.343750e-03
elapsed=5.514343e+01 cycle=309 time=5.484375e-01 dt=2.343750e-03
elapsed=5.528050e+01 cycle=310 time=5.507812e-01 dt=2.343750e-03
elapsed=5.541474e+01 cycle=311 time=5.531250e-01 dt=2.343750e-03
CARTOON_AMR_TRANSACTION cycle=312 requested_refine=2 requested_derefine_leaves=0 accepted_derefine_parents=0 created_leaves=6 deleted_leaves=0 mirror_mismatches=0
AMR_Z4C_CHI_PROLONGATION cycle=312 transfer=high_order local_fallback_groups=0 global_fallback_groups=0 global_high_order_groups=8192
AMR_HISTORY_REPLAY event=6 time_hex=0x1.1c66666666666p-1 requested_leaves=80 accepted_leaves=80 max_level=5 checksum=7455ea9fffa95e39 exact_match=true shadow_refine=0 shadow_derefine=40
elapsed=5.561834e+01 cycle=312 time=5.554687e-01 dt=2.343750e-03
elapsed=5.576663e+01 cycle=313 time=5.578125e-01 dt=2.343750e-03
elapsed=5.591506e+01 cycle=314 time=5.601562e-01 dt=2.343750e-03
elapsed=5.611170e+01 cycle=315 time=5.625000e-01 dt=2.343750e-03
elapsed=5.626507e+01 cycle=316 time=5.648437e-01 dt=2.343750e-03
elapsed=5.646552e+01 cycle=317 time=5.671875e-01 dt=2.343750e-03
elapsed=5.663914e+01 cycle=318 time=5.695312e-01 dt=2.343750e-03
elapsed=5.678677e+01 cycle=319 time=5.718750e-01 dt=2.343750e-03
elapsed=5.699700e+01 cycle=320 time=5.742187e-01 dt=2.343750e-03
elapsed=5.714566e+01 cycle=321 time=5.765625e-01 dt=2.343750e-03
elapsed=5.729614e+01 cycle=322 time=5.789062e-01 dt=2.343750e-03
elapsed=5.747918e+01 cycle=323 time=5.812500e-01 dt=2.343750e-03
elapsed=5.763279e+01 cycle=324 time=5.835937e-01 dt=2.343750e-03
elapsed=5.780203e+01 cycle=325 time=5.859375e-01 dt=2.343750e-03
elapsed=5.796991e+01 cycle=326 time=5.882812e-01 dt=2.343750e-03
elapsed=5.811722e+01 cycle=327 time=5.906250e-01 dt=2.343750e-03
elapsed=5.835487e+01 cycle=328 time=5.929687e-01 dt=2.343750e-03
elapsed=5.850786e+01 cycle=329 time=5.953125e-01 dt=2.343750e-03
elapsed=5.869641e+01 cycle=330 time=5.976562e-01 dt=2.343750e-03
elapsed=5.884414e+01 cycle=331 time=6.000000e-01 dt=2.343750e-03
elapsed=5.906257e+01 cycle=332 time=6.023437e-01 dt=2.343750e-03
elapsed=5.921281e+01 cycle=333 time=6.046875e-01 dt=2.343750e-03
elapsed=5.937581e+01 cycle=334 time=6.070312e-01 dt=2.343750e-03
elapsed=5.954493e+01 cycle=335 time=6.093750e-01 dt=2.343750e-03
elapsed=5.969812e+01 cycle=336 time=6.117187e-01 dt=2.343750e-03
elapsed=5.990173e+01 cycle=337 time=6.140625e-01 dt=2.343750e-03
elapsed=6.004900e+01 cycle=338 time=6.164062e-01 dt=2.343750e-03
elapsed=6.019892e+01 cycle=339 time=6.187500e-01 dt=2.343750e-03
elapsed=6.038979e+01 cycle=340 time=6.210937e-01 dt=2.343750e-03
elapsed=6.053737e+01 cycle=341 time=6.234375e-01 dt=2.343750e-03
elapsed=6.070080e+01 cycle=342 time=6.257812e-01 dt=2.343750e-03
elapsed=6.087080e+01 cycle=343 time=6.281250e-01 dt=2.343750e-03
elapsed=6.102449e+01 cycle=344 time=6.304687e-01 dt=2.343750e-03
elapsed=6.123523e+01 cycle=345 time=6.328125e-01 dt=2.343750e-03
elapsed=6.138269e+01 cycle=346 time=6.351562e-01 dt=2.343750e-03
elapsed=6.153230e+01 cycle=347 time=6.375000e-01 dt=2.343750e-03
elapsed=6.174287e+01 cycle=348 time=6.398437e-01 dt=2.343750e-03
elapsed=6.189233e+01 cycle=349 time=6.421875e-01 dt=2.343750e-03
elapsed=6.208386e+01 cycle=350 time=6.445312e-01 dt=2.343750e-03
elapsed=6.224901e+01 cycle=351 time=6.468750e-01 dt=2.343750e-03
elapsed=6.240215e+01 cycle=352 time=6.492187e-01 dt=2.343750e-03
elapsed=6.259320e+01 cycle=353 time=6.515625e-01 dt=2.343750e-03
elapsed=6.274454e+01 cycle=354 time=6.539062e-01 dt=2.343750e-03
elapsed=6.289541e+01 cycle=355 time=6.562500e-01 dt=2.343750e-03
CARTOON_AMR_TRANSACTION cycle=356 requested_refine=0 requested_derefine_leaves=8 accepted_derefine_parents=2 created_leaves=0 deleted_leaves=6 mirror_mismatches=0
AMR_HISTORY_REPLAY event=7 time_hex=0x1.513333333332ap-1 requested_leaves=74 accepted_leaves=74 max_level=5 checksum=2db37c60ec3c806c exact_match=true shadow_refine=0 shadow_derefine=48
elapsed=6.309222e+01 cycle=356 time=6.585937e-01 dt=2.343750e-03
elapsed=6.322790e+01 cycle=357 time=6.609375e-01 dt=2.343750e-03
elapsed=6.338792e+01 cycle=358 time=6.632812e-01 dt=2.343750e-03
elapsed=6.354549e+01 cycle=359 time=6.656250e-01 dt=2.343750e-03
elapsed=6.368720e+01 cycle=360 time=6.679687e-01 dt=2.343750e-03
elapsed=6.384939e+01 cycle=361 time=6.703125e-01 dt=2.343750e-03
elapsed=6.401533e+01 cycle=362 time=6.726562e-01 dt=2.343750e-03
elapsed=6.415046e+01 cycle=363 time=6.750000e-01 dt=2.343750e-03
elapsed=6.431277e+01 cycle=364 time=6.773437e-01 dt=2.343750e-03
elapsed=6.447039e+01 cycle=365 time=6.796875e-01 dt=2.343750e-03
elapsed=6.460477e+01 cycle=366 time=6.820312e-01 dt=2.343750e-03
elapsed=6.479613e+01 cycle=367 time=6.843750e-01 dt=2.343750e-03
elapsed=6.494573e+01 cycle=368 time=6.867187e-01 dt=2.343750e-03
elapsed=6.508072e+01 cycle=369 time=6.890625e-01 dt=2.343750e-03
elapsed=6.525754e+01 cycle=370 time=6.914062e-01 dt=2.343750e-03
elapsed=6.539151e+01 cycle=371 time=6.937500e-01 dt=2.343750e-03
elapsed=6.553099e+01 cycle=372 time=6.960937e-01 dt=2.343750e-03
elapsed=6.573003e+01 cycle=373 time=6.984375e-01 dt=2.343750e-03
elapsed=6.586459e+01 cycle=374 time=7.007812e-01 dt=2.343750e-03
elapsed=6.599905e+01 cycle=375 time=7.031250e-01 dt=2.343750e-03
elapsed=6.619219e+01 cycle=376 time=7.054687e-01 dt=2.343750e-03
elapsed=6.632887e+01 cycle=377 time=7.078125e-01 dt=2.343750e-03
elapsed=6.647539e+01 cycle=378 time=7.101562e-01 dt=2.343750e-03
elapsed=6.667006e+01 cycle=379 time=7.125000e-01 dt=2.343750e-03
elapsed=6.681091e+01 cycle=380 time=7.148437e-01 dt=2.343750e-03
elapsed=6.694813e+01 cycle=381 time=7.171875e-01 dt=2.343750e-03
elapsed=6.711600e+01 cycle=382 time=7.195312e-01 dt=2.343750e-03
elapsed=6.725027e+01 cycle=383 time=7.218750e-01 dt=2.343750e-03
elapsed=6.739251e+01 cycle=384 time=7.242187e-01 dt=2.343750e-03
elapsed=6.757248e+01 cycle=385 time=7.265625e-01 dt=2.343750e-03
elapsed=6.770621e+01 cycle=386 time=7.289062e-01 dt=2.343750e-03
elapsed=6.784693e+01 cycle=387 time=7.312500e-01 dt=2.343750e-03
elapsed=6.802477e+01 cycle=388 time=7.335937e-01 dt=2.343750e-03
elapsed=6.815919e+01 cycle=389 time=7.359375e-01 dt=2.343750e-03
elapsed=6.831142e+01 cycle=390 time=7.382812e-01 dt=2.343750e-03
elapsed=6.849860e+01 cycle=391 time=7.406250e-01 dt=2.343750e-03
elapsed=6.865140e+01 cycle=392 time=7.429687e-01 dt=2.343750e-03
elapsed=6.881679e+01 cycle=393 time=7.453125e-01 dt=2.343750e-03
elapsed=6.895391e+01 cycle=394 time=7.476562e-01 dt=2.343750e-03
elapsed=6.915428e+01 cycle=395 time=7.500000e-01 dt=2.343750e-03
elapsed=6.929489e+01 cycle=396 time=7.523437e-01 dt=2.343750e-03
elapsed=6.943000e+01 cycle=397 time=7.546875e-01 dt=2.343750e-03
elapsed=6.961453e+01 cycle=398 time=7.570312e-01 dt=2.343750e-03
elapsed=6.974880e+01 cycle=399 time=7.593750e-01 dt=2.343750e-03
elapsed=6.994264e+01 cycle=400 time=7.617187e-01 dt=2.343750e-03
elapsed=7.011434e+01 cycle=401 time=7.640625e-01 dt=2.343750e-03
elapsed=7.024850e+01 cycle=402 time=7.664062e-01 dt=2.343750e-03
elapsed=7.041518e+01 cycle=403 time=7.687500e-01 dt=2.343750e-03
elapsed=7.057743e+01 cycle=404 time=7.710937e-01 dt=2.343750e-03
elapsed=7.071150e+01 cycle=405 time=7.734375e-01 dt=2.343750e-03
elapsed=7.090747e+01 cycle=406 time=7.757812e-01 dt=2.343750e-03
elapsed=7.104322e+01 cycle=407 time=7.781250e-01 dt=2.343750e-03
elapsed=7.118603e+01 cycle=408 time=7.804687e-01 dt=2.343750e-03
elapsed=7.137582e+01 cycle=409 time=7.828125e-01 dt=2.343750e-03
elapsed=7.151008e+01 cycle=410 time=7.851562e-01 dt=2.343750e-03
elapsed=7.164611e+01 cycle=411 time=7.875000e-01 dt=2.343750e-03
elapsed=7.184534e+01 cycle=412 time=7.898437e-01 dt=2.343750e-03
elapsed=7.198222e+01 cycle=413 time=7.921875e-01 dt=2.343750e-03
elapsed=7.211633e+01 cycle=414 time=7.945312e-01 dt=2.343750e-03
elapsed=7.229679e+01 cycle=415 time=7.968750e-01 dt=2.343750e-03
elapsed=7.243668e+01 cycle=416 time=7.992187e-01 dt=2.343750e-03
elapsed=7.257380e+01 cycle=417 time=8.015625e-01 dt=2.343750e-03
elapsed=7.277436e+01 cycle=418 time=8.039062e-01 dt=2.343750e-03
elapsed=7.290966e+01 cycle=419 time=8.062500e-01 dt=2.343750e-03
elapsed=7.305642e+01 cycle=420 time=8.085937e-01 dt=2.343750e-03
elapsed=7.322582e+01 cycle=421 time=8.109375e-01 dt=2.343750e-03
elapsed=7.335976e+01 cycle=422 time=8.132812e-01 dt=2.343750e-03
elapsed=7.351142e+01 cycle=423 time=8.156250e-01 dt=2.343750e-03
elapsed=7.369515e+01 cycle=424 time=8.179687e-01 dt=2.343750e-03
elapsed=7.383096e+01 cycle=425 time=8.203125e-01 dt=2.343750e-03
elapsed=7.398051e+01 cycle=426 time=8.226562e-01 dt=2.343750e-03
elapsed=7.413579e+01 cycle=427 time=8.250000e-01 dt=2.343750e-03
elapsed=7.427697e+01 cycle=428 time=8.273437e-01 dt=2.343750e-03
elapsed=7.444833e+01 cycle=429 time=8.296875e-01 dt=2.343750e-03
elapsed=7.460318e+01 cycle=430 time=8.320312e-01 dt=2.343750e-03
elapsed=7.473729e+01 cycle=431 time=8.343750e-01 dt=2.343750e-03
elapsed=7.491887e+01 cycle=432 time=8.367187e-01 dt=2.343750e-03
elapsed=7.505451e+01 cycle=433 time=8.390625e-01 dt=2.343750e-03
elapsed=7.518957e+01 cycle=434 time=8.414062e-01 dt=2.343750e-03
elapsed=7.537165e+01 cycle=435 time=8.437500e-01 dt=2.343750e-03
elapsed=7.551351e+01 cycle=436 time=8.460937e-01 dt=2.343750e-03
elapsed=7.564902e+01 cycle=437 time=8.484375e-01 dt=2.343750e-03
elapsed=7.584134e+01 cycle=438 time=8.507812e-01 dt=2.343750e-03
elapsed=7.597625e+01 cycle=439 time=8.531250e-01 dt=2.343750e-03
elapsed=7.611654e+01 cycle=440 time=8.554687e-01 dt=2.343750e-03
elapsed=7.629463e+01 cycle=441 time=8.578125e-01 dt=2.343750e-03
elapsed=7.643542e+01 cycle=442 time=8.601562e-01 dt=2.343750e-03
elapsed=7.657060e+01 cycle=443 time=8.625000e-01 dt=2.343750e-03
elapsed=7.677174e+01 cycle=444 time=8.648437e-01 dt=2.343750e-03
elapsed=7.690765e+01 cycle=445 time=8.671875e-01 dt=2.343750e-03
elapsed=7.705013e+01 cycle=446 time=8.695312e-01 dt=2.343750e-03
elapsed=7.722283e+01 cycle=447 time=8.718750e-01 dt=2.343750e-03
elapsed=7.736325e+01 cycle=448 time=8.742187e-01 dt=2.343750e-03
elapsed=7.749994e+01 cycle=449 time=8.765625e-01 dt=2.343750e-03
elapsed=7.767863e+01 cycle=450 time=8.789062e-01 dt=2.343750e-03
elapsed=7.781376e+01 cycle=451 time=8.812500e-01 dt=2.343750e-03
elapsed=7.795712e+01 cycle=452 time=8.835937e-01 dt=2.343750e-03
elapsed=7.812583e+01 cycle=453 time=8.859375e-01 dt=2.343750e-03
elapsed=7.826868e+01 cycle=454 time=8.882812e-01 dt=2.343750e-03
elapsed=7.841356e+01 cycle=455 time=8.906250e-01 dt=2.343750e-03
elapsed=7.860772e+01 cycle=456 time=8.929687e-01 dt=2.343750e-03
elapsed=7.875914e+01 cycle=457 time=8.953125e-01 dt=2.343750e-03
elapsed=7.892690e+01 cycle=458 time=8.976562e-01 dt=2.343750e-03
elapsed=7.906138e+01 cycle=459 time=9.000000e-01 dt=2.343750e-03
elapsed=7.921906e+01 cycle=460 time=9.023437e-01 dt=2.343750e-03
elapsed=7.938081e+01 cycle=461 time=9.046875e-01 dt=2.343750e-03
elapsed=7.951495e+01 cycle=462 time=9.070312e-01 dt=2.343750e-03
elapsed=7.966474e+01 cycle=463 time=9.093750e-01 dt=2.343750e-03
elapsed=7.982862e+01 cycle=464 time=9.117187e-01 dt=2.343750e-03
elapsed=7.996295e+01 cycle=465 time=9.140625e-01 dt=2.343750e-03
elapsed=8.011445e+01 cycle=466 time=9.164062e-01 dt=2.343750e-03
elapsed=8.027045e+01 cycle=467 time=9.187500e-01 dt=2.343750e-03
elapsed=8.041047e+01 cycle=468 time=9.210937e-01 dt=2.343750e-03
elapsed=8.056525e+01 cycle=469 time=9.234375e-01 dt=2.343750e-03
elapsed=8.072183e+01 cycle=470 time=9.257812e-01 dt=2.343750e-03
elapsed=8.085744e+01 cycle=471 time=9.281250e-01 dt=2.343750e-03
elapsed=8.101925e+01 cycle=472 time=9.304687e-01 dt=2.343750e-03
elapsed=8.117714e+01 cycle=473 time=9.328125e-01 dt=2.343750e-03
elapsed=8.131427e+01 cycle=474 time=9.351562e-01 dt=2.343750e-03
elapsed=8.150372e+01 cycle=475 time=9.375000e-01 dt=2.343750e-03
elapsed=8.165419e+01 cycle=476 time=9.398437e-01 dt=2.343750e-03
elapsed=8.178897e+01 cycle=477 time=9.421875e-01 dt=2.343750e-03
elapsed=8.197237e+01 cycle=478 time=9.445312e-01 dt=2.343750e-03
elapsed=8.210730e+01 cycle=479 time=9.468750e-01 dt=2.343750e-03
elapsed=8.224838e+01 cycle=480 time=9.492187e-01 dt=2.343750e-03
elapsed=8.244236e+01 cycle=481 time=9.515625e-01 dt=2.343750e-03
elapsed=8.257665e+01 cycle=482 time=9.539062e-01 dt=2.343750e-03
elapsed=8.271287e+01 cycle=483 time=9.562500e-01 dt=2.343750e-03
elapsed=8.289175e+01 cycle=484 time=9.585937e-01 dt=2.343750e-03
elapsed=8.302666e+01 cycle=485 time=9.609375e-01 dt=2.343750e-03
elapsed=8.316149e+01 cycle=486 time=9.632812e-01 dt=2.343750e-03
elapsed=8.335882e+01 cycle=487 time=9.656250e-01 dt=2.343750e-03
elapsed=8.349835e+01 cycle=488 time=9.679687e-01 dt=2.343750e-03
elapsed=8.365302e+01 cycle=489 time=9.703125e-01 dt=2.343750e-03
elapsed=8.381772e+01 cycle=490 time=9.726562e-01 dt=2.343750e-03
elapsed=8.395183e+01 cycle=491 time=9.750000e-01 dt=2.343750e-03
elapsed=8.411062e+01 cycle=492 time=9.773437e-01 dt=2.343750e-03
elapsed=8.427163e+01 cycle=493 time=9.796875e-01 dt=2.343750e-03
elapsed=8.440630e+01 cycle=494 time=9.820312e-01 dt=2.343750e-03
elapsed=8.456533e+01 cycle=495 time=9.843750e-01 dt=2.343750e-03
elapsed=8.472967e+01 cycle=496 time=9.867187e-01 dt=2.343750e-03
elapsed=8.486551e+01 cycle=497 time=9.890625e-01 dt=2.343750e-03
elapsed=8.504826e+01 cycle=498 time=9.914062e-01 dt=2.343750e-03
elapsed=8.518876e+01 cycle=499 time=9.937500e-01 dt=2.343750e-03
elapsed=8.533044e+01 cycle=500 time=9.960937e-01 dt=2.343750e-03
elapsed=8.553354e+01 cycle=501 time=9.984375e-01 dt=2.343750e-03
elapsed=8.566739e+01 cycle=502 time=1.000781e+00 dt=2.343750e-03
elapsed=8.580169e+01 cycle=503 time=1.003125e+00 dt=2.343750e-03
elapsed=8.599160e+01 cycle=504 time=1.005469e+00 dt=2.343750e-03
elapsed=8.612773e+01 cycle=505 time=1.007812e+00 dt=2.343750e-03
elapsed=8.626279e+01 cycle=506 time=1.010156e+00 dt=2.343750e-03
elapsed=8.648341e+01 cycle=507 time=1.012500e+00 dt=2.343750e-03
elapsed=8.662371e+01 cycle=508 time=1.014844e+00 dt=2.343750e-03
elapsed=8.676034e+01 cycle=509 time=1.017187e+00 dt=2.343750e-03
elapsed=8.693286e+01 cycle=510 time=1.019531e+00 dt=2.343750e-03
elapsed=8.706665e+01 cycle=511 time=1.021875e+00 dt=2.343750e-03
elapsed=8.758217e+01 cycle=512 time=1.024219e+00 dt=2.343750e-03
elapsed=8.775676e+01 cycle=513 time=1.026562e+00 dt=2.343750e-03
elapsed=8.789671e+01 cycle=514 time=1.028906e+00 dt=2.343750e-03
elapsed=8.803527e+01 cycle=515 time=1.031250e+00 dt=2.343750e-03
elapsed=8.824848e+01 cycle=516 time=1.033594e+00 dt=2.343750e-03
elapsed=8.838565e+01 cycle=517 time=1.035937e+00 dt=2.343750e-03
elapsed=8.852368e+01 cycle=518 time=1.038281e+00 dt=2.343750e-03
elapsed=8.871221e+01 cycle=519 time=1.040625e+00 dt=2.343750e-03
elapsed=8.885980e+01 cycle=520 time=1.042969e+00 dt=2.343750e-03
elapsed=8.905348e+01 cycle=521 time=1.045312e+00 dt=2.343750e-03
elapsed=8.920176e+01 cycle=522 time=1.047656e+00 dt=2.343750e-03
elapsed=8.935408e+01 cycle=523 time=1.050000e+00 dt=2.343750e-03
elapsed=8.952098e+01 cycle=524 time=1.052344e+00 dt=2.343750e-03
elapsed=8.965625e+01 cycle=525 time=1.054687e+00 dt=2.343750e-03
elapsed=8.981302e+01 cycle=526 time=1.057031e+00 dt=2.343750e-03
elapsed=8.997493e+01 cycle=527 time=1.059375e+00 dt=2.343750e-03
elapsed=9.011499e+01 cycle=528 time=1.061719e+00 dt=2.343750e-03
elapsed=9.030214e+01 cycle=529 time=1.064062e+00 dt=2.343750e-03
elapsed=9.044114e+01 cycle=530 time=1.066406e+00 dt=2.343750e-03
elapsed=9.057576e+01 cycle=531 time=1.068750e+00 dt=2.343750e-03
elapsed=9.075685e+01 cycle=532 time=1.071094e+00 dt=2.343750e-03
elapsed=9.089221e+01 cycle=533 time=1.073437e+00 dt=2.343750e-03
elapsed=9.102638e+01 cycle=534 time=1.075781e+00 dt=2.343750e-03
elapsed=9.122923e+01 cycle=535 time=1.078125e+00 dt=2.343750e-03
elapsed=9.136993e+01 cycle=536 time=1.080469e+00 dt=2.343750e-03
elapsed=9.150455e+01 cycle=537 time=1.082812e+00 dt=2.343750e-03
elapsed=9.169039e+01 cycle=538 time=1.085156e+00 dt=2.343750e-03
elapsed=9.182643e+01 cycle=539 time=1.087500e+00 dt=2.343750e-03
elapsed=9.196658e+01 cycle=540 time=1.089844e+00 dt=2.343750e-03
elapsed=9.217320e+01 cycle=541 time=1.092187e+00 dt=2.343750e-03
elapsed=9.230834e+01 cycle=542 time=1.094531e+00 dt=2.343750e-03
elapsed=9.244923e+01 cycle=543 time=1.096875e+00 dt=2.343750e-03
elapsed=9.262797e+01 cycle=544 time=1.099219e+00 dt=2.343750e-03
elapsed=9.276294e+01 cycle=545 time=1.101562e+00 dt=2.343750e-03
elapsed=9.290456e+01 cycle=546 time=1.103906e+00 dt=2.343750e-03
elapsed=9.310379e+01 cycle=547 time=1.106250e+00 dt=2.343750e-03
elapsed=9.324477e+01 cycle=548 time=1.108594e+00 dt=2.343750e-03
elapsed=9.340072e+01 cycle=549 time=1.110937e+00 dt=2.343750e-03
elapsed=9.355918e+01 cycle=550 time=1.113281e+00 dt=2.343750e-03
elapsed=9.369647e+01 cycle=551 time=1.115625e+00 dt=2.343750e-03
elapsed=9.388018e+01 cycle=552 time=1.117969e+00 dt=2.343750e-03
elapsed=9.401536e+01 cycle=553 time=1.120312e+00 dt=2.343750e-03
elapsed=9.415075e+01 cycle=554 time=1.122656e+00 dt=2.343750e-03
elapsed=9.435113e+01 cycle=555 time=1.125000e+00 dt=2.343750e-03
elapsed=9.449242e+01 cycle=556 time=1.127344e+00 dt=2.343750e-03
elapsed=9.462837e+01 cycle=557 time=1.129687e+00 dt=2.343750e-03
elapsed=9.480014e+01 cycle=558 time=1.132031e+00 dt=2.343750e-03
elapsed=9.493637e+01 cycle=559 time=1.134375e+00 dt=2.343750e-03
elapsed=9.508472e+01 cycle=560 time=1.136719e+00 dt=2.343750e-03
elapsed=9.528055e+01 cycle=561 time=1.139062e+00 dt=2.343750e-03
elapsed=9.541606e+01 cycle=562 time=1.141406e+00 dt=2.343750e-03
elapsed=9.556622e+01 cycle=563 time=1.143750e+00 dt=2.343750e-03
elapsed=9.573320e+01 cycle=564 time=1.146094e+00 dt=2.343750e-03
elapsed=9.586914e+01 cycle=565 time=1.148437e+00 dt=2.343750e-03
elapsed=9.602794e+01 cycle=566 time=1.150781e+00 dt=2.343750e-03
elapsed=9.618526e+01 cycle=567 time=1.153125e+00 dt=2.343750e-03
elapsed=9.632613e+01 cycle=568 time=1.155469e+00 dt=2.343750e-03
elapsed=9.653556e+01 cycle=569 time=1.157812e+00 dt=2.343750e-03
elapsed=9.667143e+01 cycle=570 time=1.160156e+00 dt=2.343750e-03
elapsed=9.680658e+01 cycle=571 time=1.162500e+00 dt=2.343750e-03
elapsed=9.699677e+01 cycle=572 time=1.164844e+00 dt=2.343750e-03
elapsed=9.713174e+01 cycle=573 time=1.167187e+00 dt=2.343750e-03
elapsed=9.726769e+01 cycle=574 time=1.169531e+00 dt=2.343750e-03
elapsed=9.744038e+01 cycle=575 time=1.171875e+00 dt=2.343750e-03
elapsed=9.758044e+01 cycle=576 time=1.174219e+00 dt=2.343750e-03
elapsed=9.771529e+01 cycle=577 time=1.176562e+00 dt=2.343750e-03
elapsed=9.791838e+01 cycle=578 time=1.178906e+00 dt=2.343750e-03
elapsed=9.805298e+01 cycle=579 time=1.181250e+00 dt=2.343750e-03
elapsed=9.819350e+01 cycle=580 time=1.183594e+00 dt=2.343750e-03
elapsed=9.838667e+01 cycle=581 time=1.185937e+00 dt=2.343750e-03
elapsed=9.852128e+01 cycle=582 time=1.188281e+00 dt=2.343750e-03
elapsed=9.865556e+01 cycle=583 time=1.190625e+00 dt=2.343750e-03
elapsed=9.885266e+01 cycle=584 time=1.192969e+00 dt=2.343750e-03
elapsed=9.899023e+01 cycle=585 time=1.195312e+00 dt=2.343750e-03
elapsed=9.918400e+01 cycle=586 time=1.197656e+00 dt=2.343750e-03
elapsed=9.931988e+01 cycle=587 time=1.200000e+00 dt=2.343750e-03
elapsed=9.952231e+01 cycle=588 time=1.202344e+00 dt=2.343750e-03
elapsed=9.966038e+01 cycle=589 time=1.204687e+00 dt=2.343750e-03
elapsed=9.979504e+01 cycle=590 time=1.207031e+00 dt=2.343750e-03
elapsed=1.000097e+02 cycle=591 time=1.209375e+00 dt=2.343750e-03
elapsed=1.001505e+02 cycle=592 time=1.211719e+00 dt=2.343750e-03
elapsed=1.002881e+02 cycle=593 time=1.214063e+00 dt=2.343750e-03
elapsed=1.004756e+02 cycle=594 time=1.216406e+00 dt=2.343750e-03
elapsed=1.006148e+02 cycle=595 time=1.218750e+00 dt=2.343750e-03
elapsed=1.007603e+02 cycle=596 time=1.221094e+00 dt=2.343750e-03
elapsed=1.009459e+02 cycle=597 time=1.223438e+00 dt=2.343750e-03
elapsed=1.010804e+02 cycle=598 time=1.225781e+00 dt=2.343750e-03
elapsed=1.012312e+02 cycle=599 time=1.228125e+00 dt=2.343750e-03
elapsed=1.014119e+02 cycle=600 time=1.230469e+00 dt=2.343750e-03
elapsed=1.015470e+02 cycle=601 time=1.232813e+00 dt=2.343750e-03
elapsed=1.016996e+02 cycle=602 time=1.235156e+00 dt=2.343750e-03
elapsed=1.018691e+02 cycle=603 time=1.237500e+00 dt=2.343750e-03
elapsed=1.020097e+02 cycle=604 time=1.239844e+00 dt=2.343750e-03
elapsed=1.022007e+02 cycle=605 time=1.242188e+00 dt=2.343750e-03
elapsed=1.023422e+02 cycle=606 time=1.244531e+00 dt=2.343750e-03
elapsed=1.024766e+02 cycle=607 time=1.246875e+00 dt=2.343750e-03
elapsed=1.026524e+02 cycle=608 time=1.249219e+00 dt=2.343750e-03
elapsed=1.027875e+02 cycle=609 time=1.251563e+00 dt=2.343750e-03
elapsed=1.029228e+02 cycle=610 time=1.253906e+00 dt=2.343750e-03
elapsed=1.031101e+02 cycle=611 time=1.256250e+00 dt=2.343750e-03
elapsed=1.032515e+02 cycle=612 time=1.258594e+00 dt=2.343750e-03
elapsed=1.033869e+02 cycle=613 time=1.260938e+00 dt=2.343750e-03
elapsed=1.035737e+02 cycle=614 time=1.263281e+00 dt=2.343750e-03
elapsed=1.037087e+02 cycle=615 time=1.265625e+00 dt=2.343750e-03
elapsed=1.038569e+02 cycle=616 time=1.267969e+00 dt=2.343750e-03
elapsed=1.040275e+02 cycle=617 time=1.270313e+00 dt=2.343750e-03
elapsed=1.041623e+02 cycle=618 time=1.272656e+00 dt=2.343750e-03
elapsed=1.042992e+02 cycle=619 time=1.275000e+00 dt=2.343750e-03
elapsed=1.044872e+02 cycle=620 time=1.277344e+00 dt=2.343750e-03
elapsed=1.046219e+02 cycle=621 time=1.279688e+00 dt=2.343750e-03
elapsed=1.047587e+02 cycle=622 time=1.282031e+00 dt=2.343750e-03
elapsed=1.049264e+02 cycle=623 time=1.284375e+00 dt=2.343750e-03
elapsed=1.050677e+02 cycle=624 time=1.286719e+00 dt=2.343750e-03
elapsed=1.052053e+02 cycle=625 time=1.289063e+00 dt=2.343750e-03
elapsed=1.053984e+02 cycle=626 time=1.291406e+00 dt=2.343750e-03
elapsed=1.055350e+02 cycle=627 time=1.293750e+00 dt=2.343750e-03
elapsed=1.057008e+02 cycle=628 time=1.296094e+00 dt=2.343750e-03
elapsed=1.058600e+02 cycle=629 time=1.298438e+00 dt=2.343750e-03
elapsed=1.059959e+02 cycle=630 time=1.300781e+00 dt=2.343750e-03
elapsed=1.061592e+02 cycle=631 time=1.303125e+00 dt=2.343750e-03
elapsed=1.063285e+02 cycle=632 time=1.305469e+00 dt=2.343750e-03
elapsed=1.064739e+02 cycle=633 time=1.307813e+00 dt=2.343750e-03
elapsed=1.066540e+02 cycle=634 time=1.310156e+00 dt=2.343750e-03
elapsed=1.067904e+02 cycle=635 time=1.312500e+00 dt=2.343750e-03
elapsed=1.069314e+02 cycle=636 time=1.314844e+00 dt=2.343750e-03
elapsed=1.071204e+02 cycle=637 time=1.317188e+00 dt=2.343750e-03
elapsed=1.072562e+02 cycle=638 time=1.319531e+00 dt=2.343750e-03
elapsed=1.073910e+02 cycle=639 time=1.321875e+00 dt=2.343750e-03
elapsed=1.075786e+02 cycle=640 time=1.324219e+00 dt=2.343750e-03
elapsed=1.077136e+02 cycle=641 time=1.326563e+00 dt=2.343750e-03
elapsed=1.078536e+02 cycle=642 time=1.328906e+00 dt=2.343750e-03
elapsed=1.080481e+02 cycle=643 time=1.331250e+00 dt=2.343750e-03
elapsed=1.081894e+02 cycle=644 time=1.333594e+00 dt=2.343750e-03
elapsed=1.083379e+02 cycle=645 time=1.335938e+00 dt=2.343750e-03
elapsed=1.085241e+02 cycle=646 time=1.338281e+00 dt=2.343750e-03
elapsed=1.086665e+02 cycle=647 time=1.340625e+00 dt=2.343750e-03
elapsed=1.088148e+02 cycle=648 time=1.342969e+00 dt=2.343750e-03
elapsed=1.090022e+02 cycle=649 time=1.345313e+00 dt=2.343750e-03
elapsed=1.091603e+02 cycle=650 time=1.347656e+00 dt=2.343750e-03
elapsed=1.093237e+02 cycle=651 time=1.350000e+00 dt=2.343750e-03
elapsed=1.094668e+02 cycle=652 time=1.352344e+00 dt=2.343750e-03
elapsed=1.096553e+02 cycle=653 time=1.354688e+00 dt=2.343750e-03
elapsed=1.097903e+02 cycle=654 time=1.357031e+00 dt=2.343750e-03
elapsed=1.099274e+02 cycle=655 time=1.359375e+00 dt=2.343750e-03
elapsed=1.101084e+02 cycle=656 time=1.361719e+00 dt=2.343750e-03
elapsed=1.102466e+02 cycle=657 time=1.364063e+00 dt=2.343750e-03
elapsed=1.103855e+02 cycle=658 time=1.366406e+00 dt=2.343750e-03
elapsed=1.105725e+02 cycle=659 time=1.368750e+00 dt=2.343750e-03
elapsed=1.107131e+02 cycle=660 time=1.371094e+00 dt=2.343750e-03
elapsed=1.108706e+02 cycle=661 time=1.373438e+00 dt=2.343750e-03
elapsed=1.110303e+02 cycle=662 time=1.375781e+00 dt=2.343750e-03
elapsed=1.111657e+02 cycle=663 time=1.378125e+00 dt=2.343750e-03
elapsed=1.113221e+02 cycle=664 time=1.380469e+00 dt=2.343750e-03
elapsed=1.114762e+02 cycle=665 time=1.382813e+00 dt=2.343750e-03
elapsed=1.116111e+02 cycle=666 time=1.385156e+00 dt=2.343750e-03
elapsed=1.117727e+02 cycle=667 time=1.387500e+00 dt=2.343750e-03
elapsed=1.119447e+02 cycle=668 time=1.389844e+00 dt=2.343750e-03
elapsed=1.120807e+02 cycle=669 time=1.392188e+00 dt=2.343750e-03
elapsed=1.122624e+02 cycle=670 time=1.394531e+00 dt=2.343750e-03
elapsed=1.123972e+02 cycle=671 time=1.396875e+00 dt=2.343750e-03
elapsed=1.125379e+02 cycle=672 time=1.399219e+00 dt=2.343750e-03
elapsed=1.127257e+02 cycle=673 time=1.401563e+00 dt=2.343750e-03
elapsed=1.128619e+02 cycle=674 time=1.403906e+00 dt=2.343750e-03
elapsed=1.129964e+02 cycle=675 time=1.406250e+00 dt=2.343750e-03
elapsed=1.131963e+02 cycle=676 time=1.408594e+00 dt=2.343750e-03
elapsed=1.133313e+02 cycle=677 time=1.410938e+00 dt=2.343750e-03
elapsed=1.134661e+02 cycle=678 time=1.413281e+00 dt=2.343750e-03
elapsed=1.136549e+02 cycle=679 time=1.415625e+00 dt=2.343750e-03
elapsed=1.137955e+02 cycle=680 time=1.417969e+00 dt=2.343750e-03
elapsed=1.139325e+02 cycle=681 time=1.420313e+00 dt=2.343750e-03
elapsed=1.141228e+02 cycle=682 time=1.422656e+00 dt=2.343750e-03
elapsed=1.142580e+02 cycle=683 time=1.425000e+00 dt=2.343750e-03
elapsed=1.144005e+02 cycle=684 time=1.427344e+00 dt=2.343750e-03
elapsed=1.145872e+02 cycle=685 time=1.429688e+00 dt=2.343750e-03
elapsed=1.147218e+02 cycle=686 time=1.432031e+00 dt=2.343750e-03
elapsed=1.148611e+02 cycle=687 time=1.434375e+00 dt=2.343750e-03
elapsed=1.150409e+02 cycle=688 time=1.436719e+00 dt=2.343750e-03
elapsed=1.151762e+02 cycle=689 time=1.439063e+00 dt=2.343750e-03
elapsed=1.153326e+02 cycle=690 time=1.441406e+00 dt=2.343750e-03
elapsed=1.155084e+02 cycle=691 time=1.443750e+00 dt=2.343750e-03
elapsed=1.156487e+02 cycle=692 time=1.446094e+00 dt=2.343750e-03
elapsed=1.157991e+02 cycle=693 time=1.448438e+00 dt=2.343750e-03
elapsed=1.159555e+02 cycle=694 time=1.450781e+00 dt=2.343750e-03
elapsed=1.160907e+02 cycle=695 time=1.453125e+00 dt=2.343750e-03
elapsed=1.162647e+02 cycle=696 time=1.455469e+00 dt=2.343750e-03
elapsed=1.164253e+02 cycle=697 time=1.457813e+00 dt=2.343750e-03
elapsed=1.165619e+02 cycle=698 time=1.460156e+00 dt=2.343750e-03
elapsed=1.167376e+02 cycle=699 time=1.462500e+00 dt=2.343750e-03
elapsed=1.168797e+02 cycle=700 time=1.464844e+00 dt=2.343750e-03
elapsed=1.170155e+02 cycle=701 time=1.467188e+00 dt=2.343750e-03
elapsed=1.172102e+02 cycle=702 time=1.469531e+00 dt=2.343750e-03
elapsed=1.173449e+02 cycle=703 time=1.471875e+00 dt=2.343750e-03
elapsed=1.174854e+02 cycle=704 time=1.474219e+00 dt=2.343750e-03
elapsed=1.176611e+02 cycle=705 time=1.476563e+00 dt=2.343750e-03
elapsed=1.177964e+02 cycle=706 time=1.478906e+00 dt=2.343750e-03
elapsed=1.179316e+02 cycle=707 time=1.481250e+00 dt=2.343750e-03
elapsed=1.181182e+02 cycle=708 time=1.483594e+00 dt=2.343750e-03
elapsed=1.182561e+02 cycle=709 time=1.485938e+00 dt=2.343750e-03
elapsed=1.183912e+02 cycle=710 time=1.488281e+00 dt=2.343750e-03
elapsed=1.185882e+02 cycle=711 time=1.490625e+00 dt=2.343750e-03
elapsed=1.187287e+02 cycle=712 time=1.492969e+00 dt=2.343750e-03
elapsed=1.188688e+02 cycle=713 time=1.495313e+00 dt=2.343750e-03
elapsed=1.190439e+02 cycle=714 time=1.497656e+00 dt=2.343750e-03
elapsed=1.192124e+02 cycle=715 time=1.500000e+00 dt=2.343750e-03
elapsed=1.194075e+02 cycle=716 time=1.502344e+00 dt=2.343750e-03
elapsed=1.195434e+02 cycle=717 time=1.504688e+00 dt=2.343750e-03
elapsed=1.197256e+02 cycle=718 time=1.507031e+00 dt=2.343750e-03
elapsed=1.198630e+02 cycle=719 time=1.509375e+00 dt=2.343750e-03
elapsed=1.200032e+02 cycle=720 time=1.511719e+00 dt=2.343750e-03
elapsed=1.201781e+02 cycle=721 time=1.514063e+00 dt=2.343750e-03
elapsed=1.203133e+02 cycle=722 time=1.516406e+00 dt=2.343750e-03
elapsed=1.204475e+02 cycle=723 time=1.518750e+00 dt=2.343750e-03
elapsed=1.206326e+02 cycle=724 time=1.521094e+00 dt=2.343750e-03
elapsed=1.207671e+02 cycle=725 time=1.523438e+00 dt=2.343750e-03
elapsed=1.209026e+02 cycle=726 time=1.525781e+00 dt=2.343750e-03
elapsed=1.210796e+02 cycle=727 time=1.528125e+00 dt=2.343750e-03
elapsed=1.212208e+02 cycle=728 time=1.530469e+00 dt=2.343750e-03
elapsed=1.213567e+02 cycle=729 time=1.532813e+00 dt=2.343750e-03
elapsed=1.215538e+02 cycle=730 time=1.535156e+00 dt=2.343750e-03
elapsed=1.216883e+02 cycle=731 time=1.537500e+00 dt=2.343750e-03
elapsed=1.218288e+02 cycle=732 time=1.539844e+00 dt=2.343750e-03
elapsed=1.220011e+02 cycle=733 time=1.542188e+00 dt=2.343750e-03
elapsed=1.221370e+02 cycle=734 time=1.544531e+00 dt=2.343750e-03
elapsed=1.222798e+02 cycle=735 time=1.546875e+00 dt=2.343750e-03
elapsed=1.224851e+02 cycle=736 time=1.549219e+00 dt=2.343750e-03
elapsed=1.226197e+02 cycle=737 time=1.551563e+00 dt=2.343750e-03
elapsed=1.227622e+02 cycle=738 time=1.553906e+00 dt=2.343750e-03
elapsed=1.229377e+02 cycle=739 time=1.556250e+00 dt=2.343750e-03
elapsed=1.230814e+02 cycle=740 time=1.558594e+00 dt=2.343750e-03
elapsed=1.232366e+02 cycle=741 time=1.560938e+00 dt=2.343750e-03
elapsed=1.234139e+02 cycle=742 time=1.563281e+00 dt=2.343750e-03
elapsed=1.235482e+02 cycle=743 time=1.565625e+00 dt=2.343750e-03
elapsed=1.237105e+02 cycle=744 time=1.567969e+00 dt=2.343750e-03
elapsed=1.238656e+02 cycle=745 time=1.570313e+00 dt=2.343750e-03
elapsed=1.240000e+02 cycle=746 time=1.572656e+00 dt=2.343750e-03
elapsed=1.241774e+02 cycle=747 time=1.575000e+00 dt=2.343750e-03
elapsed=1.243339e+02 cycle=748 time=1.577344e+00 dt=2.343750e-03
elapsed=1.244696e+02 cycle=749 time=1.579688e+00 dt=2.343750e-03
elapsed=1.246554e+02 cycle=750 time=1.582031e+00 dt=2.343750e-03
elapsed=1.247907e+02 cycle=751 time=1.584375e+00 dt=2.343750e-03
elapsed=1.249324e+02 cycle=752 time=1.586719e+00 dt=2.343750e-03
elapsed=1.251238e+02 cycle=753 time=1.589063e+00 dt=2.343750e-03
elapsed=1.252589e+02 cycle=754 time=1.591406e+00 dt=2.343750e-03
elapsed=1.253967e+02 cycle=755 time=1.593750e+00 dt=2.343750e-03
elapsed=1.255808e+02 cycle=756 time=1.596094e+00 dt=2.343750e-03
elapsed=1.257157e+02 cycle=757 time=1.598438e+00 dt=2.343750e-03
elapsed=1.258503e+02 cycle=758 time=1.600781e+00 dt=2.343750e-03
elapsed=1.260417e+02 cycle=759 time=1.603125e+00 dt=2.343750e-03
elapsed=1.261857e+02 cycle=760 time=1.605469e+00 dt=2.343750e-03
elapsed=1.263231e+02 cycle=761 time=1.607813e+00 dt=2.343750e-03
elapsed=1.265450e+02 cycle=762 time=1.610156e+00 dt=2.343750e-03
elapsed=1.266797e+02 cycle=763 time=1.612500e+00 dt=2.343750e-03
elapsed=1.268413e+02 cycle=764 time=1.614844e+00 dt=2.343750e-03
elapsed=1.269984e+02 cycle=765 time=1.617188e+00 dt=2.343750e-03
elapsed=1.271333e+02 cycle=766 time=1.619531e+00 dt=2.343750e-03
elapsed=1.272847e+02 cycle=767 time=1.621875e+00 dt=2.343750e-03
elapsed=1.277304e+02 cycle=768 time=1.624219e+00 dt=2.343750e-03
elapsed=1.278962e+02 cycle=769 time=1.626563e+00 dt=2.343750e-03
elapsed=1.280306e+02 cycle=770 time=1.628906e+00 dt=2.343750e-03
elapsed=1.281856e+02 cycle=771 time=1.631250e+00 dt=2.343750e-03
elapsed=1.283761e+02 cycle=772 time=1.633594e+00 dt=2.343750e-03
elapsed=1.285139e+02 cycle=773 time=1.635938e+00 dt=2.343750e-03
elapsed=1.286873e+02 cycle=774 time=1.638281e+00 dt=2.343750e-03
elapsed=1.288232e+02 cycle=775 time=1.640625e+00 dt=2.343750e-03
elapsed=1.289641e+02 cycle=776 time=1.642969e+00 dt=2.343750e-03
elapsed=1.291594e+02 cycle=777 time=1.645313e+00 dt=2.343750e-03
elapsed=1.292952e+02 cycle=778 time=1.647656e+00 dt=2.343750e-03
elapsed=1.294791e+02 cycle=779 time=1.650000e+00 dt=2.343750e-03
elapsed=1.296192e+02 cycle=780 time=1.652344e+00 dt=2.343750e-03
elapsed=1.298022e+02 cycle=781 time=1.654688e+00 dt=2.343750e-03
elapsed=1.299434e+02 cycle=782 time=1.657031e+00 dt=2.343750e-03
elapsed=1.300784e+02 cycle=783 time=1.659375e+00 dt=2.343750e-03
elapsed=1.302532e+02 cycle=784 time=1.661719e+00 dt=2.343750e-03
elapsed=1.303888e+02 cycle=785 time=1.664063e+00 dt=2.343750e-03
elapsed=1.305239e+02 cycle=786 time=1.666406e+00 dt=2.343750e-03
elapsed=1.307115e+02 cycle=787 time=1.668750e+00 dt=2.343750e-03
elapsed=1.308534e+02 cycle=788 time=1.671094e+00 dt=2.343750e-03
elapsed=1.309880e+02 cycle=789 time=1.673438e+00 dt=2.343750e-03
elapsed=1.311748e+02 cycle=790 time=1.675781e+00 dt=2.343750e-03
elapsed=1.313100e+02 cycle=791 time=1.678125e+00 dt=2.343750e-03
elapsed=1.314504e+02 cycle=792 time=1.680469e+00 dt=2.343750e-03
elapsed=1.316537e+02 cycle=793 time=1.682813e+00 dt=2.343750e-03
elapsed=1.317885e+02 cycle=794 time=1.685156e+00 dt=2.343750e-03
elapsed=1.319268e+02 cycle=795 time=1.687500e+00 dt=2.343750e-03
elapsed=1.321108e+02 cycle=796 time=1.689844e+00 dt=2.343750e-03
elapsed=1.322467e+02 cycle=797 time=1.692188e+00 dt=2.343750e-03
elapsed=1.323840e+02 cycle=798 time=1.694531e+00 dt=2.343750e-03
elapsed=1.325615e+02 cycle=799 time=1.696875e+00 dt=2.343750e-03
elapsed=1.327024e+02 cycle=800 time=1.699219e+00 dt=2.343750e-03
elapsed=1.328704e+02 cycle=801 time=1.701563e+00 dt=2.343750e-03
elapsed=1.330340e+02 cycle=802 time=1.703906e+00 dt=2.343750e-03
elapsed=1.331694e+02 cycle=803 time=1.706250e+00 dt=2.343750e-03
elapsed=1.333271e+02 cycle=804 time=1.708594e+00 dt=2.343750e-03
elapsed=1.335015e+02 cycle=805 time=1.710938e+00 dt=2.343750e-03
elapsed=1.336359e+02 cycle=806 time=1.713281e+00 dt=2.343750e-03
elapsed=1.338359e+02 cycle=807 time=1.715625e+00 dt=2.343750e-03
elapsed=1.339762e+02 cycle=808 time=1.717969e+00 dt=2.343750e-03
elapsed=1.341113e+02 cycle=809 time=1.720313e+00 dt=2.343750e-03
elapsed=1.343040e+02 cycle=810 time=1.722656e+00 dt=2.343750e-03
elapsed=1.344385e+02 cycle=811 time=1.725000e+00 dt=2.343750e-03
elapsed=1.345794e+02 cycle=812 time=1.727344e+00 dt=2.343750e-03
elapsed=1.347760e+02 cycle=813 time=1.729688e+00 dt=2.343750e-03
elapsed=1.349126e+02 cycle=814 time=1.732031e+00 dt=2.343750e-03
elapsed=1.350486e+02 cycle=815 time=1.734375e+00 dt=2.343750e-03
elapsed=1.352471e+02 cycle=816 time=1.736719e+00 dt=2.343750e-03
elapsed=1.353823e+02 cycle=817 time=1.739063e+00 dt=2.343750e-03
elapsed=1.355192e+02 cycle=818 time=1.741406e+00 dt=2.343750e-03
elapsed=1.357019e+02 cycle=819 time=1.743750e+00 dt=2.343750e-03
elapsed=1.358438e+02 cycle=820 time=1.746094e+00 dt=2.343750e-03
elapsed=1.359909e+02 cycle=821 time=1.748438e+00 dt=2.343750e-03
elapsed=1.361677e+02 cycle=822 time=1.750781e+00 dt=2.343750e-03
elapsed=1.363025e+02 cycle=823 time=1.753125e+00 dt=2.343750e-03
elapsed=1.364875e+02 cycle=824 time=1.755469e+00 dt=2.343750e-03
elapsed=1.366468e+02 cycle=825 time=1.757813e+00 dt=2.343750e-03
elapsed=1.367813e+02 cycle=826 time=1.760156e+00 dt=2.343750e-03
elapsed=1.369442e+02 cycle=827 time=1.762500e+00 dt=2.343750e-03
elapsed=1.371066e+02 cycle=828 time=1.764844e+00 dt=2.343750e-03
elapsed=1.372426e+02 cycle=829 time=1.767188e+00 dt=2.343750e-03
elapsed=1.374312e+02 cycle=830 time=1.769531e+00 dt=2.343750e-03
elapsed=1.375656e+02 cycle=831 time=1.771875e+00 dt=2.343750e-03
elapsed=1.377060e+02 cycle=832 time=1.774219e+00 dt=2.343750e-03
elapsed=1.379050e+02 cycle=833 time=1.776563e+00 dt=2.343750e-03
elapsed=1.380401e+02 cycle=834 time=1.778906e+00 dt=2.343750e-03
elapsed=1.381745e+02 cycle=835 time=1.781250e+00 dt=2.343750e-03
elapsed=1.383878e+02 cycle=836 time=1.783594e+00 dt=2.343750e-03
elapsed=1.385229e+02 cycle=837 time=1.785938e+00 dt=2.343750e-03
elapsed=1.386591e+02 cycle=838 time=1.788281e+00 dt=2.343750e-03
elapsed=1.388445e+02 cycle=839 time=1.790625e+00 dt=2.343750e-03
elapsed=1.389846e+02 cycle=840 time=1.792969e+00 dt=2.343750e-03
elapsed=1.391211e+02 cycle=841 time=1.795313e+00 dt=2.343750e-03
elapsed=1.393041e+02 cycle=842 time=1.797656e+00 dt=2.343750e-03
elapsed=1.394405e+02 cycle=843 time=1.800000e+00 dt=2.343750e-03
elapsed=1.396191e+02 cycle=844 time=1.802344e+00 dt=2.343750e-03
elapsed=1.397543e+02 cycle=845 time=1.804688e+00 dt=2.343750e-03
elapsed=1.399382e+02 cycle=846 time=1.807031e+00 dt=2.343750e-03
elapsed=1.400734e+02 cycle=847 time=1.809375e+00 dt=2.343750e-03
elapsed=1.402143e+02 cycle=848 time=1.811719e+00 dt=2.343750e-03
elapsed=1.404083e+02 cycle=849 time=1.814063e+00 dt=2.343750e-03
elapsed=1.405433e+02 cycle=850 time=1.816406e+00 dt=2.343750e-03
elapsed=1.406843e+02 cycle=851 time=1.818750e+00 dt=2.343750e-03
elapsed=1.408638e+02 cycle=852 time=1.821094e+00 dt=2.343750e-03
elapsed=1.409985e+02 cycle=853 time=1.823438e+00 dt=2.343750e-03
elapsed=1.411352e+02 cycle=854 time=1.825781e+00 dt=2.343750e-03
elapsed=1.413218e+02 cycle=855 time=1.828125e+00 dt=2.343750e-03
elapsed=1.414616e+02 cycle=856 time=1.830469e+00 dt=2.343750e-03
elapsed=1.416239e+02 cycle=857 time=1.832813e+00 dt=2.343750e-03
elapsed=1.417878e+02 cycle=858 time=1.835156e+00 dt=2.343750e-03
elapsed=1.419249e+02 cycle=859 time=1.837500e+00 dt=2.343750e-03
elapsed=1.420929e+02 cycle=860 time=1.839844e+00 dt=2.343750e-03
elapsed=1.422570e+02 cycle=861 time=1.842188e+00 dt=2.343750e-03
elapsed=1.423919e+02 cycle=862 time=1.844531e+00 dt=2.343750e-03
elapsed=1.425752e+02 cycle=863 time=1.846875e+00 dt=2.343750e-03
elapsed=1.427234e+02 cycle=864 time=1.849219e+00 dt=2.343750e-03
elapsed=1.428601e+02 cycle=865 time=1.851563e+00 dt=2.343750e-03
elapsed=1.430489e+02 cycle=866 time=1.853906e+00 dt=2.343750e-03
elapsed=1.431842e+02 cycle=867 time=1.856250e+00 dt=2.343750e-03
elapsed=1.433247e+02 cycle=868 time=1.858594e+00 dt=2.343750e-03
elapsed=1.435148e+02 cycle=869 time=1.860938e+00 dt=2.343750e-03
elapsed=1.436507e+02 cycle=870 time=1.863281e+00 dt=2.343750e-03
elapsed=1.437856e+02 cycle=871 time=1.865625e+00 dt=2.343750e-03
elapsed=1.439931e+02 cycle=872 time=1.867969e+00 dt=2.343750e-03
elapsed=1.441282e+02 cycle=873 time=1.870313e+00 dt=2.343750e-03
elapsed=1.442659e+02 cycle=874 time=1.872656e+00 dt=2.343750e-03
elapsed=1.444460e+02 cycle=875 time=1.875000e+00 dt=2.343750e-03
elapsed=1.445863e+02 cycle=876 time=1.877344e+00 dt=2.343750e-03
elapsed=1.447231e+02 cycle=877 time=1.879688e+00 dt=2.343750e-03
elapsed=1.449083e+02 cycle=878 time=1.882031e+00 dt=2.343750e-03
elapsed=1.450433e+02 cycle=879 time=1.884375e+00 dt=2.343750e-03
elapsed=1.451975e+02 cycle=880 time=1.886719e+00 dt=2.343750e-03
elapsed=1.453775e+02 cycle=881 time=1.889063e+00 dt=2.343750e-03
elapsed=1.455136e+02 cycle=882 time=1.891406e+00 dt=2.343750e-03
elapsed=1.456650e+02 cycle=883 time=1.893750e+00 dt=2.343750e-03
elapsed=1.458438e+02 cycle=884 time=1.896094e+00 dt=2.343750e-03
elapsed=1.459785e+02 cycle=885 time=1.898438e+00 dt=2.343750e-03
elapsed=1.461409e+02 cycle=886 time=1.900781e+00 dt=2.343750e-03
elapsed=1.462999e+02 cycle=887 time=1.903125e+00 dt=2.343750e-03
elapsed=1.464456e+02 cycle=888 time=1.905469e+00 dt=2.343750e-03
elapsed=1.466304e+02 cycle=889 time=1.907813e+00 dt=2.343750e-03
elapsed=1.467664e+02 cycle=890 time=1.910156e+00 dt=2.343750e-03
elapsed=1.469034e+02 cycle=891 time=1.912500e+00 dt=2.343750e-03
elapsed=1.470802e+02 cycle=892 time=1.914844e+00 dt=2.343750e-03
elapsed=1.472159e+02 cycle=893 time=1.917188e+00 dt=2.343750e-03
elapsed=1.473504e+02 cycle=894 time=1.919531e+00 dt=2.343750e-03
elapsed=1.475467e+02 cycle=895 time=1.921875e+00 dt=2.343750e-03
elapsed=1.476881e+02 cycle=896 time=1.924219e+00 dt=2.343750e-03
elapsed=1.478237e+02 cycle=897 time=1.926563e+00 dt=2.343750e-03
elapsed=1.479993e+02 cycle=898 time=1.928906e+00 dt=2.343750e-03
elapsed=1.481338e+02 cycle=899 time=1.931250e+00 dt=2.343750e-03
elapsed=1.482759e+02 cycle=900 time=1.933594e+00 dt=2.343750e-03
elapsed=1.484722e+02 cycle=901 time=1.935938e+00 dt=2.343750e-03
elapsed=1.486067e+02 cycle=902 time=1.938281e+00 dt=2.343750e-03
elapsed=1.487441e+02 cycle=903 time=1.940625e+00 dt=2.343750e-03
elapsed=1.489326e+02 cycle=904 time=1.942969e+00 dt=2.343750e-03
elapsed=1.490701e+02 cycle=905 time=1.945313e+00 dt=2.343750e-03
elapsed=1.492155e+02 cycle=906 time=1.947656e+00 dt=2.343750e-03
elapsed=1.494036e+02 cycle=907 time=1.950000e+00 dt=2.343750e-03
elapsed=1.495624e+02 cycle=908 time=1.952344e+00 dt=2.343750e-03
elapsed=1.497366e+02 cycle=909 time=1.954688e+00 dt=2.343750e-03
elapsed=1.498722e+02 cycle=910 time=1.957031e+00 dt=2.343750e-03
elapsed=1.500714e+02 cycle=911 time=1.959375e+00 dt=2.343750e-03
elapsed=1.502116e+02 cycle=912 time=1.961719e+00 dt=2.343750e-03
elapsed=1.503463e+02 cycle=913 time=1.964063e+00 dt=2.343750e-03
elapsed=1.505203e+02 cycle=914 time=1.966406e+00 dt=2.343750e-03
elapsed=1.506546e+02 cycle=915 time=1.968750e+00 dt=2.343750e-03
elapsed=1.507958e+02 cycle=916 time=1.971094e+00 dt=2.343750e-03
elapsed=1.509841e+02 cycle=917 time=1.973438e+00 dt=2.343750e-03
elapsed=1.511188e+02 cycle=918 time=1.975781e+00 dt=2.343750e-03
elapsed=1.512539e+02 cycle=919 time=1.978125e+00 dt=2.343750e-03
elapsed=1.514449e+02 cycle=920 time=1.980469e+00 dt=2.343750e-03
elapsed=1.515793e+02 cycle=921 time=1.982813e+00 dt=2.343750e-03
elapsed=1.517201e+02 cycle=922 time=1.985156e+00 dt=2.343750e-03
elapsed=1.519069e+02 cycle=923 time=1.987500e+00 dt=2.343750e-03
elapsed=1.520480e+02 cycle=924 time=1.989844e+00 dt=2.343750e-03
elapsed=1.522011e+02 cycle=925 time=1.992188e+00 dt=2.343750e-03
elapsed=1.523705e+02 cycle=926 time=1.994531e+00 dt=2.343750e-03
elapsed=1.525047e+02 cycle=927 time=1.996875e+00 dt=2.343750e-03
elapsed=1.526617e+02 cycle=928 time=1.999219e+00 dt=2.343750e-03
elapsed=1.528200e+02 cycle=929 time=2.001563e+00 dt=2.343750e-03
elapsed=1.529563e+02 cycle=930 time=2.003906e+00 dt=2.343750e-03
elapsed=1.531268e+02 cycle=931 time=2.006250e+00 dt=2.343750e-03
elapsed=1.532901e+02 cycle=932 time=2.008594e+00 dt=2.343750e-03
elapsed=1.534251e+02 cycle=933 time=2.010938e+00 dt=2.343750e-03
elapsed=1.536119e+02 cycle=934 time=2.013281e+00 dt=2.343750e-03
elapsed=1.537527e+02 cycle=935 time=2.015625e+00 dt=2.343750e-03
elapsed=1.538934e+02 cycle=936 time=2.017969e+00 dt=2.343750e-03
elapsed=1.540705e+02 cycle=937 time=2.020313e+00 dt=2.343750e-03
elapsed=1.542094e+02 cycle=938 time=2.022656e+00 dt=2.343750e-03
elapsed=1.543442e+02 cycle=939 time=2.025000e+00 dt=2.343750e-03
elapsed=1.545394e+02 cycle=940 time=2.027344e+00 dt=2.343750e-03
elapsed=1.546738e+02 cycle=941 time=2.029688e+00 dt=2.343750e-03
elapsed=1.548092e+02 cycle=942 time=2.032031e+00 dt=2.343750e-03
elapsed=1.549999e+02 cycle=943 time=2.034375e+00 dt=2.343750e-03
elapsed=1.551437e+02 cycle=944 time=2.036719e+00 dt=2.343750e-03
elapsed=1.552857e+02 cycle=945 time=2.039063e+00 dt=2.343750e-03
elapsed=1.554652e+02 cycle=946 time=2.041406e+00 dt=2.343750e-03
elapsed=1.556003e+02 cycle=947 time=2.043750e+00 dt=2.343750e-03
elapsed=1.557425e+02 cycle=948 time=2.046094e+00 dt=2.343750e-03
elapsed=1.559198e+02 cycle=949 time=2.048438e+00 dt=2.343750e-03
elapsed=1.560551e+02 cycle=950 time=2.050781e+00 dt=2.343750e-03
elapsed=1.561927e+02 cycle=951 time=2.053125e+00 dt=2.343750e-03
elapsed=1.563816e+02 cycle=952 time=2.055469e+00 dt=2.343750e-03
elapsed=1.565204e+02 cycle=953 time=2.057813e+00 dt=2.343750e-03
elapsed=1.566724e+02 cycle=954 time=2.060156e+00 dt=2.343750e-03
elapsed=1.568485e+02 cycle=955 time=2.062500e+00 dt=2.343750e-03
elapsed=1.569890e+02 cycle=956 time=2.064844e+00 dt=2.343750e-03
elapsed=1.571639e+02 cycle=957 time=2.067188e+00 dt=2.343750e-03
elapsed=1.573133e+02 cycle=958 time=2.069531e+00 dt=2.343750e-03
elapsed=1.574479e+02 cycle=959 time=2.071875e+00 dt=2.343750e-03
elapsed=1.576399e+02 cycle=960 time=2.074219e+00 dt=2.343750e-03
elapsed=1.577748e+02 cycle=961 time=2.076563e+00 dt=2.343750e-03
elapsed=1.579112e+02 cycle=962 time=2.078906e+00 dt=2.343750e-03
elapsed=1.580874e+02 cycle=963 time=2.081250e+00 dt=2.343750e-03
elapsed=1.582387e+02 cycle=964 time=2.083594e+00 dt=2.343750e-03
elapsed=1.583771e+02 cycle=965 time=2.085938e+00 dt=2.343750e-03
elapsed=1.585726e+02 cycle=966 time=2.088281e+00 dt=2.343750e-03
elapsed=1.587070e+02 cycle=967 time=2.090625e+00 dt=2.343750e-03
elapsed=1.588484e+02 cycle=968 time=2.092969e+00 dt=2.343750e-03
elapsed=1.590276e+02 cycle=969 time=2.095313e+00 dt=2.343750e-03
elapsed=1.591645e+02 cycle=970 time=2.097656e+00 dt=2.343750e-03
elapsed=1.592997e+02 cycle=971 time=2.100000e+00 dt=2.343750e-03
elapsed=1.595040e+02 cycle=972 time=2.102344e+00 dt=2.343750e-03
elapsed=1.596399e+02 cycle=973 time=2.104688e+00 dt=2.343750e-03
elapsed=1.598176e+02 cycle=974 time=2.107031e+00 dt=2.343750e-03
elapsed=1.599653e+02 cycle=975 time=2.109375e+00 dt=2.343750e-03
elapsed=1.601196e+02 cycle=976 time=2.111719e+00 dt=2.343750e-03
elapsed=1.602918e+02 cycle=977 time=2.114063e+00 dt=2.343750e-03
elapsed=1.604265e+02 cycle=978 time=2.116406e+00 dt=2.343750e-03
elapsed=1.605768e+02 cycle=979 time=2.118750e+00 dt=2.343750e-03
elapsed=1.607555e+02 cycle=980 time=2.121094e+00 dt=2.343750e-03
elapsed=1.608917e+02 cycle=981 time=2.123438e+00 dt=2.343750e-03
elapsed=1.610562e+02 cycle=982 time=2.125781e+00 dt=2.343750e-03
elapsed=1.612143e+02 cycle=983 time=2.128125e+00 dt=2.343750e-03
elapsed=1.613555e+02 cycle=984 time=2.130469e+00 dt=2.343750e-03
elapsed=1.615421e+02 cycle=985 time=2.132813e+00 dt=2.343750e-03
elapsed=1.616783e+02 cycle=986 time=2.135156e+00 dt=2.343750e-03
elapsed=1.618127e+02 cycle=987 time=2.137500e+00 dt=2.343750e-03
elapsed=1.619893e+02 cycle=988 time=2.139844e+00 dt=2.343750e-03
elapsed=1.621271e+02 cycle=989 time=2.142188e+00 dt=2.343750e-03
elapsed=1.622631e+02 cycle=990 time=2.144531e+00 dt=2.343750e-03
elapsed=1.624619e+02 cycle=991 time=2.146875e+00 dt=2.343750e-03
elapsed=1.626025e+02 cycle=992 time=2.149219e+00 dt=2.343750e-03
elapsed=1.627393e+02 cycle=993 time=2.151563e+00 dt=2.343750e-03
elapsed=1.629209e+02 cycle=994 time=2.153906e+00 dt=2.343750e-03
elapsed=1.630571e+02 cycle=995 time=2.156250e+00 dt=2.343750e-03
elapsed=1.632010e+02 cycle=996 time=2.158594e+00 dt=2.343750e-03
elapsed=1.633855e+02 cycle=997 time=2.160938e+00 dt=2.343750e-03
elapsed=1.635198e+02 cycle=998 time=2.163281e+00 dt=2.343750e-03
elapsed=1.636641e+02 cycle=999 time=2.165625e+00 dt=2.343750e-03
elapsed=1.638403e+02 cycle=1000 time=2.167969e+00 dt=2.343750e-03
elapsed=1.639751e+02 cycle=1001 time=2.170313e+00 dt=2.343750e-03
elapsed=1.641120e+02 cycle=1002 time=2.172656e+00 dt=2.343750e-03
elapsed=1.642831e+02 cycle=1003 time=2.175000e+00 dt=2.343750e-03
elapsed=1.644237e+02 cycle=1004 time=2.177344e+00 dt=2.343750e-03
elapsed=1.645766e+02 cycle=1005 time=2.179688e+00 dt=2.343750e-03
elapsed=1.647459e+02 cycle=1006 time=2.182031e+00 dt=2.343750e-03
elapsed=1.648813e+02 cycle=1007 time=2.184375e+00 dt=2.343750e-03
elapsed=1.650696e+02 cycle=1008 time=2.186719e+00 dt=2.343750e-03
elapsed=1.652119e+02 cycle=1009 time=2.189063e+00 dt=2.343750e-03
elapsed=1.653501e+02 cycle=1010 time=2.191406e+00 dt=2.343750e-03
elapsed=1.655251e+02 cycle=1011 time=2.193750e+00 dt=2.343750e-03
elapsed=1.656660e+02 cycle=1012 time=2.196094e+00 dt=2.343750e-03
elapsed=1.658008e+02 cycle=1013 time=2.198438e+00 dt=2.343750e-03
elapsed=1.659767e+02 cycle=1014 time=2.200781e+00 dt=2.343750e-03
elapsed=1.661214e+02 cycle=1015 time=2.203125e+00 dt=2.343750e-03
elapsed=1.662636e+02 cycle=1016 time=2.205469e+00 dt=2.343750e-03
elapsed=1.664657e+02 cycle=1017 time=2.207813e+00 dt=2.343750e-03
elapsed=1.666020e+02 cycle=1018 time=2.210156e+00 dt=2.343750e-03
elapsed=1.667365e+02 cycle=1019 time=2.212500e+00 dt=2.343750e-03
elapsed=1.669150e+02 cycle=1020 time=2.214844e+00 dt=2.343750e-03
elapsed=1.670514e+02 cycle=1021 time=2.217188e+00 dt=2.343750e-03
elapsed=1.671865e+02 cycle=1022 time=2.219531e+00 dt=2.343750e-03
elapsed=1.673763e+02 cycle=1023 time=2.221875e+00 dt=2.343750e-03
elapsed=1.679935e+02 cycle=1024 time=2.224219e+00 dt=2.343750e-03
elapsed=1.681590e+02 cycle=1025 time=2.226563e+00 dt=2.343750e-03
elapsed=1.683184e+02 cycle=1026 time=2.228906e+00 dt=2.343750e-03
elapsed=1.684530e+02 cycle=1027 time=2.231250e+00 dt=2.343750e-03
elapsed=1.686493e+02 cycle=1028 time=2.233594e+00 dt=2.343750e-03
elapsed=1.687914e+02 cycle=1029 time=2.235938e+00 dt=2.343750e-03
elapsed=1.689263e+02 cycle=1030 time=2.238281e+00 dt=2.343750e-03
elapsed=1.690992e+02 cycle=1031 time=2.240625e+00 dt=2.343750e-03
elapsed=1.692405e+02 cycle=1032 time=2.242969e+00 dt=2.343750e-03
elapsed=1.693764e+02 cycle=1033 time=2.245313e+00 dt=2.343750e-03
elapsed=1.695795e+02 cycle=1034 time=2.247656e+00 dt=2.343750e-03
elapsed=1.697141e+02 cycle=1035 time=2.250000e+00 dt=2.343750e-03
elapsed=1.698977e+02 cycle=1036 time=2.252344e+00 dt=2.343750e-03
elapsed=1.700319e+02 cycle=1037 time=2.254688e+00 dt=2.343750e-03
elapsed=1.701698e+02 cycle=1038 time=2.257031e+00 dt=2.343750e-03
elapsed=1.703462e+02 cycle=1039 time=2.259375e+00 dt=2.343750e-03
elapsed=1.704868e+02 cycle=1040 time=2.261719e+00 dt=2.343750e-03
elapsed=1.706242e+02 cycle=1041 time=2.264063e+00 dt=2.343750e-03
elapsed=1.707954e+02 cycle=1042 time=2.266406e+00 dt=2.343750e-03
elapsed=1.709306e+02 cycle=1043 time=2.268750e+00 dt=2.343750e-03
elapsed=1.710760e+02 cycle=1044 time=2.271094e+00 dt=2.343750e-03
elapsed=1.712461e+02 cycle=1045 time=2.273438e+00 dt=2.343750e-03
elapsed=1.713808e+02 cycle=1046 time=2.275781e+00 dt=2.343750e-03
elapsed=1.715174e+02 cycle=1047 time=2.278125e+00 dt=2.343750e-03
elapsed=1.717158e+02 cycle=1048 time=2.280469e+00 dt=2.343750e-03
elapsed=1.718513e+02 cycle=1049 time=2.282813e+00 dt=2.343750e-03
elapsed=1.720135e+02 cycle=1050 time=2.285156e+00 dt=2.343750e-03
elapsed=1.721700e+02 cycle=1051 time=2.287500e+00 dt=2.343750e-03
elapsed=1.723113e+02 cycle=1052 time=2.289844e+00 dt=2.343750e-03
elapsed=1.724641e+02 cycle=1053 time=2.292188e+00 dt=2.343750e-03
elapsed=1.726257e+02 cycle=1054 time=2.294531e+00 dt=2.343750e-03
elapsed=1.727607e+02 cycle=1055 time=2.296875e+00 dt=2.343750e-03
elapsed=1.729673e+02 cycle=1056 time=2.299219e+00 dt=2.343750e-03
elapsed=1.731020e+02 cycle=1057 time=2.301563e+00 dt=2.343750e-03
elapsed=1.732369e+02 cycle=1058 time=2.303906e+00 dt=2.343750e-03
elapsed=1.734201e+02 cycle=1059 time=2.306250e+00 dt=2.343750e-03
elapsed=1.735600e+02 cycle=1060 time=2.308594e+00 dt=2.343750e-03
elapsed=1.736947e+02 cycle=1061 time=2.310938e+00 dt=2.343750e-03
elapsed=1.738916e+02 cycle=1062 time=2.313281e+00 dt=2.343750e-03
elapsed=1.740260e+02 cycle=1063 time=2.315625e+00 dt=2.343750e-03
elapsed=1.741659e+02 cycle=1064 time=2.317969e+00 dt=2.343750e-03
elapsed=1.743430e+02 cycle=1065 time=2.320313e+00 dt=2.343750e-03
elapsed=1.744772e+02 cycle=1066 time=2.322656e+00 dt=2.343750e-03
elapsed=1.746118e+02 cycle=1067 time=2.325000e+00 dt=2.343750e-03
elapsed=1.748192e+02 cycle=1068 time=2.327344e+00 dt=2.343750e-03
elapsed=1.749552e+02 cycle=1069 time=2.329688e+00 dt=2.343750e-03
elapsed=1.750908e+02 cycle=1070 time=2.332031e+00 dt=2.343750e-03
elapsed=1.752633e+02 cycle=1071 time=2.334375e+00 dt=2.343750e-03
elapsed=1.754041e+02 cycle=1072 time=2.336719e+00 dt=2.343750e-03
elapsed=1.755432e+02 cycle=1073 time=2.339063e+00 dt=2.343750e-03
elapsed=1.757299e+02 cycle=1074 time=2.341406e+00 dt=2.343750e-03
elapsed=1.758643e+02 cycle=1075 time=2.343750e+00 dt=2.343750e-03
elapsed=1.760158e+02 cycle=1076 time=2.346094e+00 dt=2.343750e-03
elapsed=1.761872e+02 cycle=1077 time=2.348438e+00 dt=2.343750e-03
elapsed=1.763231e+02 cycle=1078 time=2.350781e+00 dt=2.343750e-03
elapsed=1.765012e+02 cycle=1079 time=2.353125e+00 dt=2.343750e-03
elapsed=1.766689e+02 cycle=1080 time=2.355469e+00 dt=2.343750e-03
elapsed=1.768043e+02 cycle=1081 time=2.357813e+00 dt=2.343750e-03
elapsed=1.769802e+02 cycle=1082 time=2.360156e+00 dt=2.343750e-03
elapsed=1.771262e+02 cycle=1083 time=2.362500e+00 dt=2.343750e-03
elapsed=1.772672e+02 cycle=1084 time=2.364844e+00 dt=2.343750e-03
elapsed=1.774512e+02 cycle=1085 time=2.367188e+00 dt=2.343750e-03
elapsed=1.775881e+02 cycle=1086 time=2.369531e+00 dt=2.343750e-03
elapsed=1.777228e+02 cycle=1087 time=2.371875e+00 dt=2.343750e-03
elapsed=1.779064e+02 cycle=1088 time=2.374219e+00 dt=2.343750e-03
elapsed=1.780459e+02 cycle=1089 time=2.376563e+00 dt=2.343750e-03
elapsed=1.781808e+02 cycle=1090 time=2.378906e+00 dt=2.343750e-03
elapsed=1.784047e+02 cycle=1091 time=2.381250e+00 dt=2.343750e-03
elapsed=1.785450e+02 cycle=1092 time=2.383594e+00 dt=2.343750e-03
elapsed=1.786800e+02 cycle=1093 time=2.385938e+00 dt=2.343750e-03
elapsed=1.788686e+02 cycle=1094 time=2.388281e+00 dt=2.343750e-03
elapsed=1.790030e+02 cycle=1095 time=2.390625e+00 dt=2.343750e-03
elapsed=1.791506e+02 cycle=1096 time=2.392969e+00 dt=2.343750e-03
elapsed=1.793312e+02 cycle=1097 time=2.395313e+00 dt=2.343750e-03
elapsed=1.794659e+02 cycle=1098 time=2.397656e+00 dt=2.343750e-03
elapsed=1.796017e+02 cycle=1099 time=2.400000e+00 dt=2.343750e-03
elapsed=1.797811e+02 cycle=1100 time=2.402344e+00 dt=2.343750e-03
elapsed=1.799186e+02 cycle=1101 time=2.404688e+00 dt=2.343750e-03
elapsed=1.800952e+02 cycle=1102 time=2.407031e+00 dt=2.343750e-03
elapsed=1.802303e+02 cycle=1103 time=2.409375e+00 dt=2.343750e-03
elapsed=1.804114e+02 cycle=1104 time=2.411719e+00 dt=2.343750e-03
elapsed=1.805546e+02 cycle=1105 time=2.414063e+00 dt=2.343750e-03
elapsed=1.806890e+02 cycle=1106 time=2.416406e+00 dt=2.343750e-03
elapsed=1.808672e+02 cycle=1107 time=2.418750e+00 dt=2.343750e-03
elapsed=1.810092e+02 cycle=1108 time=2.421094e+00 dt=2.343750e-03
elapsed=1.811440e+02 cycle=1109 time=2.423438e+00 dt=2.343750e-03
elapsed=1.813164e+02 cycle=1110 time=2.425781e+00 dt=2.343750e-03
elapsed=1.814506e+02 cycle=1111 time=2.428125e+00 dt=2.343750e-03
elapsed=1.815909e+02 cycle=1112 time=2.430469e+00 dt=2.343750e-03
elapsed=1.817907e+02 cycle=1113 time=2.432813e+00 dt=2.343750e-03
elapsed=1.819261e+02 cycle=1114 time=2.435156e+00 dt=2.343750e-03
elapsed=1.820605e+02 cycle=1115 time=2.437500e+00 dt=2.343750e-03
elapsed=1.822430e+02 cycle=1116 time=2.439844e+00 dt=2.343750e-03
elapsed=1.823780e+02 cycle=1117 time=2.442188e+00 dt=2.343750e-03
elapsed=1.825128e+02 cycle=1118 time=2.444531e+00 dt=2.343750e-03
elapsed=1.827060e+02 cycle=1119 time=2.446875e+00 dt=2.343750e-03
elapsed=1.828500e+02 cycle=1120 time=2.449219e+00 dt=2.343750e-03
elapsed=1.829879e+02 cycle=1121 time=2.451563e+00 dt=2.343750e-03
elapsed=1.831762e+02 cycle=1122 time=2.453906e+00 dt=2.343750e-03
elapsed=1.833111e+02 cycle=1123 time=2.456250e+00 dt=2.343750e-03
elapsed=1.834529e+02 cycle=1124 time=2.458594e+00 dt=2.343750e-03
elapsed=1.836349e+02 cycle=1125 time=2.460938e+00 dt=2.343750e-03
elapsed=1.837705e+02 cycle=1126 time=2.463281e+00 dt=2.343750e-03
elapsed=1.839113e+02 cycle=1127 time=2.465625e+00 dt=2.343750e-03
elapsed=1.840864e+02 cycle=1128 time=2.467969e+00 dt=2.343750e-03
elapsed=1.842218e+02 cycle=1129 time=2.470313e+00 dt=2.343750e-03
elapsed=1.843615e+02 cycle=1130 time=2.472656e+00 dt=2.343750e-03
elapsed=1.845539e+02 cycle=1131 time=2.475000e+00 dt=2.343750e-03
elapsed=1.846948e+02 cycle=1132 time=2.477344e+00 dt=2.343750e-03
elapsed=1.848749e+02 cycle=1133 time=2.479688e+00 dt=2.343750e-03
elapsed=1.850092e+02 cycle=1134 time=2.482031e+00 dt=2.343750e-03
elapsed=1.851440e+02 cycle=1135 time=2.484375e+00 dt=2.343750e-03
elapsed=1.853222e+02 cycle=1136 time=2.486719e+00 dt=2.343750e-03
elapsed=1.854569e+02 cycle=1137 time=2.489063e+00 dt=2.343750e-03
elapsed=1.855918e+02 cycle=1138 time=2.491406e+00 dt=2.343750e-03
elapsed=1.857748e+02 cycle=1139 time=2.493750e+00 dt=2.343750e-03
elapsed=1.859162e+02 cycle=1140 time=2.496094e+00 dt=2.343750e-03
elapsed=1.860513e+02 cycle=1141 time=2.498438e+00 dt=2.343750e-03
elapsed=1.862413e+02 cycle=1142 time=2.500781e+00 dt=2.343750e-03
elapsed=1.863775e+02 cycle=1143 time=2.503125e+00 dt=2.343750e-03
elapsed=1.865322e+02 cycle=1144 time=2.505469e+00 dt=2.343750e-03
elapsed=1.867292e+02 cycle=1145 time=2.507813e+00 dt=2.343750e-03
elapsed=1.868651e+02 cycle=1146 time=2.510156e+00 dt=2.343750e-03
elapsed=1.870013e+02 cycle=1147 time=2.512500e+00 dt=2.343750e-03
elapsed=1.871930e+02 cycle=1148 time=2.514844e+00 dt=2.343750e-03
elapsed=1.873283e+02 cycle=1149 time=2.517188e+00 dt=2.343750e-03
elapsed=1.874805e+02 cycle=1150 time=2.519531e+00 dt=2.343750e-03
elapsed=1.876609e+02 cycle=1151 time=2.521875e+00 dt=2.343750e-03
elapsed=1.878024e+02 cycle=1152 time=2.524219e+00 dt=2.343750e-03
elapsed=1.879678e+02 cycle=1153 time=2.526563e+00 dt=2.343750e-03
elapsed=1.881283e+02 cycle=1154 time=2.528906e+00 dt=2.343750e-03
elapsed=1.882670e+02 cycle=1155 time=2.531250e+00 dt=2.343750e-03
elapsed=1.884596e+02 cycle=1156 time=2.533594e+00 dt=2.343750e-03
elapsed=1.885948e+02 cycle=1157 time=2.535938e+00 dt=2.343750e-03
elapsed=1.887296e+02 cycle=1158 time=2.538281e+00 dt=2.343750e-03
elapsed=1.889077e+02 cycle=1159 time=2.540625e+00 dt=2.343750e-03
elapsed=1.890482e+02 cycle=1160 time=2.542969e+00 dt=2.343750e-03
elapsed=1.891829e+02 cycle=1161 time=2.545313e+00 dt=2.343750e-03
elapsed=1.893689e+02 cycle=1162 time=2.547656e+00 dt=2.343750e-03
elapsed=1.895034e+02 cycle=1163 time=2.550000e+00 dt=2.343750e-03
elapsed=1.896440e+02 cycle=1164 time=2.552344e+00 dt=2.343750e-03
elapsed=1.898332e+02 cycle=1165 time=2.554688e+00 dt=2.343750e-03
elapsed=1.899810e+02 cycle=1166 time=2.557031e+00 dt=2.343750e-03
elapsed=1.901512e+02 cycle=1167 time=2.559375e+00 dt=2.343750e-03
elapsed=1.902924e+02 cycle=1168 time=2.561719e+00 dt=2.343750e-03
elapsed=1.904463e+02 cycle=1169 time=2.564063e+00 dt=2.343750e-03
elapsed=1.906068e+02 cycle=1170 time=2.566406e+00 dt=2.343750e-03
elapsed=1.907413e+02 cycle=1171 time=2.568750e+00 dt=2.343750e-03
elapsed=1.909113e+02 cycle=1172 time=2.571094e+00 dt=2.343750e-03
elapsed=1.910816e+02 cycle=1173 time=2.573438e+00 dt=2.343750e-03
elapsed=1.912162e+02 cycle=1174 time=2.575781e+00 dt=2.343750e-03
elapsed=1.913950e+02 cycle=1175 time=2.578125e+00 dt=2.343750e-03
elapsed=1.915440e+02 cycle=1176 time=2.580469e+00 dt=2.343750e-03
elapsed=1.916811e+02 cycle=1177 time=2.582813e+00 dt=2.343750e-03
elapsed=1.918652e+02 cycle=1178 time=2.585156e+00 dt=2.343750e-03
elapsed=1.920004e+02 cycle=1179 time=2.587500e+00 dt=2.343750e-03
elapsed=1.921413e+02 cycle=1180 time=2.589844e+00 dt=2.343750e-03
elapsed=1.923339e+02 cycle=1181 time=2.592188e+00 dt=2.343750e-03
elapsed=1.924683e+02 cycle=1182 time=2.594531e+00 dt=2.343750e-03
elapsed=1.926025e+02 cycle=1183 time=2.596875e+00 dt=2.343750e-03
elapsed=1.928002e+02 cycle=1184 time=2.599219e+00 dt=2.343750e-03
elapsed=1.929359e+02 cycle=1185 time=2.601563e+00 dt=2.343750e-03
elapsed=1.930705e+02 cycle=1186 time=2.603906e+00 dt=2.343750e-03
elapsed=1.932525e+02 cycle=1187 time=2.606250e+00 dt=2.343750e-03
elapsed=1.933928e+02 cycle=1188 time=2.608594e+00 dt=2.343750e-03
elapsed=1.935299e+02 cycle=1189 time=2.610938e+00 dt=2.343750e-03
elapsed=1.937310e+02 cycle=1190 time=2.613281e+00 dt=2.343750e-03
elapsed=1.938668e+02 cycle=1191 time=2.615625e+00 dt=2.343750e-03
elapsed=1.940121e+02 cycle=1192 time=2.617969e+00 dt=2.343750e-03
elapsed=1.941849e+02 cycle=1193 time=2.620313e+00 dt=2.343750e-03
elapsed=1.943198e+02 cycle=1194 time=2.622656e+00 dt=2.343750e-03
elapsed=1.944585e+02 cycle=1195 time=2.625000e+00 dt=2.343750e-03
elapsed=1.946476e+02 cycle=1196 time=2.627344e+00 dt=2.343750e-03
elapsed=1.947830e+02 cycle=1197 time=2.629688e+00 dt=2.343750e-03
elapsed=1.949371e+02 cycle=1198 time=2.632031e+00 dt=2.343750e-03
elapsed=1.951001e+02 cycle=1199 time=2.634375e+00 dt=2.343750e-03
elapsed=1.952415e+02 cycle=1200 time=2.636719e+00 dt=2.343750e-03
elapsed=1.953914e+02 cycle=1201 time=2.639063e+00 dt=2.343750e-03
elapsed=1.955665e+02 cycle=1202 time=2.641406e+00 dt=2.343750e-03
elapsed=1.957011e+02 cycle=1203 time=2.643750e+00 dt=2.343750e-03
elapsed=1.958784e+02 cycle=1204 time=2.646094e+00 dt=2.343750e-03
elapsed=1.960254e+02 cycle=1205 time=2.648438e+00 dt=2.343750e-03
elapsed=1.961603e+02 cycle=1206 time=2.650781e+00 dt=2.343750e-03
elapsed=1.963502e+02 cycle=1207 time=2.653125e+00 dt=2.343750e-03
elapsed=1.964985e+02 cycle=1208 time=2.655469e+00 dt=2.343750e-03
elapsed=1.966332e+02 cycle=1209 time=2.657813e+00 dt=2.343750e-03
elapsed=1.968237e+02 cycle=1210 time=2.660156e+00 dt=2.343750e-03
elapsed=1.969581e+02 cycle=1211 time=2.662500e+00 dt=2.343750e-03
elapsed=1.970990e+02 cycle=1212 time=2.664844e+00 dt=2.343750e-03
elapsed=1.972956e+02 cycle=1213 time=2.667188e+00 dt=2.343750e-03
elapsed=1.974300e+02 cycle=1214 time=2.669531e+00 dt=2.343750e-03
elapsed=1.975713e+02 cycle=1215 time=2.671875e+00 dt=2.343750e-03
elapsed=1.977526e+02 cycle=1216 time=2.674219e+00 dt=2.343750e-03
elapsed=1.978967e+02 cycle=1217 time=2.676563e+00 dt=2.343750e-03
elapsed=1.980472e+02 cycle=1218 time=2.678906e+00 dt=2.343750e-03
elapsed=1.982144e+02 cycle=1219 time=2.681250e+00 dt=2.343750e-03
elapsed=1.983581e+02 cycle=1220 time=2.683594e+00 dt=2.343750e-03
elapsed=1.985111e+02 cycle=1221 time=2.685938e+00 dt=2.343750e-03
elapsed=1.986746e+02 cycle=1222 time=2.688281e+00 dt=2.343750e-03
elapsed=1.988095e+02 cycle=1223 time=2.690625e+00 dt=2.343750e-03
elapsed=1.989678e+02 cycle=1224 time=2.692969e+00 dt=2.343750e-03
elapsed=1.991782e+02 cycle=1225 time=2.695313e+00 dt=2.343750e-03
elapsed=1.993135e+02 cycle=1226 time=2.697656e+00 dt=2.343750e-03
elapsed=1.994991e+02 cycle=1227 time=2.700000e+00 dt=2.343750e-03
elapsed=1.996394e+02 cycle=1228 time=2.702344e+00 dt=2.343750e-03
elapsed=1.997741e+02 cycle=1229 time=2.704688e+00 dt=2.343750e-03
elapsed=1.999551e+02 cycle=1230 time=2.707031e+00 dt=2.343750e-03
elapsed=2.000915e+02 cycle=1231 time=2.709375e+00 dt=2.343750e-03
elapsed=2.002657e+02 cycle=1232 time=2.711719e+00 dt=2.343750e-03
elapsed=2.004010e+02 cycle=1233 time=2.714063e+00 dt=2.343750e-03
elapsed=2.005540e+02 cycle=1234 time=2.716406e+00 dt=2.343750e-03
elapsed=2.007125e+02 cycle=1235 time=2.718750e+00 dt=2.343750e-03
elapsed=2.008592e+02 cycle=1236 time=2.721094e+00 dt=2.343750e-03
elapsed=2.010440e+02 cycle=1237 time=2.723438e+00 dt=2.343750e-03
elapsed=2.011939e+02 cycle=1238 time=2.725781e+00 dt=2.343750e-03
elapsed=2.013286e+02 cycle=1239 time=2.728125e+00 dt=2.343750e-03
elapsed=2.015137e+02 cycle=1240 time=2.730469e+00 dt=2.343750e-03
elapsed=2.016522e+02 cycle=1241 time=2.732813e+00 dt=2.343750e-03
elapsed=2.017871e+02 cycle=1242 time=2.735156e+00 dt=2.343750e-03
elapsed=2.019929e+02 cycle=1243 time=2.737500e+00 dt=2.343750e-03
elapsed=2.021353e+02 cycle=1244 time=2.739844e+00 dt=2.343750e-03
elapsed=2.022705e+02 cycle=1245 time=2.742188e+00 dt=2.343750e-03
elapsed=2.024473e+02 cycle=1246 time=2.744531e+00 dt=2.343750e-03
elapsed=2.025817e+02 cycle=1247 time=2.746875e+00 dt=2.343750e-03
elapsed=2.027221e+02 cycle=1248 time=2.749219e+00 dt=2.343750e-03
elapsed=2.029163e+02 cycle=1249 time=2.751563e+00 dt=2.343750e-03
elapsed=2.030512e+02 cycle=1250 time=2.753906e+00 dt=2.343750e-03
elapsed=2.031879e+02 cycle=1251 time=2.756250e+00 dt=2.343750e-03
elapsed=2.033794e+02 cycle=1252 time=2.758594e+00 dt=2.343750e-03
elapsed=2.035143e+02 cycle=1253 time=2.760938e+00 dt=2.343750e-03
elapsed=2.036518e+02 cycle=1254 time=2.763281e+00 dt=2.343750e-03
elapsed=2.038337e+02 cycle=1255 time=2.765625e+00 dt=2.343750e-03
elapsed=2.039744e+02 cycle=1256 time=2.767969e+00 dt=2.343750e-03
elapsed=2.041173e+02 cycle=1257 time=2.770313e+00 dt=2.343750e-03
elapsed=2.042934e+02 cycle=1258 time=2.772656e+00 dt=2.343750e-03
elapsed=2.044275e+02 cycle=1259 time=2.775000e+00 dt=2.343750e-03
elapsed=2.045832e+02 cycle=1260 time=2.777344e+00 dt=2.343750e-03
elapsed=2.047609e+02 cycle=1261 time=2.779688e+00 dt=2.343750e-03
elapsed=2.048967e+02 cycle=1262 time=2.782031e+00 dt=2.343750e-03
elapsed=2.050535e+02 cycle=1263 time=2.784375e+00 dt=2.343750e-03
elapsed=2.052235e+02 cycle=1264 time=2.786719e+00 dt=2.343750e-03
elapsed=2.053592e+02 cycle=1265 time=2.789063e+00 dt=2.343750e-03
elapsed=2.055492e+02 cycle=1266 time=2.791406e+00 dt=2.343750e-03
elapsed=2.056971e+02 cycle=1267 time=2.793750e+00 dt=2.343750e-03
elapsed=2.058373e+02 cycle=1268 time=2.796094e+00 dt=2.343750e-03
elapsed=2.060093e+02 cycle=1269 time=2.798438e+00 dt=2.343750e-03
elapsed=2.061444e+02 cycle=1270 time=2.800781e+00 dt=2.343750e-03
elapsed=2.062794e+02 cycle=1271 time=2.803125e+00 dt=2.343750e-03
elapsed=2.065131e+02 cycle=1272 time=2.805469e+00 dt=2.343750e-03
elapsed=2.066477e+02 cycle=1273 time=2.807813e+00 dt=2.343750e-03
elapsed=2.067822e+02 cycle=1274 time=2.810156e+00 dt=2.343750e-03
elapsed=2.069519e+02 cycle=1275 time=2.812500e+00 dt=2.343750e-03
elapsed=2.070935e+02 cycle=1276 time=2.814844e+00 dt=2.343750e-03
elapsed=2.072290e+02 cycle=1277 time=2.817188e+00 dt=2.343750e-03
elapsed=2.074302e+02 cycle=1278 time=2.819531e+00 dt=2.343750e-03
elapsed=2.075648e+02 cycle=1279 time=2.821875e+00 dt=2.343750e-03
elapsed=2.079899e+02 cycle=1280 time=2.824219e+00 dt=2.343750e-03
elapsed=2.081327e+02 cycle=1281 time=2.826563e+00 dt=2.343750e-03
elapsed=2.083465e+02 cycle=1282 time=2.828906e+00 dt=2.343750e-03
elapsed=2.084810e+02 cycle=1283 time=2.831250e+00 dt=2.343750e-03
elapsed=2.086235e+02 cycle=1284 time=2.833594e+00 dt=2.343750e-03
elapsed=2.087982e+02 cycle=1285 time=2.835938e+00 dt=2.343750e-03
elapsed=2.089379e+02 cycle=1286 time=2.838281e+00 dt=2.343750e-03
elapsed=2.091023e+02 cycle=1287 time=2.840625e+00 dt=2.343750e-03
elapsed=2.092883e+02 cycle=1288 time=2.842969e+00 dt=2.343750e-03
elapsed=2.094237e+02 cycle=1289 time=2.845313e+00 dt=2.343750e-03
elapsed=2.095743e+02 cycle=1290 time=2.847656e+00 dt=2.343750e-03
elapsed=2.097301e+02 cycle=1291 time=2.850000e+00 dt=2.343750e-03
elapsed=2.098720e+02 cycle=1292 time=2.852344e+00 dt=2.343750e-03
elapsed=2.100618e+02 cycle=1293 time=2.854688e+00 dt=2.343750e-03
elapsed=2.102076e+02 cycle=1294 time=2.857031e+00 dt=2.343750e-03
elapsed=2.103821e+02 cycle=1295 time=2.859375e+00 dt=2.343750e-03
elapsed=2.105243e+02 cycle=1296 time=2.861719e+00 dt=2.343750e-03
elapsed=2.106591e+02 cycle=1297 time=2.864063e+00 dt=2.343750e-03
elapsed=2.108321e+02 cycle=1298 time=2.866406e+00 dt=2.343750e-03
elapsed=2.109665e+02 cycle=1299 time=2.868750e+00 dt=2.343750e-03
elapsed=2.111075e+02 cycle=1300 time=2.871094e+00 dt=2.343750e-03
elapsed=2.113061e+02 cycle=1301 time=2.873438e+00 dt=2.343750e-03
elapsed=2.114409e+02 cycle=1302 time=2.875781e+00 dt=2.343750e-03
elapsed=2.115750e+02 cycle=1303 time=2.878125e+00 dt=2.343750e-03
elapsed=2.117606e+02 cycle=1304 time=2.880469e+00 dt=2.343750e-03
elapsed=2.118959e+02 cycle=1305 time=2.882813e+00 dt=2.343750e-03
elapsed=2.120305e+02 cycle=1306 time=2.885156e+00 dt=2.343750e-03
elapsed=2.122367e+02 cycle=1307 time=2.887500e+00 dt=2.343750e-03
elapsed=2.123777e+02 cycle=1308 time=2.889844e+00 dt=2.343750e-03
elapsed=2.125196e+02 cycle=1309 time=2.892188e+00 dt=2.343750e-03
elapsed=2.126893e+02 cycle=1310 time=2.894531e+00 dt=2.343750e-03
elapsed=2.128316e+02 cycle=1311 time=2.896875e+00 dt=2.343750e-03
elapsed=2.129794e+02 cycle=1312 time=2.899219e+00 dt=2.343750e-03
elapsed=2.131732e+02 cycle=1313 time=2.901563e+00 dt=2.343750e-03
elapsed=2.133080e+02 cycle=1314 time=2.903906e+00 dt=2.343750e-03
elapsed=2.134621e+02 cycle=1315 time=2.906250e+00 dt=2.343750e-03
elapsed=2.136247e+02 cycle=1316 time=2.908594e+00 dt=2.343750e-03
elapsed=2.137604e+02 cycle=1317 time=2.910938e+00 dt=2.343750e-03
elapsed=2.139522e+02 cycle=1318 time=2.913281e+00 dt=2.343750e-03
elapsed=2.140985e+02 cycle=1319 time=2.915625e+00 dt=2.343750e-03
elapsed=2.142400e+02 cycle=1320 time=2.917969e+00 dt=2.343750e-03
elapsed=2.144133e+02 cycle=1321 time=2.920313e+00 dt=2.343750e-03
elapsed=2.145492e+02 cycle=1322 time=2.922656e+00 dt=2.343750e-03
elapsed=2.146840e+02 cycle=1323 time=2.925000e+00 dt=2.343750e-03
elapsed=2.148723e+02 cycle=1324 time=2.927344e+00 dt=2.343750e-03
elapsed=2.150073e+02 cycle=1325 time=2.929688e+00 dt=2.343750e-03
elapsed=2.151493e+02 cycle=1326 time=2.932031e+00 dt=2.343750e-03
elapsed=2.153274e+02 cycle=1327 time=2.934375e+00 dt=2.343750e-03
elapsed=2.154689e+02 cycle=1328 time=2.936719e+00 dt=2.343750e-03
elapsed=2.156210e+02 cycle=1329 time=2.939063e+00 dt=2.343750e-03
elapsed=2.157808e+02 cycle=1330 time=2.941406e+00 dt=2.343750e-03
elapsed=2.159168e+02 cycle=1331 time=2.943750e+00 dt=2.343750e-03
elapsed=2.160733e+02 cycle=1332 time=2.946094e+00 dt=2.343750e-03
elapsed=2.162305e+02 cycle=1333 time=2.948438e+00 dt=2.343750e-03
elapsed=2.163698e+02 cycle=1334 time=2.950781e+00 dt=2.343750e-03
elapsed=2.165652e+02 cycle=1335 time=2.953125e+00 dt=2.343750e-03
elapsed=2.167172e+02 cycle=1336 time=2.955469e+00 dt=2.343750e-03
elapsed=2.168523e+02 cycle=1337 time=2.957813e+00 dt=2.343750e-03
elapsed=2.170249e+02 cycle=1338 time=2.960156e+00 dt=2.343750e-03
elapsed=2.171601e+02 cycle=1339 time=2.962500e+00 dt=2.343750e-03
elapsed=2.173022e+02 cycle=1340 time=2.964844e+00 dt=2.343750e-03
elapsed=2.175006e+02 cycle=1341 time=2.967188e+00 dt=2.343750e-03
elapsed=2.176361e+02 cycle=1342 time=2.969531e+00 dt=2.343750e-03
elapsed=2.177720e+02 cycle=1343 time=2.971875e+00 dt=2.343750e-03
elapsed=2.179590e+02 cycle=1344 time=2.974219e+00 dt=2.343750e-03
elapsed=2.180962e+02 cycle=1345 time=2.976563e+00 dt=2.343750e-03
elapsed=2.182347e+02 cycle=1346 time=2.978906e+00 dt=2.343750e-03
elapsed=2.184518e+02 cycle=1347 time=2.981250e+00 dt=2.343750e-03
elapsed=2.185945e+02 cycle=1348 time=2.983594e+00 dt=2.343750e-03
elapsed=2.187318e+02 cycle=1349 time=2.985938e+00 dt=2.343750e-03
elapsed=2.189097e+02 cycle=1350 time=2.988281e+00 dt=2.343750e-03
elapsed=2.190449e+02 cycle=1351 time=2.990625e+00 dt=2.343750e-03
elapsed=2.192080e+02 cycle=1352 time=2.992969e+00 dt=2.343750e-03
elapsed=2.193764e+02 cycle=1353 time=2.995313e+00 dt=2.343750e-03
elapsed=2.195113e+02 cycle=1354 time=2.997656e+00 dt=2.343750e-03
elapsed=2.196623e+02 cycle=1355 time=3.000000e+00 dt=2.343750e-03
elapsed=2.198278e+02 cycle=1356 time=3.002344e+00 dt=2.343750e-03
elapsed=2.199759e+02 cycle=1357 time=3.004688e+00 dt=2.343750e-03
elapsed=2.201612e+02 cycle=1358 time=3.007031e+00 dt=2.343750e-03
elapsed=2.203045e+02 cycle=1359 time=3.009375e+00 dt=2.343750e-03
elapsed=2.204890e+02 cycle=1360 time=3.011719e+00 dt=2.343750e-03
elapsed=2.206247e+02 cycle=1361 time=3.014063e+00 dt=2.343750e-03
elapsed=2.207595e+02 cycle=1362 time=3.016406e+00 dt=2.343750e-03
elapsed=2.209472e+02 cycle=1363 time=3.018750e+00 dt=2.343750e-03
elapsed=2.210895e+02 cycle=1364 time=3.021094e+00 dt=2.343750e-03
elapsed=2.212257e+02 cycle=1365 time=3.023438e+00 dt=2.343750e-03
elapsed=2.214141e+02 cycle=1366 time=3.025781e+00 dt=2.343750e-03
elapsed=2.215493e+02 cycle=1367 time=3.028125e+00 dt=2.343750e-03
elapsed=2.216928e+02 cycle=1368 time=3.030469e+00 dt=2.343750e-03
elapsed=2.218789e+02 cycle=1369 time=3.032813e+00 dt=2.343750e-03
elapsed=2.220140e+02 cycle=1370 time=3.035156e+00 dt=2.343750e-03
elapsed=2.221514e+02 cycle=1371 time=3.037500e+00 dt=2.343750e-03
elapsed=2.223426e+02 cycle=1372 time=3.039844e+00 dt=2.343750e-03
elapsed=2.224780e+02 cycle=1373 time=3.042188e+00 dt=2.343750e-03
elapsed=2.226208e+02 cycle=1374 time=3.044531e+00 dt=2.343750e-03
elapsed=2.228005e+02 cycle=1375 time=3.046875e+00 dt=2.343750e-03
elapsed=2.229421e+02 cycle=1376 time=3.049219e+00 dt=2.343750e-03
elapsed=2.230934e+02 cycle=1377 time=3.051563e+00 dt=2.343750e-03
elapsed=2.232559e+02 cycle=1378 time=3.053906e+00 dt=2.343750e-03
elapsed=2.233915e+02 cycle=1379 time=3.056250e+00 dt=2.343750e-03
elapsed=2.235467e+02 cycle=1380 time=3.058594e+00 dt=2.343750e-03
elapsed=2.237025e+02 cycle=1381 time=3.060938e+00 dt=2.343750e-03
elapsed=2.238386e+02 cycle=1382 time=3.063281e+00 dt=2.343750e-03
elapsed=2.239991e+02 cycle=1383 time=3.065625e+00 dt=2.343750e-03
elapsed=2.241621e+02 cycle=1384 time=3.067969e+00 dt=2.343750e-03
elapsed=2.242986e+02 cycle=1385 time=3.070313e+00 dt=2.343750e-03
elapsed=2.244850e+02 cycle=1386 time=3.072656e+00 dt=2.343750e-03
elapsed=2.246202e+02 cycle=1387 time=3.075000e+00 dt=2.343750e-03
elapsed=2.247616e+02 cycle=1388 time=3.077344e+00 dt=2.343750e-03
elapsed=2.249483e+02 cycle=1389 time=3.079688e+00 dt=2.343750e-03
elapsed=2.250837e+02 cycle=1390 time=3.082031e+00 dt=2.343750e-03
elapsed=2.252200e+02 cycle=1391 time=3.084375e+00 dt=2.343750e-03
elapsed=2.254300e+02 cycle=1392 time=3.086719e+00 dt=2.343750e-03
elapsed=2.255692e+02 cycle=1393 time=3.089063e+00 dt=2.343750e-03
elapsed=2.257072e+02 cycle=1394 time=3.091406e+00 dt=2.343750e-03
elapsed=2.258845e+02 cycle=1395 time=3.093750e+00 dt=2.343750e-03
elapsed=2.260301e+02 cycle=1396 time=3.096094e+00 dt=2.343750e-03
elapsed=2.261893e+02 cycle=1397 time=3.098438e+00 dt=2.343750e-03
elapsed=2.263546e+02 cycle=1398 time=3.100781e+00 dt=2.343750e-03
elapsed=2.264937e+02 cycle=1399 time=3.103125e+00 dt=2.343750e-03
elapsed=2.266574e+02 cycle=1400 time=3.105469e+00 dt=2.343750e-03
elapsed=2.268235e+02 cycle=1401 time=3.107813e+00 dt=2.343750e-03
elapsed=2.269586e+02 cycle=1402 time=3.110156e+00 dt=2.343750e-03
elapsed=2.271423e+02 cycle=1403 time=3.112500e+00 dt=2.343750e-03
elapsed=2.272850e+02 cycle=1404 time=3.114844e+00 dt=2.343750e-03
elapsed=2.274205e+02 cycle=1405 time=3.117188e+00 dt=2.343750e-03
elapsed=2.276206e+02 cycle=1406 time=3.119531e+00 dt=2.343750e-03
elapsed=2.277562e+02 cycle=1407 time=3.121875e+00 dt=2.343750e-03
elapsed=2.278979e+02 cycle=1408 time=3.124219e+00 dt=2.343750e-03
elapsed=2.280911e+02 cycle=1409 time=3.126563e+00 dt=2.343750e-03
elapsed=2.282339e+02 cycle=1410 time=3.128906e+00 dt=2.343750e-03
elapsed=2.283782e+02 cycle=1411 time=3.131250e+00 dt=2.343750e-03
elapsed=2.285745e+02 cycle=1412 time=3.133594e+00 dt=2.343750e-03
elapsed=2.287179e+02 cycle=1413 time=3.135938e+00 dt=2.343750e-03
elapsed=2.288705e+02 cycle=1414 time=3.138281e+00 dt=2.343750e-03
elapsed=2.290291e+02 cycle=1415 time=3.140625e+00 dt=2.343750e-03
elapsed=2.291723e+02 cycle=1416 time=3.142969e+00 dt=2.343750e-03
elapsed=2.293771e+02 cycle=1417 time=3.145313e+00 dt=2.343750e-03
elapsed=2.295120e+02 cycle=1418 time=3.147656e+00 dt=2.343750e-03
elapsed=2.296477e+02 cycle=1419 time=3.150000e+00 dt=2.343750e-03
elapsed=2.298258e+02 cycle=1420 time=3.152344e+00 dt=2.343750e-03
elapsed=2.299611e+02 cycle=1421 time=3.154688e+00 dt=2.343750e-03
elapsed=2.300966e+02 cycle=1422 time=3.157031e+00 dt=2.343750e-03
elapsed=2.302980e+02 cycle=1423 time=3.159375e+00 dt=2.343750e-03
elapsed=2.304389e+02 cycle=1424 time=3.161719e+00 dt=2.343750e-03
elapsed=2.306237e+02 cycle=1425 time=3.164063e+00 dt=2.343750e-03
elapsed=2.307600e+02 cycle=1426 time=3.166406e+00 dt=2.343750e-03
elapsed=2.308962e+02 cycle=1427 time=3.168750e+00 dt=2.343750e-03
elapsed=2.310813e+02 cycle=1428 time=3.171094e+00 dt=2.343750e-03
elapsed=2.312186e+02 cycle=1429 time=3.173438e+00 dt=2.343750e-03
elapsed=2.313568e+02 cycle=1430 time=3.175781e+00 dt=2.343750e-03
elapsed=2.315478e+02 cycle=1431 time=3.178125e+00 dt=2.343750e-03
elapsed=2.316885e+02 cycle=1432 time=3.180469e+00 dt=2.343750e-03
elapsed=2.318269e+02 cycle=1433 time=3.182813e+00 dt=2.343750e-03
elapsed=2.319973e+02 cycle=1434 time=3.185156e+00 dt=2.343750e-03
elapsed=2.321334e+02 cycle=1435 time=3.187500e+00 dt=2.343750e-03
elapsed=2.322812e+02 cycle=1436 time=3.189844e+00 dt=2.343750e-03
elapsed=2.324698e+02 cycle=1437 time=3.192188e+00 dt=2.343750e-03
elapsed=2.326049e+02 cycle=1438 time=3.194531e+00 dt=2.343750e-03
elapsed=2.327648e+02 cycle=1439 time=3.196875e+00 dt=2.343750e-03
elapsed=2.329325e+02 cycle=1440 time=3.199219e+00 dt=2.343750e-03
elapsed=2.330674e+02 cycle=1441 time=3.201563e+00 dt=2.343750e-03
elapsed=2.332279e+02 cycle=1442 time=3.203906e+00 dt=2.343750e-03
elapsed=2.333946e+02 cycle=1443 time=3.206250e+00 dt=2.343750e-03
elapsed=2.335356e+02 cycle=1444 time=3.208594e+00 dt=2.343750e-03
elapsed=2.337248e+02 cycle=1445 time=3.210938e+00 dt=2.343750e-03
elapsed=2.338612e+02 cycle=1446 time=3.213281e+00 dt=2.343750e-03
elapsed=2.339962e+02 cycle=1447 time=3.215625e+00 dt=2.343750e-03
elapsed=2.341940e+02 cycle=1448 time=3.217969e+00 dt=2.343750e-03
elapsed=2.343310e+02 cycle=1449 time=3.220313e+00 dt=2.343750e-03
elapsed=2.344658e+02 cycle=1450 time=3.222656e+00 dt=2.343750e-03
elapsed=2.346528e+02 cycle=1451 time=3.225000e+00 dt=2.343750e-03
elapsed=2.347952e+02 cycle=1452 time=3.227344e+00 dt=2.343750e-03
elapsed=2.349330e+02 cycle=1453 time=3.229688e+00 dt=2.343750e-03
elapsed=2.351261e+02 cycle=1454 time=3.232031e+00 dt=2.343750e-03
elapsed=2.352615e+02 cycle=1455 time=3.234375e+00 dt=2.343750e-03
elapsed=2.354355e+02 cycle=1456 time=3.236719e+00 dt=2.343750e-03
elapsed=2.355943e+02 cycle=1457 time=3.239063e+00 dt=2.343750e-03
elapsed=2.357293e+02 cycle=1458 time=3.241406e+00 dt=2.343750e-03
elapsed=2.358795e+02 cycle=1459 time=3.243750e+00 dt=2.343750e-03
elapsed=2.360411e+02 cycle=1460 time=3.246094e+00 dt=2.343750e-03
elapsed=2.361758e+02 cycle=1461 time=3.248438e+00 dt=2.343750e-03
elapsed=2.363404e+02 cycle=1462 time=3.250781e+00 dt=2.343750e-03
elapsed=2.365117e+02 cycle=1463 time=3.253125e+00 dt=2.343750e-03
elapsed=2.366525e+02 cycle=1464 time=3.255469e+00 dt=2.343750e-03
elapsed=2.368304e+02 cycle=1465 time=3.257813e+00 dt=2.343750e-03
elapsed=2.369659e+02 cycle=1466 time=3.260156e+00 dt=2.343750e-03
elapsed=2.371011e+02 cycle=1467 time=3.262500e+00 dt=2.343750e-03
elapsed=2.372969e+02 cycle=1468 time=3.264844e+00 dt=2.343750e-03
elapsed=2.374322e+02 cycle=1469 time=3.267188e+00 dt=2.343750e-03
elapsed=2.375669e+02 cycle=1470 time=3.269531e+00 dt=2.343750e-03
elapsed=2.377503e+02 cycle=1471 time=3.271875e+00 dt=2.343750e-03
elapsed=2.378942e+02 cycle=1472 time=3.274219e+00 dt=2.343750e-03
elapsed=2.380293e+02 cycle=1473 time=3.276563e+00 dt=2.343750e-03
elapsed=2.382204e+02 cycle=1474 time=3.278906e+00 dt=2.343750e-03
elapsed=2.383609e+02 cycle=1475 time=3.281250e+00 dt=2.343750e-03
elapsed=2.385025e+02 cycle=1476 time=3.283594e+00 dt=2.343750e-03
elapsed=2.386863e+02 cycle=1477 time=3.285938e+00 dt=2.343750e-03
elapsed=2.388230e+02 cycle=1478 time=3.288281e+00 dt=2.343750e-03
elapsed=2.389608e+02 cycle=1479 time=3.290625e+00 dt=2.343750e-03
elapsed=2.391680e+02 cycle=1480 time=3.292969e+00 dt=2.343750e-03
elapsed=2.393035e+02 cycle=1481 time=3.295313e+00 dt=2.343750e-03
elapsed=2.394566e+02 cycle=1482 time=3.297656e+00 dt=2.343750e-03
elapsed=2.396165e+02 cycle=1483 time=3.300000e+00 dt=2.343750e-03
elapsed=2.397580e+02 cycle=1484 time=3.302344e+00 dt=2.343750e-03
elapsed=2.399116e+02 cycle=1485 time=3.304688e+00 dt=2.343750e-03
elapsed=2.402471e+02 cycle=1486 time=3.307031e+00 dt=2.343750e-03
elapsed=2.404369e+02 cycle=1487 time=3.309375e+00 dt=2.343750e-03
elapsed=2.405780e+02 cycle=1488 time=3.311719e+00 dt=2.343750e-03
elapsed=2.407542e+02 cycle=1489 time=3.314063e+00 dt=2.343750e-03
elapsed=2.408906e+02 cycle=1490 time=3.316406e+00 dt=2.343750e-03
elapsed=2.410882e+02 cycle=1491 time=3.318750e+00 dt=2.343750e-03
elapsed=2.412328e+02 cycle=1492 time=3.321094e+00 dt=2.343750e-03
elapsed=2.413677e+02 cycle=1493 time=3.323438e+00 dt=2.343750e-03
elapsed=2.415413e+02 cycle=1494 time=3.325781e+00 dt=2.343750e-03
elapsed=2.416762e+02 cycle=1495 time=3.328125e+00 dt=2.343750e-03
elapsed=2.418173e+02 cycle=1496 time=3.330469e+00 dt=2.343750e-03
elapsed=2.420232e+02 cycle=1497 time=3.332813e+00 dt=2.343750e-03
elapsed=2.421589e+02 cycle=1498 time=3.335156e+00 dt=2.343750e-03
elapsed=2.422940e+02 cycle=1499 time=3.337500e+00 dt=2.343750e-03
elapsed=2.424716e+02 cycle=1500 time=3.339844e+00 dt=2.343750e-03
elapsed=2.426068e+02 cycle=1501 time=3.342188e+00 dt=2.343750e-03
elapsed=2.427416e+02 cycle=1502 time=3.344531e+00 dt=2.343750e-03
elapsed=2.429325e+02 cycle=1503 time=3.346875e+00 dt=2.343750e-03
elapsed=2.430782e+02 cycle=1504 time=3.349219e+00 dt=2.343750e-03
elapsed=2.432191e+02 cycle=1505 time=3.351563e+00 dt=2.343750e-03
elapsed=2.433971e+02 cycle=1506 time=3.353906e+00 dt=2.343750e-03
elapsed=2.435319e+02 cycle=1507 time=3.356250e+00 dt=2.343750e-03
elapsed=2.436752e+02 cycle=1508 time=3.358594e+00 dt=2.343750e-03
elapsed=2.438605e+02 cycle=1509 time=3.360938e+00 dt=2.343750e-03
elapsed=2.439954e+02 cycle=1510 time=3.363281e+00 dt=2.343750e-03
elapsed=2.441321e+02 cycle=1511 time=3.365625e+00 dt=2.343750e-03
elapsed=2.443065e+02 cycle=1512 time=3.367969e+00 dt=2.343750e-03
elapsed=2.444422e+02 cycle=1513 time=3.370313e+00 dt=2.343750e-03
elapsed=2.445789e+02 cycle=1514 time=3.372656e+00 dt=2.343750e-03
elapsed=2.447597e+02 cycle=1515 time=3.375000e+00 dt=2.343750e-03
elapsed=2.449021e+02 cycle=1516 time=3.377344e+00 dt=2.343750e-03
elapsed=2.450392e+02 cycle=1517 time=3.379688e+00 dt=2.343750e-03
elapsed=2.452111e+02 cycle=1518 time=3.382031e+00 dt=2.343750e-03
elapsed=2.453466e+02 cycle=1519 time=3.384375e+00 dt=2.343750e-03
elapsed=2.454934e+02 cycle=1520 time=3.386719e+00 dt=2.343750e-03
elapsed=2.456881e+02 cycle=1521 time=3.389063e+00 dt=2.343750e-03
elapsed=2.458233e+02 cycle=1522 time=3.391406e+00 dt=2.343750e-03
elapsed=2.459748e+02 cycle=1523 time=3.393750e+00 dt=2.343750e-03
elapsed=2.461373e+02 cycle=1524 time=3.396094e+00 dt=2.343750e-03
elapsed=2.462729e+02 cycle=1525 time=3.398438e+00 dt=2.343750e-03
elapsed=2.464457e+02 cycle=1526 time=3.400781e+00 dt=2.343750e-03
elapsed=2.466221e+02 cycle=1527 time=3.403125e+00 dt=2.343750e-03
elapsed=2.467629e+02 cycle=1528 time=3.405469e+00 dt=2.343750e-03
elapsed=2.469399e+02 cycle=1529 time=3.407813e+00 dt=2.343750e-03
elapsed=2.470753e+02 cycle=1530 time=3.410156e+00 dt=2.343750e-03
elapsed=2.472128e+02 cycle=1531 time=3.412500e+00 dt=2.343750e-03
elapsed=2.474025e+02 cycle=1532 time=3.414844e+00 dt=2.343750e-03
elapsed=2.475382e+02 cycle=1533 time=3.417188e+00 dt=2.343750e-03
elapsed=2.476736e+02 cycle=1534 time=3.419531e+00 dt=2.343750e-03
elapsed=2.478602e+02 cycle=1535 time=3.421875e+00 dt=2.343750e-03
elapsed=2.483731e+02 cycle=1536 time=3.424219e+00 dt=2.343750e-03
elapsed=2.485110e+02 cycle=1537 time=3.426563e+00 dt=2.343750e-03
elapsed=2.486529e+02 cycle=1538 time=3.428906e+00 dt=2.343750e-03
elapsed=2.488287e+02 cycle=1539 time=3.431250e+00 dt=2.343750e-03
elapsed=2.489699e+02 cycle=1540 time=3.433594e+00 dt=2.343750e-03
elapsed=2.491221e+02 cycle=1541 time=3.435938e+00 dt=2.343750e-03
elapsed=2.493006e+02 cycle=1542 time=3.438281e+00 dt=2.343750e-03
elapsed=2.494356e+02 cycle=1543 time=3.440625e+00 dt=2.343750e-03
elapsed=2.495995e+02 cycle=1544 time=3.442969e+00 dt=2.343750e-03
elapsed=2.497542e+02 cycle=1545 time=3.445313e+00 dt=2.343750e-03
elapsed=2.498973e+02 cycle=1546 time=3.447656e+00 dt=2.343750e-03
elapsed=2.500947e+02 cycle=1547 time=3.450000e+00 dt=2.343750e-03
elapsed=2.502357e+02 cycle=1548 time=3.452344e+00 dt=2.343750e-03
elapsed=2.503711e+02 cycle=1549 time=3.454688e+00 dt=2.343750e-03
elapsed=2.505518e+02 cycle=1550 time=3.457031e+00 dt=2.343750e-03
elapsed=2.506865e+02 cycle=1551 time=3.459375e+00 dt=2.343750e-03
elapsed=2.508747e+02 cycle=1552 time=3.461719e+00 dt=2.343750e-03
elapsed=2.510097e+02 cycle=1553 time=3.464063e+00 dt=2.343750e-03
elapsed=2.511635e+02 cycle=1554 time=3.466406e+00 dt=2.343750e-03
elapsed=2.513253e+02 cycle=1555 time=3.468750e+00 dt=2.343750e-03
elapsed=2.514663e+02 cycle=1556 time=3.471094e+00 dt=2.343750e-03
elapsed=2.516285e+02 cycle=1557 time=3.473438e+00 dt=2.343750e-03
elapsed=2.517953e+02 cycle=1558 time=3.475781e+00 dt=2.343750e-03
elapsed=2.519310e+02 cycle=1559 time=3.478125e+00 dt=2.343750e-03
elapsed=2.521155e+02 cycle=1560 time=3.480469e+00 dt=2.343750e-03
elapsed=2.522540e+02 cycle=1561 time=3.482813e+00 dt=2.343750e-03
elapsed=2.523895e+02 cycle=1562 time=3.485156e+00 dt=2.343750e-03
elapsed=2.525648e+02 cycle=1563 time=3.487500e+00 dt=2.343750e-03
elapsed=2.527060e+02 cycle=1564 time=3.489844e+00 dt=2.343750e-03
elapsed=2.528421e+02 cycle=1565 time=3.492188e+00 dt=2.343750e-03
elapsed=2.530375e+02 cycle=1566 time=3.494531e+00 dt=2.343750e-03
elapsed=2.531734e+02 cycle=1567 time=3.496875e+00 dt=2.343750e-03
elapsed=2.533148e+02 cycle=1568 time=3.499219e+00 dt=2.343750e-03
elapsed=2.534903e+02 cycle=1569 time=3.501563e+00 dt=2.343750e-03
elapsed=2.536253e+02 cycle=1570 time=3.503906e+00 dt=2.343750e-03
elapsed=2.537602e+02 cycle=1571 time=3.506250e+00 dt=2.343750e-03
elapsed=2.539477e+02 cycle=1572 time=3.508594e+00 dt=2.343750e-03
elapsed=2.540839e+02 cycle=1573 time=3.510938e+00 dt=2.343750e-03
elapsed=2.542191e+02 cycle=1574 time=3.513281e+00 dt=2.343750e-03
elapsed=2.544056e+02 cycle=1575 time=3.515625e+00 dt=2.343750e-03
elapsed=2.545468e+02 cycle=1576 time=3.517969e+00 dt=2.343750e-03
elapsed=2.546851e+02 cycle=1577 time=3.520313e+00 dt=2.343750e-03
elapsed=2.548665e+02 cycle=1578 time=3.522656e+00 dt=2.343750e-03
elapsed=2.550012e+02 cycle=1579 time=3.525000e+00 dt=2.343750e-03
elapsed=2.551453e+02 cycle=1580 time=3.527344e+00 dt=2.343750e-03
elapsed=2.553212e+02 cycle=1581 time=3.529688e+00 dt=2.343750e-03
elapsed=2.554604e+02 cycle=1582 time=3.532031e+00 dt=2.343750e-03
elapsed=2.556316e+02 cycle=1583 time=3.534375e+00 dt=2.343750e-03
elapsed=2.558027e+02 cycle=1584 time=3.536719e+00 dt=2.343750e-03
elapsed=2.559381e+02 cycle=1585 time=3.539063e+00 dt=2.343750e-03
elapsed=2.560914e+02 cycle=1586 time=3.541406e+00 dt=2.343750e-03
elapsed=2.562522e+02 cycle=1587 time=3.543750e+00 dt=2.343750e-03
elapsed=2.563982e+02 cycle=1588 time=3.546094e+00 dt=2.343750e-03
elapsed=2.565996e+02 cycle=1589 time=3.548438e+00 dt=2.343750e-03
elapsed=2.567347e+02 cycle=1590 time=3.550781e+00 dt=2.343750e-03
elapsed=2.568702e+02 cycle=1591 time=3.553125e+00 dt=2.343750e-03
elapsed=2.570440e+02 cycle=1592 time=3.555469e+00 dt=2.343750e-03
elapsed=2.571823e+02 cycle=1593 time=3.557813e+00 dt=2.343750e-03
elapsed=2.573177e+02 cycle=1594 time=3.560156e+00 dt=2.343750e-03
elapsed=2.575246e+02 cycle=1595 time=3.562500e+00 dt=2.343750e-03
elapsed=2.576653e+02 cycle=1596 time=3.564844e+00 dt=2.343750e-03
elapsed=2.578008e+02 cycle=1597 time=3.567188e+00 dt=2.343750e-03
elapsed=2.579966e+02 cycle=1598 time=3.569531e+00 dt=2.343750e-03
elapsed=2.581324e+02 cycle=1599 time=3.571875e+00 dt=2.343750e-03
elapsed=2.582772e+02 cycle=1600 time=3.574219e+00 dt=2.343750e-03
elapsed=2.584655e+02 cycle=1601 time=3.576563e+00 dt=2.343750e-03
elapsed=2.586007e+02 cycle=1602 time=3.578906e+00 dt=2.343750e-03
elapsed=2.587377e+02 cycle=1603 time=3.581250e+00 dt=2.343750e-03
elapsed=2.589153e+02 cycle=1604 time=3.583594e+00 dt=2.343750e-03
elapsed=2.590508e+02 cycle=1605 time=3.585938e+00 dt=2.343750e-03
elapsed=2.591929e+02 cycle=1606 time=3.588281e+00 dt=2.343750e-03
elapsed=2.593764e+02 cycle=1607 time=3.590625e+00 dt=2.343750e-03
elapsed=2.595175e+02 cycle=1608 time=3.592969e+00 dt=2.343750e-03
elapsed=2.596716e+02 cycle=1609 time=3.595313e+00 dt=2.343750e-03
elapsed=2.598349e+02 cycle=1610 time=3.597656e+00 dt=2.343750e-03
elapsed=2.599703e+02 cycle=1611 time=3.600000e+00 dt=2.343750e-03
elapsed=2.601272e+02 cycle=1612 time=3.602344e+00 dt=2.343750e-03
elapsed=2.603060e+02 cycle=1613 time=3.604688e+00 dt=2.343750e-03
elapsed=2.604414e+02 cycle=1614 time=3.607031e+00 dt=2.343750e-03
elapsed=2.606212e+02 cycle=1615 time=3.609375e+00 dt=2.343750e-03
elapsed=2.607670e+02 cycle=1616 time=3.611719e+00 dt=2.343750e-03
elapsed=2.609036e+02 cycle=1617 time=3.614063e+00 dt=2.343750e-03
elapsed=2.610983e+02 cycle=1618 time=3.616406e+00 dt=2.343750e-03
elapsed=2.612356e+02 cycle=1619 time=3.618750e+00 dt=2.343750e-03
elapsed=2.613765e+02 cycle=1620 time=3.621094e+00 dt=2.343750e-03
elapsed=2.615590e+02 cycle=1621 time=3.623438e+00 dt=2.343750e-03
elapsed=2.616982e+02 cycle=1622 time=3.625781e+00 dt=2.343750e-03
elapsed=2.618349e+02 cycle=1623 time=3.628125e+00 dt=2.343750e-03
elapsed=2.620384e+02 cycle=1624 time=3.630469e+00 dt=2.343750e-03
elapsed=2.621743e+02 cycle=1625 time=3.632813e+00 dt=2.343750e-03
elapsed=2.623133e+02 cycle=1626 time=3.635156e+00 dt=2.343750e-03
elapsed=2.624974e+02 cycle=1627 time=3.637500e+00 dt=2.343750e-03
elapsed=2.626387e+02 cycle=1628 time=3.639844e+00 dt=2.343750e-03
elapsed=2.628058e+02 cycle=1629 time=3.642188e+00 dt=2.343750e-03
elapsed=2.629624e+02 cycle=1630 time=3.644531e+00 dt=2.343750e-03
elapsed=2.630977e+02 cycle=1631 time=3.646875e+00 dt=2.343750e-03
elapsed=2.632548e+02 cycle=1632 time=3.649219e+00 dt=2.343750e-03
elapsed=2.634132e+02 cycle=1633 time=3.651563e+00 dt=2.343750e-03
elapsed=2.635489e+02 cycle=1634 time=3.653906e+00 dt=2.343750e-03
elapsed=2.637072e+02 cycle=1635 time=3.656250e+00 dt=2.343750e-03
elapsed=2.638696e+02 cycle=1636 time=3.658594e+00 dt=2.343750e-03
elapsed=2.640054e+02 cycle=1637 time=3.660938e+00 dt=2.343750e-03
elapsed=2.641906e+02 cycle=1638 time=3.663281e+00 dt=2.343750e-03
elapsed=2.643408e+02 cycle=1639 time=3.665625e+00 dt=2.343750e-03
elapsed=2.644820e+02 cycle=1640 time=3.667969e+00 dt=2.343750e-03
elapsed=2.646520e+02 cycle=1641 time=3.670313e+00 dt=2.343750e-03
elapsed=2.647873e+02 cycle=1642 time=3.672656e+00 dt=2.343750e-03
elapsed=2.649226e+02 cycle=1643 time=3.675000e+00 dt=2.343750e-03
elapsed=2.651068e+02 cycle=1644 time=3.677344e+00 dt=2.343750e-03
elapsed=2.652439e+02 cycle=1645 time=3.679688e+00 dt=2.343750e-03
elapsed=2.653795e+02 cycle=1646 time=3.682031e+00 dt=2.343750e-03
elapsed=2.655639e+02 cycle=1647 time=3.684375e+00 dt=2.343750e-03
elapsed=2.657055e+02 cycle=1648 time=3.686719e+00 dt=2.343750e-03
elapsed=2.658984e+02 cycle=1649 time=3.689063e+00 dt=2.343750e-03
elapsed=2.660339e+02 cycle=1650 time=3.691406e+00 dt=2.343750e-03
elapsed=2.661695e+02 cycle=1651 time=3.693750e+00 dt=2.343750e-03
elapsed=2.663610e+02 cycle=1652 time=3.696094e+00 dt=2.343750e-03
elapsed=2.664999e+02 cycle=1653 time=3.698438e+00 dt=2.343750e-03
elapsed=2.666370e+02 cycle=1654 time=3.700781e+00 dt=2.343750e-03
elapsed=2.668191e+02 cycle=1655 time=3.703125e+00 dt=2.343750e-03
elapsed=2.669606e+02 cycle=1656 time=3.705469e+00 dt=2.343750e-03
elapsed=2.670979e+02 cycle=1657 time=3.707813e+00 dt=2.343750e-03
elapsed=2.672720e+02 cycle=1658 time=3.710156e+00 dt=2.343750e-03
elapsed=2.674069e+02 cycle=1659 time=3.712500e+00 dt=2.343750e-03
elapsed=2.675501e+02 cycle=1660 time=3.714844e+00 dt=2.343750e-03
elapsed=2.677253e+02 cycle=1661 time=3.717188e+00 dt=2.343750e-03
elapsed=2.678608e+02 cycle=1662 time=3.719531e+00 dt=2.343750e-03
elapsed=2.680243e+02 cycle=1663 time=3.721875e+00 dt=2.343750e-03
elapsed=2.682077e+02 cycle=1664 time=3.724219e+00 dt=2.343750e-03
elapsed=2.683487e+02 cycle=1665 time=3.726563e+00 dt=2.343750e-03
elapsed=2.685251e+02 cycle=1666 time=3.728906e+00 dt=2.343750e-03
elapsed=2.686712e+02 cycle=1667 time=3.731250e+00 dt=2.343750e-03
elapsed=2.688127e+02 cycle=1668 time=3.733594e+00 dt=2.343750e-03
elapsed=2.690035e+02 cycle=1669 time=3.735938e+00 dt=2.343750e-03
elapsed=2.691432e+02 cycle=1670 time=3.738281e+00 dt=2.343750e-03
elapsed=2.692797e+02 cycle=1671 time=3.740625e+00 dt=2.343750e-03
elapsed=2.694721e+02 cycle=1672 time=3.742969e+00 dt=2.343750e-03
elapsed=2.696078e+02 cycle=1673 time=3.745313e+00 dt=2.343750e-03
elapsed=2.697457e+02 cycle=1674 time=3.747656e+00 dt=2.343750e-03
elapsed=2.699363e+02 cycle=1675 time=3.750000e+00 dt=2.343750e-03
elapsed=2.700771e+02 cycle=1676 time=3.752344e+00 dt=2.343750e-03
elapsed=2.702147e+02 cycle=1677 time=3.754688e+00 dt=2.343750e-03
elapsed=2.703974e+02 cycle=1678 time=3.757031e+00 dt=2.343750e-03
elapsed=2.705338e+02 cycle=1679 time=3.759375e+00 dt=2.343750e-03
elapsed=2.706929e+02 cycle=1680 time=3.761719e+00 dt=2.343750e-03
elapsed=2.708524e+02 cycle=1681 time=3.764063e+00 dt=2.343750e-03
elapsed=2.709876e+02 cycle=1682 time=3.766406e+00 dt=2.343750e-03
elapsed=2.711482e+02 cycle=1683 time=3.768750e+00 dt=2.343750e-03
elapsed=2.713212e+02 cycle=1684 time=3.771094e+00 dt=2.343750e-03
elapsed=2.714568e+02 cycle=1685 time=3.773438e+00 dt=2.343750e-03
elapsed=2.716367e+02 cycle=1686 time=3.775781e+00 dt=2.343750e-03
elapsed=2.717874e+02 cycle=1687 time=3.778125e+00 dt=2.343750e-03
elapsed=2.719290e+02 cycle=1688 time=3.780469e+00 dt=2.343750e-03
elapsed=2.721119e+02 cycle=1689 time=3.782813e+00 dt=2.343750e-03
elapsed=2.722474e+02 cycle=1690 time=3.785156e+00 dt=2.343750e-03
elapsed=2.723824e+02 cycle=1691 time=3.787500e+00 dt=2.343750e-03
elapsed=2.725751e+02 cycle=1692 time=3.789844e+00 dt=2.343750e-03
elapsed=2.727117e+02 cycle=1693 time=3.792188e+00 dt=2.343750e-03
elapsed=2.728483e+02 cycle=1694 time=3.794531e+00 dt=2.343750e-03
elapsed=2.730398e+02 cycle=1695 time=3.796875e+00 dt=2.343750e-03
elapsed=2.731843e+02 cycle=1696 time=3.799219e+00 dt=2.343750e-03
elapsed=2.733207e+02 cycle=1697 time=3.801563e+00 dt=2.343750e-03
elapsed=2.735038e+02 cycle=1698 time=3.803906e+00 dt=2.343750e-03
elapsed=2.736389e+02 cycle=1699 time=3.806250e+00 dt=2.343750e-03
elapsed=2.737820e+02 cycle=1700 time=3.808594e+00 dt=2.343750e-03
elapsed=2.739681e+02 cycle=1701 time=3.810938e+00 dt=2.343750e-03
elapsed=2.741039e+02 cycle=1702 time=3.813281e+00 dt=2.343750e-03
elapsed=2.742464e+02 cycle=1703 time=3.815625e+00 dt=2.343750e-03
elapsed=2.744283e+02 cycle=1704 time=3.817969e+00 dt=2.343750e-03
elapsed=2.745632e+02 cycle=1705 time=3.820313e+00 dt=2.343750e-03
elapsed=2.747202e+02 cycle=1706 time=3.822656e+00 dt=2.343750e-03
elapsed=2.748795e+02 cycle=1707 time=3.825000e+00 dt=2.343750e-03
elapsed=2.750202e+02 cycle=1708 time=3.827344e+00 dt=2.343750e-03
elapsed=2.751987e+02 cycle=1709 time=3.829688e+00 dt=2.343750e-03
elapsed=2.753483e+02 cycle=1710 time=3.832031e+00 dt=2.343750e-03
elapsed=2.754832e+02 cycle=1711 time=3.834375e+00 dt=2.343750e-03
elapsed=2.756662e+02 cycle=1712 time=3.836719e+00 dt=2.343750e-03
elapsed=2.758030e+02 cycle=1713 time=3.839063e+00 dt=2.343750e-03
elapsed=2.760458e+02 cycle=1714 time=3.841406e+00 dt=2.343750e-03
elapsed=2.761810e+02 cycle=1715 time=3.843750e+00 dt=2.343750e-03
elapsed=2.763431e+02 cycle=1716 time=3.846094e+00 dt=2.343750e-03
elapsed=2.765312e+02 cycle=1717 time=3.848438e+00 dt=2.343750e-03
elapsed=2.766663e+02 cycle=1718 time=3.850781e+00 dt=2.343750e-03
elapsed=2.768166e+02 cycle=1719 time=3.853125e+00 dt=2.343750e-03
elapsed=2.769801e+02 cycle=1720 time=3.855469e+00 dt=2.343750e-03
elapsed=2.771161e+02 cycle=1721 time=3.857813e+00 dt=2.343750e-03
elapsed=2.772794e+02 cycle=1722 time=3.860156e+00 dt=2.343750e-03
elapsed=2.774353e+02 cycle=1723 time=3.862500e+00 dt=2.343750e-03
elapsed=2.775764e+02 cycle=1724 time=3.864844e+00 dt=2.343750e-03
elapsed=2.777532e+02 cycle=1725 time=3.867188e+00 dt=2.343750e-03
elapsed=2.778993e+02 cycle=1726 time=3.869531e+00 dt=2.343750e-03
elapsed=2.780375e+02 cycle=1727 time=3.871875e+00 dt=2.343750e-03
elapsed=2.782548e+02 cycle=1728 time=3.874219e+00 dt=2.343750e-03
elapsed=2.783920e+02 cycle=1729 time=3.876563e+00 dt=2.343750e-03
elapsed=2.785273e+02 cycle=1730 time=3.878906e+00 dt=2.343750e-03
elapsed=2.787062e+02 cycle=1731 time=3.881250e+00 dt=2.343750e-03
elapsed=2.788481e+02 cycle=1732 time=3.883594e+00 dt=2.343750e-03
elapsed=2.789886e+02 cycle=1733 time=3.885938e+00 dt=2.343750e-03
elapsed=2.791770e+02 cycle=1734 time=3.888281e+00 dt=2.343750e-03
elapsed=2.793135e+02 cycle=1735 time=3.890625e+00 dt=2.343750e-03
elapsed=2.794560e+02 cycle=1736 time=3.892969e+00 dt=2.343750e-03
elapsed=2.796347e+02 cycle=1737 time=3.895313e+00 dt=2.343750e-03
elapsed=2.797707e+02 cycle=1738 time=3.897656e+00 dt=2.343750e-03
elapsed=2.799572e+02 cycle=1739 time=3.900000e+00 dt=2.343750e-03
elapsed=2.801332e+02 cycle=1740 time=3.902344e+00 dt=2.343750e-03
elapsed=2.802685e+02 cycle=1741 time=3.904688e+00 dt=2.343750e-03
elapsed=2.804197e+02 cycle=1742 time=3.907031e+00 dt=2.343750e-03
elapsed=2.805755e+02 cycle=1743 time=3.909375e+00 dt=2.343750e-03
elapsed=2.807163e+02 cycle=1744 time=3.911719e+00 dt=2.343750e-03
elapsed=2.809055e+02 cycle=1745 time=3.914063e+00 dt=2.343750e-03
elapsed=2.810437e+02 cycle=1746 time=3.916406e+00 dt=2.343750e-03
elapsed=2.811790e+02 cycle=1747 time=3.918750e+00 dt=2.343750e-03
elapsed=2.813690e+02 cycle=1748 time=3.921094e+00 dt=2.343750e-03
elapsed=2.815046e+02 cycle=1749 time=3.923438e+00 dt=2.343750e-03
elapsed=2.816393e+02 cycle=1750 time=3.925781e+00 dt=2.343750e-03
elapsed=2.818392e+02 cycle=1751 time=3.928125e+00 dt=2.343750e-03
elapsed=2.819803e+02 cycle=1752 time=3.930469e+00 dt=2.343750e-03
elapsed=2.821185e+02 cycle=1753 time=3.932813e+00 dt=2.343750e-03
elapsed=2.823081e+02 cycle=1754 time=3.935156e+00 dt=2.343750e-03
elapsed=2.824429e+02 cycle=1755 time=3.937500e+00 dt=2.343750e-03
elapsed=2.826015e+02 cycle=1756 time=3.939844e+00 dt=2.343750e-03
elapsed=2.827681e+02 cycle=1757 time=3.942188e+00 dt=2.343750e-03
elapsed=2.829068e+02 cycle=1758 time=3.944531e+00 dt=2.343750e-03
elapsed=2.830645e+02 cycle=1759 time=3.946875e+00 dt=2.343750e-03
elapsed=2.832295e+02 cycle=1760 time=3.949219e+00 dt=2.343750e-03
elapsed=2.833651e+02 cycle=1761 time=3.951563e+00 dt=2.343750e-03
elapsed=2.835280e+02 cycle=1762 time=3.953906e+00 dt=2.343750e-03
elapsed=2.836803e+02 cycle=1763 time=3.956250e+00 dt=2.343750e-03
elapsed=2.838228e+02 cycle=1764 time=3.958594e+00 dt=2.343750e-03
elapsed=2.840116e+02 cycle=1765 time=3.960938e+00 dt=2.343750e-03
elapsed=2.841474e+02 cycle=1766 time=3.963281e+00 dt=2.343750e-03
elapsed=2.842826e+02 cycle=1767 time=3.965625e+00 dt=2.343750e-03
elapsed=2.844561e+02 cycle=1768 time=3.967969e+00 dt=2.343750e-03
elapsed=2.845913e+02 cycle=1769 time=3.970313e+00 dt=2.343750e-03
BOUNDARY_Z4C_CHI_PROLONGATION cycle=1769 transfer=high_order local_fallback_groups=4 global_fallback_groups=4 global_high_order_groups=2540 invalid_parent_stencils=0 invalid_limited_groups=0
BOUNDARY_Z4C_CHI_PROLONGATION cycle=1769 transfer=high_order local_fallback_groups=20 global_fallback_groups=20 global_high_order_groups=2524 invalid_parent_stencils=0 invalid_limited_groups=0
elapsed=2.847262e+02 cycle=1770 time=3.972656e+00 dt=2.343750e-03
### FATAL ERROR: chi parent provenance diagnostic: pre-update chi candidate is nonpositive or nonfinite; exact audit complete
Kokkos::Cuda ERROR: Failed to call Kokkos::Cuda::finalize()
srun: error: nid001017: task 0: Exited with exit code 1
srun: Terminating StepId=57251896.0
